Iter,TotTime,m_block,Alpha,Theta0,Theta_fin,V_theta_fin,V_block_fin,Wind_x,Wind_y,Vkitex,Vkitez,Vrelx,Vrelz,F_vinc,Tension,Lift,Drag,Stability
30826, 3.08, 40.00, -8.00, 0.00, 0.00, 0.00, 0.00, 1.00, 0.00, 0.00, 0.00, -1.00, 0.00, 392.40, 176.88, -169.93, 5.66, 0
19402, 1.94, 40.00, -8.00, 0.00, 0.00, 0.00, 0.00, 3.00, 0.00, 0.00, 0.00, -3.00, 0.00, 392.40, 211.24, -204.89, 6.83, 0
13172, 1.32, 40.00, -8.00, 0.00, 0.00, 0.00, 0.00, 5.00, 0.00, 0.00, 0.00, -5.00, 0.00, 392.39, 232.70, -229.07, 7.64, 0
9371, 0.94, 40.00, -8.00, 0.00, 0.00, 0.00, 0.00, 7.00, 0.00, 0.00, 0.00, -7.00, 0.00, 392.39, 251.11, -252.22, 8.41, 0
6945, 0.69, 40.00, -8.00, 0.00, 0.00, 0.00, 0.00, 9.00, 0.00, 0.00, 0.00, -9.00, 0.00, 392.39, 268.14, -276.07, 9.20, 0
5327, 0.53, 40.00, -8.00, 0.00, 0.00, 0.00, 0.00, 11.00, 0.00, 0.00, 0.00, -11.00, 0.00, 392.39, 284.65, -301.56, 10.05, 0
4202, 0.42, 40.00, -8.00, 0.00, 0.00, 0.00, 0.00, 13.00, 0.00, 0.00, 0.00, -13.00, 0.00, 392.39, 300.91, -329.07, 10.97, 0
3391, 0.34, 40.00, -8.00, 0.00, 0.00, 0.00, 0.00, 15.00, 0.00, 0.00, 0.00, -15.00, 0.00, 392.39, 316.98, -358.77, 11.96, 0
2790, 0.28, 40.00, -8.00, 0.00, 0.00, 0.00, 0.00, 17.00, 0.00, 0.00, 0.00, -17.00, 0.00, 392.39, 333.80, -391.69, 13.06, 0
2332, 0.23, 40.00, -8.00, 0.00, 0.00, 0.00, 0.00, 19.00, 0.00, 0.00, 0.00, -19.00, 0.00, 392.39, 350.66, -427.25, 14.24, 0
1976, 0.20, 40.00, -8.00, 0.00, 0.00, 0.00, 0.00, 21.00, 0.00, 0.00, 0.00, -21.00, 0.00, 392.39, 368.12, -466.09, 15.54, 0
1694, 0.17, 40.00, -8.00, 0.00, 0.00, 0.00, 0.00, 23.00, 0.00, 0.00, 0.00, -23.00, 0.00, 392.39, 385.95, -508.08, 16.94, 0
1467, 0.15, 40.00, -8.00, 0.00, 0.00, 0.00, 0.00, 25.00, 0.00, 0.00, 0.00, -25.00, 0.00, 392.39, 404.14, -553.32, 18.44, 0
1282, 0.13, 40.00, -8.00, 0.00, 0.00, 0.00, 0.00, 27.00, 0.00, 0.00, 0.00, -27.00, 0.00, 392.39, 422.98, -602.13, 20.07, 0
1129, 0.11, 40.00, -8.00, 0.00, 0.00, 0.00, 0.00, 29.00, 0.00, 0.00, 0.00, -29.00, 0.00, 392.38, 441.96, -654.16, 21.81, 0
1002, 0.10, 40.00, -8.00, 0.00, 0.00, 0.00, 0.00, 31.00, 0.00, 0.00, 0.00, -31.00, 0.00, 392.39, 462.32, -710.50, 23.68, 0
894, 0.09, 40.00, -8.00, 0.00, 0.00, 0.00, 0.00, 33.00, 0.00, 0.00, 0.00, -33.00, 0.00, 392.38, 481.56, -769.08, 25.64, 0
803, 0.08, 40.00, -8.00, 0.00, 0.00, 0.00, 0.00, 35.00, 0.00, 0.00, 0.00, -35.00, 0.00, 392.39, 502.60, -832.43, 27.75, 0
725, 0.07, 40.00, -8.00, 0.00, 0.00, 0.00, 0.00, 37.00, 0.00, 0.00, 0.00, -37.00, 0.00, 392.39, 523.98, -899.34, 29.98, 0
657, 0.07, 40.00, -8.00, 0.00, 0.00, 0.00, 0.00, 39.00, 0.00, 0.00, 0.00, -39.00, 0.00, 392.38, 544.14, -968.56, 32.29, 0
599, 0.06, 40.00, -8.00, 0.00, 0.00, 0.00, 0.00, 41.00, 0.00, 0.00, 0.00, -41.00, 0.00, 392.40, 567.26, -1043.50, 34.78, 0
38905, 3.89, 40.00, -6.00, 0.00, 0.00, 0.00, 0.00, 1.00, 0.00, 0.00, 0.00, -1.00, 0.00, 392.40, 59.38, -52.36, 5.24, 0
30401, 3.04, 40.00, -6.00, 0.00, 0.00, 0.00, 0.00, 3.00, 0.00, 0.00, 0.00, -3.00, 0.00, 392.40, 66.64, -58.91, 5.89, 0
24150, 2.42, 40.00, -6.00, 0.00, 0.00, 0.00, 0.00, 5.00, 0.00, 0.00, 0.00, -5.00, 0.00, 392.40, 72.51, -64.90, 6.49, 0
19292, 1.93, 40.00, -6.00, 0.00, 0.00, 0.00, 0.00, 7.00, 0.00, 0.00, 0.00, -7.00, 0.00, 392.40, 78.50, -71.66, 7.17, 0
15533, 1.55, 40.00, -6.00, 0.00, 0.00, 0.00, 0.00, 9.00, 0.00, 0.00, 0.00, -9.00, 0.00, 392.40, 84.92, -79.48, 7.95, 0
12643, 1.26, 40.00, -6.00, 0.00, 0.00, 0.00, 0.00, 11.00, 0.00, 0.00, 0.00, -11.00, 0.00, 392.40, 91.74, -88.38, 8.84, 0
10416, 1.04, 40.00, -6.00, 0.00, 0.00, 0.00, 0.00, 13.00, 0.00, 0.00, 0.00, -13.00, 0.00, 392.40, 98.86, -98.28, 9.83, 0
8684, 0.87, 40.00, -6.00, 0.00, 0.00, 0.00, 0.00, 15.00, 0.00, 0.00, 0.00, -15.00, 0.00, 392.40, 106.10, -109.08, 10.91, 0
7324, 0.73, 40.00, -6.00, 0.00, 0.00, 0.00, 0.00, 17.00, 0.00, 0.00, 0.00, -17.00, 0.00, 392.40, 113.56, -120.87, 12.09, 0
6242, 0.62, 40.00, -6.00, 0.00, 0.00, 0.00, 0.00, 19.00, 0.00, 0.00, 0.00, -19.00, 0.00, 392.40, 121.11, -133.60, 13.36, 0
5372, 0.54, 40.00, -6.00, 0.00, 0.00, 0.00, 0.00, 21.00, 0.00, 0.00, 0.00, -21.00, 0.00, 392.40, 128.87, -147.37, 14.74, 0
4663, 0.47, 40.00, -6.00, 0.00, 0.00, 0.00, 0.00, 23.00, 0.00, 0.00, 0.00, -23.00, 0.00, 392.39, 136.68, -162.08, 16.21, 0
4081, 0.41, 40.00, -6.00, 0.00, 0.00, 0.00, 0.00, 25.00, 0.00, 0.00, 0.00, -25.00, 0.00, 392.40, 144.78, -177.96, 17.80, 0
3597, 0.36, 40.00, -6.00, 0.00, 0.00, 0.00, 0.00, 27.00, 0.00, 0.00, 0.00, -27.00, 0.00, 392.40, 152.97, -194.86, 19.49, 0
3191, 0.32, 40.00, -6.00, 0.00, 0.00, 0.00, 0.00, 29.00, 0.00, 0.00, 0.00, -29.00, 0.00, 392.40, 161.18, -212.83, 21.28, 0
2848, 0.28, 40.00, -6.00, 0.00, 0.00, 0.00, 0.00, 31.00, 0.00, 0.00, 0.00, -31.00, 0.00, 392.40, 169.47, -231.93, 23.19, 0
2556, 0.26, 40.00, -6.00, 0.00, 0.00, 0.00, 0.00, 33.00, 0.00, 0.00, 0.00, -33.00, 0.00, 392.40, 177.96, -252.19, 25.22, 0
2305, 0.23, 40.00, -6.00, 0.00, 0.00, 0.00, 0.00, 35.00, 0.00, 0.00, 0.00, -35.00, 0.00, 392.39, 186.50, -273.51, 27.35, 0
2089, 0.21, 40.00, -6.00, 0.00, 0.00, 0.00, 0.00, 37.00, 0.00, 0.00, 0.00, -37.00, 0.00, 392.40, 195.38, -296.13, 29.61, 0
1901, 0.19, 40.00, -6.00, 0.00, 0.00, 0.00, 0.00, 39.00, 0.00, 0.00, 0.00, -39.00, 0.00, 392.40, 204.35, -319.84, 31.98, 0
1736, 0.17, 40.00, -6.00, 0.00, 0.00, 0.00, 0.00, 41.00, 0.00, 0.00, 0.00, -41.00, 0.00, 392.39, 213.25, -344.57, 34.46, 0
73823, 7.38, 40.00, -4.00, 0.00, 0.00, 0.00, 0.00, 1.00, 0.00, 0.00, 0.00, -1.00, 0.00, 392.40, -66.42, 76.54, 1.53, 0
72342, 7.23, 40.00, -4.00, 0.00, 0.00, 0.00, 0.00, 3.00, 0.00, 0.00, 0.00, -3.00, 0.00, 392.40, 57.79, 52.03, 1.04, 0
62202, 6.22, 40.00, -4.00, 0.00, 0.00, 0.00, 0.00, 5.00, 0.00, 0.00, 0.00, -5.00, 0.00, 392.40, 26.33, 25.66, 0.51, 0
53579, 5.36, 40.00, -4.00, 0.00, 0.00, 0.00, 0.00, 7.00, 0.00, 0.00, 0.00, -7.00, 0.00, 392.40, 13.73, 17.01, 0.34, 0
2000000, 200.00, 40.00, -4.00, 0.00, 1.96, 0.00, -0.00, 9.00, 0.00, 2.30, 0.93, -6.70, 0.93, 395.15, -2.97, 7.01, 0.14, 0
2000000, 200.00, 40.00, -4.00, 0.00, 2.15, 0.00, 0.00, 11.00, 0.00, -5.11, -3.36, -16.11, -3.36, 366.64, 30.82, 41.47, 0.83, 1
2000000, 200.00, 40.00, -4.00, 0.00, 1.52, 0.00, -0.00, 13.00, 0.00, -5.47, 0.30, -18.47, 0.30, 349.39, 43.07, 52.27, 1.05, 1
2000000, 200.00, 40.00, -4.00, 0.00, 1.51, 0.00, -0.00, 15.00, 0.00, 1.08, -0.07, -13.92, -0.07, 372.57, 19.88, 29.67, 0.59, 1
2000000, 200.00, 40.00, -4.00, 0.00, 1.53, 0.00, -0.00, 17.00, 0.00, -0.45, 0.02, -17.45, 0.02, 355.61, 36.82, 46.62, 0.93, 1
2000000, 200.00, 40.00, -4.00, 0.00, 1.54, 0.00, 0.00, 19.00, 0.00, -0.23, 0.01, -19.23, 0.01, 345.60, 46.83, 56.62, 1.13, 1
2000000, 200.00, 40.00, -4.00, 0.00, 1.54, 0.00, -0.00, 21.00, 0.00, 0.01, -0.00, -20.99, -0.00, 334.76, 57.67, 67.46, 1.35, 1
2000000, 200.00, 40.00, -4.00, 0.00, 1.55, 0.00, 0.00, 23.00, 0.00, 0.09, -0.00, -22.91, -0.00, 321.87, 70.55, 80.34, 1.61, 1
2000000, 200.00, 40.00, -4.00, 0.00, 1.55, 0.00, 0.00, 25.00, 0.00, 0.02, -0.00, -24.98, -0.00, 306.67, 85.75, 95.54, 1.91, 1
2000000, 200.00, 40.00, -4.00, 0.00, 1.55, 0.00, 0.00, 27.00, 0.00, -0.03, -0.00, -27.03, -0.00, 290.35, 102.07, 111.86, 2.24, 1
2000000, 200.00, 40.00, -4.00, 0.00, 1.55, 0.00, 0.00, 29.00, 0.00, 0.00, -0.00, -29.00, -0.00, 273.45, 118.97, 128.76, 2.58, 1
2000000, 200.00, 40.00, -4.00, 0.00, 1.55, 0.00, -0.00, 31.00, 0.00, 0.01, -0.00, -30.99, -0.00, 255.12, 137.31, 147.09, 2.94, 1
2000000, 200.00, 40.00, -4.00, 0.00, 1.55, 0.00, -0.00, 33.00, 0.00, -0.00, -0.00, -33.00, -0.00, 235.41, 157.02, 166.80, 3.34, 1
2000000, 200.00, 40.00, -4.00, 0.00, 1.55, 0.00, 0.00, 35.00, 0.00, 0.00, -0.00, -35.00, -0.00, 214.65, 177.79, 187.56, 3.75, 1
2000000, 200.00, 40.00, -4.00, 0.00, 1.55, 0.00, -0.00, 37.00, 0.00, 0.00, -0.00, -37.00, -0.00, 192.58, 199.86, 209.63, 4.19, 1
2000000, 200.00, 40.00, -4.00, 0.00, 1.55, 0.00, 0.00, 39.00, 0.00, -0.00, -0.00, -39.00, -0.00, 169.30, 223.15, 232.91, 4.66, 1
2000000, 200.00, 40.00, -4.00, 0.00, 1.55, 0.00, 0.00, 41.00, 0.00, 0.00, -0.00, -41.00, -0.00, 144.81, 247.64, 257.40, 5.15, 1
48623, 4.86, 40.00, -2.00, 0.00, 0.00, 0.00, 0.00, 1.00, 0.00, 0.00, 0.00, -1.00, 0.00, 392.40, -75.46, 78.49, 1.96, 0
77339, 7.73, 40.00, -2.00, 0.00, 0.00, 0.00, 0.00, 3.00, 0.00, 0.00, 0.00, -3.00, 0.00, 392.40, -13.53, 17.18, 0.43, 0
2000000, 200.00, 40.00, -2.00, 0.00, 0.97, 0.00, 2.56, 5.00, 0.00, -20.44, 15.60, -25.44, 15.60, -61.79, 548.90, 545.50, 13.64, 1
2000000, 200.00, 40.00, -2.00, 0.00, 1.53, 0.00, -0.00, 7.00, 0.00, 0.09, -0.00, -6.91, -0.00, 372.97, 19.44, 29.24, 0.73, 1
2000000, 200.00, 40.00, -2.00, 0.00, 1.54, 0.00, 0.00, 9.00, 0.00, 0.00, -0.00, -9.00, -0.00, 352.60, 39.82, 49.61, 1.24, 1
2000000, 200.00, 40.00, -2.00, 0.00, 1.54, 0.00, 0.00, 11.00, 0.00, -0.00, -0.00, -11.00, -0.00, 328.10, 64.33, 74.11, 1.85, 1
2000000, 200.00, 40.00, -2.00, 0.00, 1.54, 0.00, -0.00, 13.00, 0.00, -0.00, -0.00, -13.00, -0.00, 298.70, 93.74, 103.51, 2.59, 1
2000000, 200.00, 40.00, -2.00, 0.00, 1.54, 0.00, 0.00, 15.00, 0.00, -0.00, -0.00, -15.00, -0.00, 264.40, 128.05, 137.81, 3.45, 1
2000000, 200.00, 40.00, -2.00, 0.00, 1.54, 0.00, 0.00, 17.00, 0.00, -0.00, -0.00, -17.00, -0.00, 225.20, 167.26, 177.01, 4.43, 1
2000000, 200.00, 40.00, -2.00, 0.00, 1.54, 0.00, -0.00, 19.00, 0.00, -0.00, -0.00, -19.00, -0.00, 181.10, 211.38, 221.11, 5.53, 1
2000000, 200.00, 40.00, -2.00, 0.00, 1.54, 0.00, 0.00, 21.00, 0.00, -0.00, -0.00, -21.00, -0.00, 132.10, 260.39, 270.11, 6.75, 1
2000000, 200.00, 40.00, -2.00, 0.00, 1.55, 0.00, -0.00, 23.00, 0.00, -0.00, -0.00, -23.00, -0.00, 78.20, 314.31, 324.01, 8.10, 1
2000000, 200.00, 40.00, -2.00, 0.00, 1.55, 0.00, 0.14, 25.00, 0.00, 0.13, -0.00, -24.87, -0.00, 23.42, 369.10, 378.79, 9.47, 1
2000000, 200.00, 40.00, -2.00, 0.00, 1.55, 0.00, 0.00, 27.00, 0.00, -0.00, -0.00, -27.00, -0.00, -44.30, 436.85, 446.51, 11.16, 1
2000000, 200.00, 40.00, -2.00, 0.00, 1.55, 0.00, -0.00, 29.00, 0.00, -0.00, -0.00, -29.00, -0.00, -112.90, 505.47, 515.11, 12.88, 1
2000000, 200.00, 40.00, -2.00, 0.00, 1.55, 0.00, -0.00, 31.00, 0.00, -0.00, -0.00, -31.00, -0.00, -186.40, 578.99, 588.61, 14.72, 1
2000000, 200.00, 40.00, -2.00, 0.00, 1.55, 0.00, 0.00, 33.00, 0.00, -0.00, -0.00, -33.00, -0.00, -264.80, 657.42, 667.01, 16.68, 1
2000000, 200.00, 40.00, -2.00, 0.00, 1.55, 0.00, -0.00, 35.00, 0.00, -0.00, -0.00, -35.00, -0.00, -348.10, 740.74, 750.31, 18.76, 1
2000000, 200.00, 40.00, -2.00, 0.00, 1.55, 0.00, 0.00, 37.00, 0.00, -0.00, -0.00, -37.00, -0.00, -436.30, 828.97, 838.51, 20.96, 1
2000000, 200.00, 40.00, -2.00, 0.00, 1.55, 0.00, -0.00, 39.00, 0.00, -0.00, -0.00, -39.00, -0.00, -529.40, 922.10, 931.61, 23.29, 1
2000000, 200.00, 40.00, -2.00, 0.00, 1.55, 0.00, -0.00, 41.00, 0.00, -0.00, -0.00, -41.00, -0.00, -627.40, 1020.13, 1029.61, 25.74, 1
32054, 3.21, 40.00, 0.00, 0.00, 0.00, 0.00, 0.00, 1.00, 0.00, 0.00, 0.00, -1.00, 0.00, 392.40, -54.37, 56.16, 1.60, 0
124745, 12.47, 40.00, 0.00, 0.00, 0.00, 0.00, 0.00, 3.00, 0.00, 0.00, 0.00, -3.00, 0.00, 392.40, -1.42, 9.95, 0.28, 1
2000000, 200.00, 40.00, 0.00, 0.00, 1.53, 0.00, 0.00, 5.00, 0.00, 0.00, -0.00, -5.00, -0.00, 375.44, 16.98, 26.77, 0.76, 1
2000000, 200.00, 40.00, 0.00, 0.00, 1.54, 0.00, -0.00, 7.00, 0.00, -0.00, -0.00, -7.00, -0.00, 349.69, 42.74, 52.52, 1.50, 1
2000000, 200.00, 40.00, 0.00, 0.00, 1.54, 0.00, -0.00, 9.00, 0.00, -0.00, -0.00, -9.00, -0.00, 315.39, 77.05, 86.82, 2.48, 1
2000000, 200.00, 40.00, 0.00, 0.00, 1.54, 0.00, -0.00, 11.00, 0.00, -0.00, -0.00, -11.00, -0.00, 272.51, 119.94, 129.70, 3.71, 1
2000000, 200.00, 40.00, 0.00, 0.00, 1.54, 0.00, 0.00, 13.00, 0.00, -0.00, -0.00, -13.00, -0.00, 221.06, 171.42, 181.15, 5.18, 1
2000000, 200.00, 40.00, 0.00, 0.00, 1.54, 0.00, -0.00, 15.00, 0.00, -0.00, -0.00, -15.00, -0.00, 161.04, 231.47, 241.17, 6.89, 1
2000000, 200.00, 40.00, 0.00, 0.00, 1.54, 0.00, 0.00, 17.00, 0.00, -0.00, -0.00, -17.00, -0.00, 92.44, 300.09, 309.77, 8.85, 1
2000000, 200.00, 40.00, 0.00, 0.00, 1.54, 0.00, 0.28, 19.00, 0.00, 0.28, -0.00, -18.72, -0.00, 26.76, 365.79, 375.45, 10.73, 1
2000000, 200.00, 40.00, 0.00, 0.00, 1.54, 0.00, -0.00, 21.00, 0.00, -0.00, -0.00, -21.00, -0.00, -70.49, 463.09, 472.70, 13.51, 1
2000000, 200.00, 40.00, 0.00, 0.00, 1.54, 0.00, 0.00, 23.00, 0.00, -0.00, -0.00, -23.00, -0.00, -164.81, 557.45, 567.02, 16.20, 1
2000000, 200.00, 40.00, 0.00, 0.00, 1.54, 0.00, 0.00, 25.00, 0.00, -0.00, -0.00, -25.00, -0.00, -267.71, 660.39, 669.92, 19.14, 1
2000000, 200.00, 40.00, 0.00, 0.00, 1.54, 0.00, 0.00, 27.00, 0.00, -0.00, -0.00, -27.00, -0.00, -379.19, 771.91, 781.40, 22.33, 1
2000000, 200.00, 40.00, 0.00, 0.00, 1.54, 0.00, 0.00, 29.00, 0.00, -0.00, -0.00, -29.00, -0.00, -499.24, 892.01, 901.45, 25.76, 1
2000000, 200.00, 40.00, 0.00, 0.00, 1.54, 0.00, -0.00, 31.00, 0.00, -0.00, -0.00, -31.00, -0.00, -627.86, 1020.69, 1030.07, 29.43, 1
2000000, 200.00, 40.00, 0.00, 0.00, 1.54, 0.00, -0.00, 33.00, 0.00, -0.00, -0.00, -33.00, -0.00, -765.06, 1157.94, 1167.27, 33.35, 1
2000000, 200.00, 40.00, 0.00, 0.00, 1.54, 0.00, -0.00, 35.00, 0.00, -0.00, -0.00, -35.00, -0.00, -910.84, 1303.78, 1313.05, 37.52, 1
2000000, 200.00, 40.00, 0.00, 0.00, 1.54, 0.00, 0.00, 37.00, 0.00, -0.00, -0.00, -37.00, -0.00, -1065.19, 1458.19, 1467.40, 41.93, 1
2000000, 200.00, 40.00, 0.00, 0.00, 1.54, 0.00, -0.00, 39.00, 0.00, -0.00, -0.00, -39.00, -0.00, -1228.11, 1621.18, 1630.32, 46.58, 1
2000000, 200.00, 40.00, 0.00, 0.00, 1.54, 0.00, -0.00, 41.00, 0.00, -0.00, -0.00, -41.00, -0.00, -1399.61, 1792.75, 1801.82, 51.48, 1
28031, 2.80, 40.00, 2.00, 0.00, 0.00, 0.00, 0.00, 1.00, 0.00, 0.00, 0.00, -1.00, 0.00, 392.40, -41.68, 43.33, 1.93, 0
2000000, 200.00, 40.00, 2.00, 0.00, 1.63, 0.00, -0.00, 3.00, 0.00, 0.45, 0.03, -2.55, 0.03, 393.30, -0.90, 8.94, 0.40, 0
2000000, 200.00, 40.00, 2.00, 0.00, 1.51, 0.00, -0.00, 5.00, 0.00, -0.00, -0.00, -5.00, -0.00, 367.76, 24.69, 34.45, 1.53, 1
2000000, 200.00, 40.00, 2.00, 0.00, 1.52, 0.00, 0.00, 7.00, 0.00, -0.00, -0.00, -7.00, -0.00, 334.68, 57.80, 67.53, 3.00, 1
2000000, 200.00, 40.00, 2.00, 0.00, 1.52, 0.00, 0.00, 9.00, 0.00, -0.00, -0.00, -9.00, -0.00, 290.58, 101.94, 111.63, 4.96, 1
2000000, 200.00, 40.00, 2.00, 0.00, 1.52, 0.00, 0.00, 11.00, 0.00, -0.00, -0.00, -11.00, -0.00, 235.45, 157.12, 166.75, 7.41, 1
2000000, 200.00, 40.00, 2.00, 0.00, 1.52, 0.00, 0.00, 13.00, 0.00, -0.00, -0.00, -13.00, -0.00, 169.30, 223.33, 232.90, 10.35, 1
2000000, 200.00, 40.00, 2.00, 0.00, 1.53, 0.00, 0.00, 15.00, 0.00, -0.00, -0.00, -15.00, -0.00, 92.13, 300.59, 310.08, 13.78, 1
2000000, 200.00, 40.00, 2.00, 0.00, 1.53, 0.00, 0.79, 17.00, 0.00, 0.79, -0.00, -16.21, -0.00, 40.17, 352.60, 362.04, 16.09, 1
2000000, 200.00, 40.00, 2.00, 0.00, 1.53, 0.00, 2.79, 19.00, 0.00, 2.79, -0.00, -16.21, -0.00, 40.17, 352.60, 362.04, 16.09, 1
2000000, 200.00, 40.00, 2.00, 0.00, 1.53, 0.00, 4.79, 21.00, 0.00, 4.79, -0.00, -16.21, -0.00, 40.16, 352.60, 362.04, 16.09, 1
2000000, 200.00, 40.00, 2.00, 0.00, 1.53, 0.00, 6.79, 23.00, 0.00, 6.79, -0.00, -16.21, -0.00, 40.16, 352.60, 362.04, 16.09, 1
2000000, 200.00, 40.00, 2.00, 0.00, 1.53, 0.00, 8.79, 25.00, 0.00, 8.79, -0.00, -16.21, -0.00, 40.16, 352.60, 362.04, 16.09, 1
2000000, 200.00, 40.00, 2.00, 0.00, 1.53, 0.00, 10.79, 27.00, 0.00, 10.79, -0.00, -16.21, -0.00, 40.16, 352.60, 362.05, 16.09, 1
2000000, 200.00, 40.00, 2.00, 0.00, 1.53, 0.00, 12.79, 29.00, 0.00, 12.79, -0.00, -16.21, -0.00, 40.16, 352.60, 362.05, 16.09, 1
2000000, 200.00, 40.00, 2.00, 0.00, 1.53, 0.00, 14.79, 31.00, 0.00, 14.79, -0.00, -16.21, -0.00, 40.16, 352.60, 362.05, 16.09, 1
2000000, 200.00, 40.00, 2.00, 0.00, 1.53, 0.00, 16.79, 33.00, 0.00, 16.79, -0.00, -16.21, -0.00, 40.16, 352.60, 362.05, 16.09, 1
2000000, 200.00, 40.00, 2.00, 0.00, 1.53, 0.00, 18.79, 35.00, 0.00, 18.79, -0.00, -16.21, -0.00, 40.16, 352.60, 362.05, 16.09, 1
2000000, 200.00, 40.00, 2.00, 0.00, 1.53, 0.00, -0.00, 37.00, 0.00, -0.00, -0.00, -37.00, -0.00, -1484.45, 1878.72, 1886.66, 83.85, 1
2000000, 200.00, 40.00, 2.00, 0.00, 1.53, 0.00, 0.00, 39.00, 0.00, -0.00, -0.00, -39.00, -0.00, -1693.92, 2088.40, 2096.13, 93.16, 1
2000000, 200.00, 40.00, 2.00, 0.00, 1.53, 0.00, -0.00, 41.00, 0.00, -0.00, -0.00, -41.00, -0.00, -1914.42, 2309.12, 2316.63, 102.96, 1
25246, 2.52, 40.00, 4.00, 0.00, 0.00, 0.00, 0.00, 1.00, 0.00, 0.00, 0.00, -1.00, 0.00, 392.40, -34.49, 36.18, 1.97, 0
2000000, 200.00, 40.00, 4.00, 0.00, 1.07, 0.00, 1.99, 3.00, 0.00, -3.29, 2.92, -6.29, 2.92, 327.24, 74.48, 81.08, 4.42, 1
2000000, 200.00, 40.00, 4.00, 0.00, 1.50, 0.00, 0.00, 5.00, 0.00, -0.00, -0.00, -5.00, -0.00, 360.10, 32.38, 42.11, 2.30, 1
2000000, 200.00, 40.00, 4.00, 0.00, 1.51, 0.00, -0.00, 7.00, 0.00, -0.00, -0.00, -7.00, -0.00, 319.67, 72.87, 82.54, 4.50, 1
2000000, 200.00, 40.00, 4.00, 0.00, 1.51, 0.00, -0.00, 9.00, 0.00, -0.00, -0.00, -9.00, -0.00, 265.77, 126.84, 136.44, 7.44, 1
2000000, 200.00, 40.00, 4.00, 0.00, 1.51, 0.00, 0.00, 11.00, 0.00, -0.00, -0.00, -11.00, -0.00, 198.40, 194.32, 203.81, 11.12, 1
2000000, 200.00, 40.00, 4.00, 0.00, 1.51, 0.00, 0.00, 13.00, 0.00, -0.00, -0.00, -13.00, -0.00, 117.55, 275.29, 284.66, 15.53, 1
2000000, 200.00, 40.00, 4.00, 0.00, 1.51, 0.00, 0.50, 15.00, 0.00, 0.50, -0.00, -14.50, -0.00, 48.21, 344.73, 354.00, 19.31, 1
2000000, 200.00, 40.00, 4.00, 0.00, 1.51, 0.00, 2.50, 17.00, 0.00, 2.50, -0.00, -14.50, -0.00, 48.21, 344.73, 354.00, 19.31, 1
2000000, 200.00, 40.00, 4.00, 0.00, 1.51, 0.00, 4.50, 19.00, 0.00, 4.50, -0.00, -14.50, -0.00, 48.21, 344.73, 354.00, 19.31, 1
2000000, 200.00, 40.00, 4.00, 0.00, 1.51, 0.00, 6.50, 21.00, 0.00, 6.50, -0.00, -14.50, -0.00, 48.21, 344.73, 354.00, 19.31, 1
2000000, 200.00, 40.00, 4.00, 0.00, 1.51, 0.00, 8.50, 23.00, 0.00, 8.50, -0.00, -14.50, -0.00, 48.20, 344.73, 354.00, 19.31, 1
2000000, 200.00, 40.00, 4.00, 0.00, 1.51, 0.00, 10.50, 25.00, 0.00, 10.50, -0.00, -14.50, -0.00, 48.20, 344.74, 354.00, 19.31, 1
2000000, 200.00, 40.00, 4.00, 0.00, 1.51, 0.00, 12.50, 27.00, 0.00, 12.50, -0.00, -14.50, -0.00, 48.20, 344.74, 354.00, 19.31, 1
2000000, 200.00, 40.00, 4.00, 0.00, 1.51, 0.00, 14.50, 29.00, 0.00, 14.50, -0.00, -14.50, -0.00, 48.20, 344.74, 354.00, 19.31, 1
2000000, 200.00, 40.00, 4.00, 0.00, 1.51, 0.00, 16.50, 31.00, 0.00, 16.50, -0.00, -14.50, -0.00, 48.20, 344.74, 354.01, 19.31, 1
2000000, 200.00, 40.00, 4.00, 0.00, 1.51, 0.00, 18.50, 33.00, 0.00, 18.50, -0.00, -14.50, -0.00, 48.20, 344.74, 354.01, 19.31, 1
2000000, 200.00, 40.00, 4.00, 0.00, 1.51, 0.00, 20.50, 35.00, 0.00, 20.50, -0.00, -14.50, -0.00, 48.20, 344.74, 354.01, 19.31, 1
2000000, 200.00, 40.00, 4.00, 0.00, 1.51, 0.00, 22.50, 37.00, 0.00, 22.50, -0.00, -14.50, -0.00, 48.20, 344.74, 354.01, 19.31, 1
2000000, 200.00, 40.00, 4.00, 0.00, 1.51, 0.00, 24.50, 39.00, 0.00, 24.50, -0.00, -14.50, -0.00, 48.20, 344.74, 354.01, 19.31, 1
2000000, 200.00, 40.00, 4.00, 0.00, 1.51, 0.00, 26.50, 41.00, 0.00, 26.50, -0.00, -14.50, -0.00, 48.20, 344.74, 354.01, 19.31, 1
23668, 2.37, 40.00, 6.00, 0.00, 0.00, 0.00, 0.00, 1.00, 0.00, 0.00, 0.00, -1.00, 0.00, 392.40, -27.38, 29.25, 2.25, 0
2000000, 200.00, 40.00, 6.00, 0.00, 1.33, 0.00, 0.00, 3.00, 0.00, 3.47, -0.85, 0.47, -0.85, 402.54, -10.44, 1.88, 0.14, 0
2000000, 200.00, 40.00, 6.00, 0.00, 1.48, 0.00, 0.00, 5.00, 0.00, -0.00, -0.00, -5.00, -0.00, 352.44, 40.14, 49.77, 3.83, 1
2000000, 200.00, 40.00, 6.00, 0.00, 1.49, 0.00, -0.00, 7.00, 0.00, -0.00, -0.00, -7.00, -0.00, 304.67, 88.05, 97.54, 7.50, 1
2000000, 200.00, 40.00, 6.00, 0.00, 1.49, 0.00, -0.00, 9.00, 0.00, -0.00, -0.00, -9.00, -0.00, 240.96, 151.94, 161.24, 12.40, 1
2000000, 200.00, 40.00, 6.00, 0.00, 1.49, 0.00, -0.00, 11.00, 0.00, -0.00, -0.00, -11.00, -0.00, 161.34, 231.80, 240.87, 18.53, 1
2000000, 200.00, 40.00, 6.00, 0.00, 1.49, 0.00, -0.00, 13.00, 0.00, -0.00, -0.00, -13.00, -0.00, 65.79, 327.63, 336.42, 25.88, 1
2000000, 200.00, 40.00, 6.00, 0.00, 1.49, 0.00, 1.98, 15.00, 0.00, 1.98, -0.00, -13.02, -0.00, 64.81, 328.61, 337.40, 25.95, 1
2000000, 200.00, 40.00, 6.00, 0.00, 1.49, 0.00, 3.98, 17.00, 0.00, 3.98, -0.00, -13.02, -0.00, 64.81, 328.61, 337.40, 25.95, 1
2000000, 200.00, 40.00, 6.00, 0.00, 1.49, 0.00, 5.98, 19.00, 0.00, 5.98, -0.00, -13.02, -0.00, 64.81, 328.61, 337.40, 25.95, 1
2000000, 200.00, 40.00, 6.00, 0.00, 1.49, 0.00, 7.98, 21.00, 0.00, 7.98, -0.00, -13.02, -0.00, 64.81, 328.61, 337.40, 25.95, 1
2000000, 200.00, 40.00, 6.00, 0.00, 1.49, 0.00, 9.98, 23.00, 0.00, 9.98, -0.00, -13.02, -0.00, 64.81, 328.61, 337.40, 25.95, 1
2000000, 200.00, 40.00, 6.00, 0.00, 1.49, 0.00, 11.98, 25.00, 0.00, 11.98, -0.00, -13.02, -0.00, 64.81, 328.61, 337.40, 25.95, 1
2000000, 200.00, 40.00, 6.00, 0.00, 1.49, 0.00, 13.98, 27.00, 0.00, 13.98, -0.00, -13.02, -0.00, 64.81, 328.61, 337.40, 25.95, 1
2000000, 200.00, 40.00, 6.00, 0.00, 1.49, 0.00, 15.98, 29.00, 0.00, 15.98, -0.00, -13.02, -0.00, 64.81, 328.61, 337.40, 25.95, 1
2000000, 200.00, 40.00, 6.00, 0.00, 1.49, 0.00, 17.98, 31.00, 0.00, 17.98, -0.00, -13.02, -0.00, 64.81, 328.61, 337.40, 25.95, 1
2000000, 200.00, 40.00, 6.00, 0.00, 1.49, 0.00, 19.98, 33.00, 0.00, 19.98, -0.00, -13.02, -0.00, 64.81, 328.61, 337.40, 25.95, 1
2000000, 200.00, 40.00, 6.00, 0.00, 1.49, 0.00, 21.98, 35.00, 0.00, 21.98, -0.00, -13.02, -0.00, 64.81, 328.62, 337.40, 25.95, 1
2000000, 200.00, 40.00, 6.00, 0.00, 1.49, 0.00, 23.98, 37.00, 0.00, 23.98, -0.00, -13.02, -0.00, 64.81, 328.62, 337.40, 25.95, 1
2000000, 200.00, 40.00, 6.00, 0.00, 1.49, 0.00, 25.98, 39.00, 0.00, 25.98, -0.00, -13.02, -0.00, 64.81, 328.62, 337.40, 25.95, 1
2000000, 200.00, 40.00, 6.00, 0.00, 1.49, 0.00, 27.98, 41.00, 0.00, 27.98, -0.00, -13.02, -0.00, 64.81, 328.62, 337.40, 25.95, 1
22354, 2.24, 40.00, 8.00, 0.00, 0.00, 0.00, 0.00, 1.00, 0.00, 0.00, 0.00, -1.00, 0.00, 392.40, -23.02, 25.11, 2.34, 0
2000000, 200.00, 40.00, 8.00, 0.00, 1.13, 0.00, 0.00, 3.00, 0.00, 3.05, -1.45, 0.05, -1.45, 401.85, -10.45, 4.81, 0.45, 0
2000000, 200.00, 40.00, 8.00, 0.00, 1.46, 0.00, -0.00, 5.00, 0.00, -0.00, -0.00, -5.00, -0.00, 344.78, 47.92, 57.43, 5.36, 1
2000000, 200.00, 40.00, 8.00, 0.00, 1.47, 0.00, 0.00, 7.00, 0.00, -0.00, -0.00, -7.00, -0.00, 289.66, 103.28, 112.55, 10.50, 1
2000000, 200.00, 40.00, 8.00, 0.00, 1.47, 0.00, -0.00, 9.00, 0.00, -0.00, -0.00, -9.00, -0.00, 216.16, 177.09, 186.05, 17.36, 1
2000000, 200.00, 40.00, 8.00, 0.00, 1.47, 0.00, 0.00, 11.00, 0.00, -0.00, -0.00, -11.00, -0.00, 124.28, 269.37, 277.93, 25.94, 1
2000000, 200.00, 40.00, 8.00, 0.00, 1.47, 0.00, 1.08, 13.00, 0.00, 1.08, -0.00, -11.92, -0.00, 76.03, 317.83, 326.18, 30.44, 1
2000000, 200.00, 40.00, 8.00, 0.00, 1.47, 0.00, 3.08, 15.00, 0.00, 3.08, -0.00, -11.92, -0.00, 76.03, 317.83, 326.18, 30.44, 1
2000000, 200.00, 40.00, 8.00, 0.00, 1.47, 0.00, 5.08, 17.00, 0.00, 5.08, -0.00, -11.92, -0.00, 76.03, 317.83, 326.18, 30.44, 1
2000000, 200.00, 40.00, 8.00, 0.00, 1.47, 0.00, 7.08, 19.00, 0.00, 7.08, -0.00, -11.92, -0.00, 76.03, 317.83, 326.18, 30.44, 1
2000000, 200.00, 40.00, 8.00, 0.00, 1.47, 0.00, 9.08, 21.00, 0.00, 9.08, -0.00, -11.92, -0.00, 76.03, 317.83, 326.18, 30.44, 1
2000000, 200.00, 40.00, 8.00, 0.00, 1.47, 0.00, 11.08, 23.00, 0.00, 11.08, -0.00, -11.92, -0.00, 76.03, 317.83, 326.18, 30.44, 1
2000000, 200.00, 40.00, 8.00, 0.00, 1.47, 0.00, 13.08, 25.00, 0.00, 13.08, -0.00, -11.92, -0.00, 76.03, 317.83, 326.18, 30.44, 1
2000000, 200.00, 40.00, 8.00, 0.00, 1.47, 0.00, 15.08, 27.00, 0.00, 15.08, -0.00, -11.92, -0.00, 76.03, 317.83, 326.18, 30.44, 1
2000000, 200.00, 40.00, 8.00, 0.00, 1.47, 0.00, 17.08, 29.00, 0.00, 17.08, -0.00, -11.92, -0.00, 76.03, 317.83, 326.18, 30.44, 1
2000000, 200.00, 40.00, 8.00, 0.00, 1.47, 0.00, 19.08, 31.00, 0.00, 19.08, -0.00, -11.92, -0.00, 76.03, 317.83, 326.18, 30.44, 1
2000000, 200.00, 40.00, 8.00, 0.00, 1.47, 0.00, 21.08, 33.00, 0.00, 21.08, -0.00, -11.92, -0.00, 76.03, 317.83, 326.18, 30.44, 1
2000000, 200.00, 40.00, 8.00, 0.00, 1.47, 0.00, 23.08, 35.00, 0.00, 23.08, -0.00, -11.92, -0.00, 76.03, 317.83, 326.18, 30.44, 1
2000000, 200.00, 40.00, 8.00, 0.00, 1.47, 0.00, 25.08, 37.00, 0.00, 25.08, -0.00, -11.92, -0.00, 76.03, 317.83, 326.18, 30.44, 1
2000000, 200.00, 40.00, 8.00, 0.00, 1.47, 0.00, 27.08, 39.00, 0.00, 27.08, -0.00, -11.92, -0.00, 76.03, 317.83, 326.18, 30.44, 1
2000000, 200.00, 40.00, 8.00, 0.00, 1.47, 0.00, 29.08, 41.00, 0.00, 29.08, -0.00, -11.92, -0.00, 76.03, 317.83, 326.18, 30.44, 1
21738, 2.17, 40.00, 10.00, 0.00, 0.00, 0.00, 0.00, 1.00, 0.00, 0.00, 0.00, -1.00, 0.00, 392.40, -20.19, 22.47, 2.47, 0
2000000, 200.00, 40.00, 10.00, 0.00, 1.38, 0.00, 0.00, 3.00, 0.00, -0.00, -0.00, -3.00, -0.00, 379.60, 13.03, 22.60, 2.48, 1
2000000, 200.00, 40.00, 10.00, 0.00, 1.44, 0.00, -0.00, 5.00, 0.00, -0.00, -0.00, -5.00, -0.00, 339.42, 53.42, 62.79, 6.89, 1
2000000, 200.00, 40.00, 10.00, 0.00, 1.45, 0.00, -0.00, 7.00, 0.00, -0.00, -0.00, -7.00, -0.00, 279.15, 114.05, 123.06, 13.51, 1
2000000, 200.00, 40.00, 10.00, 0.00, 1.46, 0.00, -0.00, 9.00, 0.00, -0.00, -0.00, -9.00, -0.00, 198.79, 194.89, 203.42, 22.33, 1
2000000, 200.00, 40.00, 10.00, 0.00, 1.46, 0.00, -0.00, 11.00, 0.00, -0.00, -0.00, -11.00, -0.00, 98.34, 295.94, 303.87, 33.35, 1
2000000, 200.00, 40.00, 10.00, 0.00, 1.46, 0.00, 1.79, 13.00, 0.00, 1.79, -0.00, -11.21, -0.00, 86.54, 307.81, 315.67, 34.65, 1
2000000, 200.00, 40.00, 10.00, 0.00, 1.46, 0.00, 3.79, 15.00, 0.00, 3.79, -0.00, -11.21, -0.00, 86.54, 307.81, 315.67, 34.65, 1
2000000, 200.00, 40.00, 10.00, 0.00, 1.46, 0.00, 5.79, 17.00, 0.00, 5.79, -0.00, -11.21, -0.00, 86.54, 307.81, 315.67, 34.65, 1
2000000, 200.00, 40.00, 10.00, 0.00, 1.46, 0.00, 7.79, 19.00, 0.00, 7.79, -0.00, -11.21, -0.00, 86.54, 307.81, 315.67, 34.65, 1
2000000, 200.00, 40.00, 10.00, 0.00, 1.46, 0.00, 9.79, 21.00, 0.00, 9.79, -0.00, -11.21, -0.00, 86.54, 307.81, 315.67, 34.65, 1
2000000, 200.00, 40.00, 10.00, 0.00, 1.46, 0.00, 11.79, 23.00, 0.00, 11.79, -0.00, -11.21, -0.00, 86.54, 307.81, 315.67, 34.65, 1
2000000, 200.00, 40.00, 10.00, 0.00, 1.46, 0.00, 13.79, 25.00, 0.00, 13.79, -0.00, -11.21, -0.00, 86.54, 307.81, 315.67, 34.65, 1
2000000, 200.00, 40.00, 10.00, 0.00, 1.46, 0.00, 15.79, 27.00, 0.00, 15.79, -0.00, -11.21, -0.00, 86.54, 307.82, 315.67, 34.65, 1
2000000, 200.00, 40.00, 10.00, 0.00, 1.46, 0.00, 17.79, 29.00, 0.00, 17.79, -0.00, -11.21, -0.00, 86.54, 307.82, 315.67, 34.65, 1
2000000, 200.00, 40.00, 10.00, 0.00, 1.46, 0.00, 19.79, 31.00, 0.00, 19.79, -0.00, -11.21, -0.00, 86.54, 307.82, 315.67, 34.65, 1
2000000, 200.00, 40.00, 10.00, 0.00, 1.46, 0.00, 21.79, 33.00, 0.00, 21.79, -0.00, -11.21, -0.00, 86.54, 307.82, 315.67, 34.65, 1
2000000, 200.00, 40.00, 10.00, 0.00, 1.46, 0.00, 23.79, 35.00, 0.00, 23.79, -0.00, -11.21, -0.00, 86.54, 307.82, 315.67, 34.65, 1
2000000, 200.00, 40.00, 10.00, 0.00, 1.46, 0.00, 25.79, 37.00, 0.00, 25.79, -0.00, -11.21, -0.00, 86.54, 307.82, 315.67, 34.65, 1
2000000, 200.00, 40.00, 10.00, 0.00, 1.46, 0.00, 27.79, 39.00, 0.00, 27.79, -0.00, -11.21, -0.00, 86.54, 307.82, 315.67, 34.65, 1
2000000, 200.00, 40.00, 10.00, 0.00, 1.46, 0.00, 29.79, 41.00, 0.00, 29.79, -0.00, -11.21, -0.00, 86.53, 307.82, 315.67, 34.65, 1
20792, 2.08, 40.00, 12.00, 0.00, 0.00, 0.00, 0.00, 1.00, 0.00, 0.00, 0.00, -1.00, 0.00, 392.40, -18.78, 21.19, 2.35, 0
2000000, 200.00, 40.00, 12.00, 0.00, 1.39, 0.00, 0.00, 3.00, 0.00, -0.00, -0.00, -3.00, -0.00, 377.40, 15.25, 24.81, 2.76, 1
2000000, 200.00, 40.00, 12.00, 0.00, 1.44, 0.00, 0.00, 5.00, 0.00, -0.00, -0.00, -5.00, -0.00, 333.30, 59.59, 68.91, 7.66, 1
2000000, 200.00, 40.00, 12.00, 0.00, 1.45, 0.00, 0.00, 7.00, 0.00, -0.00, -0.00, -7.00, -0.00, 267.15, 126.15, 135.06, 15.01, 1
2000000, 200.00, 40.00, 12.00, 0.00, 1.46, 0.00, -0.00, 9.00, 0.00, -0.00, -0.00, -9.00, -0.00, 178.94, 214.89, 223.26, 24.81, 1
2000000, 200.00, 40.00, 12.00, 0.00, 1.46, 0.00, 0.31, 11.00, 0.00, 0.31, -0.00, -10.69, -0.00, 87.37, 307.02, 314.83, 34.98, 1
2000000, 200.00, 40.00, 12.00, 0.00, 1.46, 0.00, 2.31, 13.00, 0.00, 2.31, -0.00, -10.69, -0.00, 87.37, 307.02, 314.83, 34.98, 1
2000000, 200.00, 40.00, 12.00, 0.00, 1.46, 0.00, 4.31, 15.00, 0.00, 4.31, -0.00, -10.69, -0.00, 87.37, 307.02, 314.83, 34.98, 1
2000000, 200.00, 40.00, 12.00, 0.00, 1.46, 0.00, 6.31, 17.00, 0.00, 6.31, -0.00, -10.69, -0.00, 87.37, 307.02, 314.83, 34.98, 1
2000000, 200.00, 40.00, 12.00, 0.00, 1.46, 0.00, 8.31, 19.00, 0.00, 8.31, -0.00, -10.69, -0.00, 87.37, 307.02, 314.83, 34.98, 1
2000000, 200.00, 40.00, 12.00, 0.00, 1.46, 0.00, 10.31, 21.00, 0.00, 10.31, -0.00, -10.69, -0.00, 87.37, 307.02, 314.83, 34.98, 1
2000000, 200.00, 40.00, 12.00, 0.00, 1.46, 0.00, 12.31, 23.00, 0.00, 12.31, -0.00, -10.69, -0.00, 87.37, 307.02, 314.83, 34.98, 1
2000000, 200.00, 40.00, 12.00, 0.00, 1.46, 0.00, 14.31, 25.00, 0.00, 14.31, -0.00, -10.69, -0.00, 87.37, 307.02, 314.83, 34.98, 1
2000000, 200.00, 40.00, 12.00, 0.00, 1.46, 0.00, 16.31, 27.00, 0.00, 16.31, -0.00, -10.69, -0.00, 87.37, 307.02, 314.83, 34.98, 1
2000000, 200.00, 40.00, 12.00, 0.00, 1.46, 0.00, 18.31, 29.00, 0.00, 18.31, -0.00, -10.69, -0.00, 87.37, 307.02, 314.84, 34.98, 1
2000000, 200.00, 40.00, 12.00, 0.00, 1.46, 0.00, 20.31, 31.00, 0.00, 20.31, -0.00, -10.69, -0.00, 87.37, 307.02, 314.84, 34.98, 1
2000000, 200.00, 40.00, 12.00, 0.00, 1.46, 0.00, 22.31, 33.00, 0.00, 22.31, -0.00, -10.69, -0.00, 87.37, 307.03, 314.84, 34.98, 1
2000000, 200.00, 40.00, 12.00, 0.00, 1.46, 0.00, 24.31, 35.00, 0.00, 24.31, -0.00, -10.69, -0.00, 87.37, 307.03, 314.84, 34.98, 1
2000000, 200.00, 40.00, 12.00, 0.00, 1.46, 0.00, 26.31, 37.00, 0.00, 26.31, -0.00, -10.69, -0.00, 87.37, 307.03, 314.84, 34.98, 1
2000000, 200.00, 40.00, 12.00, 0.00, 1.46, 0.00, 28.31, 39.00, 0.00, 28.31, -0.00, -10.69, -0.00, 87.37, 307.03, 314.84, 34.98, 1
2000000, 200.00, 40.00, 12.00, 0.00, 1.46, 0.00, 30.31, 41.00, 0.00, 30.31, -0.00, -10.69, -0.00, 87.37, 307.03, 314.84, 34.98, 1
20188, 2.02, 40.00, 14.00, 0.00, 0.00, 0.00, 0.00, 1.00, 0.00, 0.00, 0.00, -1.00, 0.00, 392.40, -16.15, 18.85, 2.45, 0
2000000, 200.00, 40.00, 14.00, 0.00, 1.37, 0.00, 0.00, 3.00, 0.00, -0.00, -0.00, -3.00, -0.00, 374.64, 18.11, 27.57, 3.58, 1
2000000, 200.00, 40.00, 14.00, 0.00, 1.42, 0.00, -0.00, 5.00, 0.00, -0.00, -0.00, -5.00, -0.00, 325.64, 67.50, 76.57, 9.95, 1
2000000, 200.00, 40.00, 14.00, 0.00, 1.43, 0.00, -0.00, 7.00, 0.00, -0.00, -0.00, -7.00, -0.00, 252.14, 141.61, 150.07, 19.51, 1
2000000, 200.00, 40.00, 14.00, 0.00, 1.44, 0.00, -0.00, 9.00, 0.00, -0.00, -0.00, -9.00, -0.00, 154.14, 240.43, 248.07, 32.25, 1
2000000, 200.00, 40.00, 14.00, 0.00, 1.44, 0.00, 1.04, 11.00, 0.00, 1.04, -0.00, -9.96, -0.00, 98.59, 296.44, 303.62, 39.47, 1
2000000, 200.00, 40.00, 14.00, 0.00, 1.44, 0.00, 3.04, 13.00, 0.00, 3.04, -0.00, -9.96, -0.00, 98.59, 296.44, 303.62, 39.47, 1
2000000, 200.00, 40.00, 14.00, 0.00, 1.44, 0.00, 5.04, 15.00, 0.00, 5.04, -0.00, -9.96, -0.00, 98.59, 296.44, 303.62, 39.47, 1
2000000, 200.00, 40.00, 14.00, 0.00, 1.44, 0.00, 7.04, 17.00, 0.00, 7.04, -0.00, -9.96, -0.00, 98.59, 296.44, 303.62, 39.47, 1
2000000, 200.00, 40.00, 14.00, 0.00, 1.44, 0.00, 9.04, 19.00, 0.00, 9.04, -0.00, -9.96, -0.00, 98.59, 296.44, 303.62, 39.47, 1
2000000, 200.00, 40.00, 14.00, 0.00, 1.44, 0.00, 11.04, 21.00, 0.00, 11.04, -0.00, -9.96, -0.00, 98.59, 296.44, 303.62, 39.47, 1
2000000, 200.00, 40.00, 14.00, 0.00, 1.44, 0.00, 13.04, 23.00, 0.00, 13.04, -0.00, -9.96, -0.00, 98.59, 296.44, 303.62, 39.47, 1
2000000, 200.00, 40.00, 14.00, 0.00, 1.44, 0.00, 15.04, 25.00, 0.00, 15.04, -0.00, -9.96, -0.00, 98.59, 296.45, 303.62, 39.47, 1
2000000, 200.00, 40.00, 14.00, 0.00, 1.44, 0.00, 17.04, 27.00, 0.00, 17.04, -0.00, -9.96, -0.00, 98.59, 296.45, 303.62, 39.47, 1
2000000, 200.00, 40.00, 14.00, 0.00, 1.44, 0.00, 19.04, 29.00, 0.00, 19.04, -0.00, -9.96, -0.00, 98.59, 296.45, 303.62, 39.47, 1
2000000, 200.00, 40.00, 14.00, 0.00, 1.44, 0.00, 21.04, 31.00, 0.00, 21.04, -0.00, -9.96, -0.00, 98.59, 296.45, 303.62, 39.47, 1
2000000, 200.00, 40.00, 14.00, 0.00, 1.44, 0.00, 23.04, 33.00, 0.00, 23.04, -0.00, -9.96, -0.00, 98.59, 296.45, 303.62, 39.47, 1
2000000, 200.00, 40.00, 14.00, 0.00, 1.44, 0.00, 25.04, 35.00, 0.00, 25.04, -0.00, -9.96, -0.00, 98.59, 296.45, 303.62, 39.47, 1
2000000, 200.00, 40.00, 14.00, 0.00, 1.44, 0.00, 27.04, 37.00, 0.00, 27.04, -0.00, -9.96, -0.00, 98.59, 296.45, 303.62, 39.47, 1
2000000, 200.00, 40.00, 14.00, 0.00, 1.44, 0.00, 29.04, 39.00, 0.00, 29.04, -0.00, -9.96, -0.00, 98.59, 296.45, 303.62, 39.47, 1
2000000, 200.00, 40.00, 14.00, 0.00, 1.44, 0.00, 31.04, 41.00, 0.00, 31.04, -0.00, -9.96, -0.00, 98.59, 296.45, 303.62, 39.47, 1
20096, 2.01, 40.00, 16.00, 0.00, 0.00, 0.00, 0.00, 1.00, 0.00, 0.00, 0.00, -1.00, 0.00, 392.40, -13.41, 16.48, 2.75, 0
2000000, 200.00, 40.00, 16.00, 0.00, 1.33, 0.00, 0.00, 3.00, 0.00, -0.00, -0.00, -3.00, -0.00, 372.43, 20.57, 29.77, 4.96, 1
2000000, 200.00, 40.00, 16.00, 0.00, 1.38, 0.00, -0.00, 5.00, 0.00, -0.00, -0.00, -5.00, -0.00, 319.51, 74.18, 82.69, 13.78, 1
2000000, 200.00, 40.00, 16.00, 0.00, 1.40, 0.00, 0.00, 7.00, 0.00, -0.00, -0.00, -7.00, -0.00, 240.13, 154.64, 162.08, 27.01, 1
2000000, 200.00, 40.00, 16.00, 0.00, 1.40, 0.00, -0.00, 9.00, 0.00, -0.00, -0.00, -9.00, -0.00, 134.29, 261.94, 267.92, 44.65, 1
2000000, 200.00, 40.00, 16.00, 0.00, 1.40, 0.00, 1.73, 11.00, 0.00, 1.73, -0.00, -9.27, -0.00, 118.24, 278.21, 283.97, 47.33, 1
2000000, 200.00, 40.00, 16.00, 0.00, 1.40, 0.00, 3.73, 13.00, 0.00, 3.73, -0.00, -9.27, -0.00, 118.24, 278.21, 283.97, 47.33, 1
2000000, 200.00, 40.00, 16.00, 0.00, 1.40, 0.00, 5.73, 15.00, 0.00, 5.73, -0.00, -9.27, -0.00, 118.24, 278.21, 283.97, 47.33, 1
2000000, 200.00, 40.00, 16.00, 0.00, 1.40, 0.00, 7.73, 17.00, 0.00, 7.73, -0.00, -9.27, -0.00, 118.24, 278.21, 283.97, 47.33, 1
2000000, 200.00, 40.00, 16.00, 0.00, 1.40, 0.00, 9.73, 19.00, 0.00, 9.73, -0.00, -9.27, -0.00, 118.24, 278.21, 283.97, 47.33, 1
2000000, 200.00, 40.00, 16.00, 0.00, 1.40, 0.00, 11.73, 21.00, 0.00, 11.73, -0.00, -9.27, -0.00, 118.24, 278.21, 283.97, 47.33, 1
2000000, 200.00, 40.00, 16.00, 0.00, 1.40, 0.00, 13.73, 23.00, 0.00, 13.73, -0.00, -9.27, -0.00, 118.24, 278.21, 283.97, 47.33, 1
2000000, 200.00, 40.00, 16.00, 0.00, 1.40, 0.00, 15.73, 25.00, 0.00, 15.73, -0.00, -9.27, -0.00, 118.23, 278.21, 283.97, 47.33, 1
2000000, 200.00, 40.00, 16.00, 0.00, 1.40, 0.00, 17.73, 27.00, 0.00, 17.73, -0.00, -9.27, -0.00, 118.23, 278.21, 283.97, 47.33, 1
2000000, 200.00, 40.00, 16.00, 0.00, 1.40, 0.00, 19.73, 29.00, 0.00, 19.73, -0.00, -9.27, -0.00, 118.23, 278.21, 283.97, 47.33, 1
2000000, 200.00, 40.00, 16.00, 0.00, 1.40, 0.00, 21.73, 31.00, 0.00, 21.73, -0.00, -9.27, -0.00, 118.23, 278.21, 283.97, 47.33, 1
2000000, 200.00, 40.00, 16.00, 0.00, 1.40, 0.00, 23.73, 33.00, 0.00, 23.73, -0.00, -9.27, -0.00, 118.23, 278.21, 283.97, 47.33, 1
2000000, 200.00, 40.00, 16.00, 0.00, 1.40, 0.00, 25.73, 35.00, 0.00, 25.73, -0.00, -9.27, -0.00, 118.23, 278.22, 283.97, 47.33, 1
2000000, 200.00, 40.00, 16.00, 0.00, 1.40, 0.00, 27.73, 37.00, 0.00, 27.73, -0.00, -9.27, -0.00, 118.23, 278.22, 283.97, 47.33, 1
2000000, 200.00, 40.00, 16.00, 0.00, 1.40, 0.00, 29.73, 39.00, 0.00, 29.73, -0.00, -9.27, -0.00, 118.23, 278.22, 283.97, 47.33, 1
2000000, 200.00, 40.00, 16.00, 0.00, 1.40, 0.00, 31.73, 41.00, 0.00, 31.73, -0.00, -9.27, -0.00, 118.23, 278.22, 283.97, 47.33, 1
19923, 1.99, 40.00, 18.00, 0.00, 0.00, 0.00, 0.00, 1.00, 0.00, 0.00, 0.00, -1.00, 0.00, 392.40, -13.35, 16.43, 2.69, 0
2000000, 200.00, 40.00, 18.00, 0.00, 1.33, 0.00, -0.00, 3.00, 0.00, -0.00, -0.00, -3.00, -0.00, 371.88, 21.11, 30.32, 4.96, 1
2000000, 200.00, 40.00, 18.00, 0.00, 1.39, 0.00, 0.00, 5.00, 0.00, -0.00, -0.00, -5.00, -0.00, 317.98, 75.68, 84.23, 13.78, 1
2000000, 200.00, 40.00, 18.00, 0.00, 1.40, 0.00, -0.00, 7.00, 0.00, -0.00, -0.00, -7.00, -0.00, 237.13, 157.60, 165.08, 27.01, 1
2000000, 200.00, 40.00, 18.00, 0.00, 1.40, 0.00, 0.00, 9.00, 0.00, -0.00, -0.00, -9.00, -0.00, 129.32, 266.83, 272.88, 44.65, 1
2000000, 200.00, 40.00, 18.00, 0.00, 1.40, 0.00, 1.79, 11.00, 0.00, 1.79, -0.00, -9.21, -0.00, 116.71, 279.62, 285.50, 46.72, 1
2000000, 200.00, 40.00, 18.00, 0.00, 1.40, 0.00, 3.79, 13.00, 0.00, 3.79, -0.00, -9.21, -0.00, 116.71, 279.62, 285.50, 46.72, 1
2000000, 200.00, 40.00, 18.00, 0.00, 1.40, 0.00, 5.79, 15.00, 0.00, 5.79, -0.00, -9.21, -0.00, 116.71, 279.62, 285.50, 46.72, 1
2000000, 200.00, 40.00, 18.00, 0.00, 1.40, 0.00, 7.79, 17.00, 0.00, 7.79, -0.00, -9.21, -0.00, 116.71, 279.62, 285.50, 46.72, 1
2000000, 200.00, 40.00, 18.00, 0.00, 1.40, 0.00, 9.79, 19.00, 0.00, 9.79, -0.00, -9.21, -0.00, 116.71, 279.62, 285.50, 46.72, 1
2000000, 200.00, 40.00, 18.00, 0.00, 1.40, 0.00, 11.79, 21.00, 0.00, 11.79, -0.00, -9.21, -0.00, 116.71, 279.62, 285.50, 46.72, 1
2000000, 200.00, 40.00, 18.00, 0.00, 1.40, 0.00, 13.79, 23.00, 0.00, 13.79, -0.00, -9.21, -0.00, 116.71, 279.62, 285.50, 46.72, 1
2000000, 200.00, 40.00, 18.00, 0.00, 1.40, 0.00, 15.79, 25.00, 0.00, 15.79, -0.00, -9.21, -0.00, 116.71, 279.62, 285.50, 46.72, 1
2000000, 200.00, 40.00, 18.00, 0.00, 1.40, 0.00, 17.79, 27.00, 0.00, 17.79, -0.00, -9.21, -0.00, 116.71, 279.62, 285.50, 46.72, 1
2000000, 200.00, 40.00, 18.00, 0.00, 1.40, 0.00, 19.79, 29.00, 0.00, 19.79, -0.00, -9.21, -0.00, 116.71, 279.62, 285.50, 46.72, 1
2000000, 200.00, 40.00, 18.00, 0.00, 1.40, 0.00, 21.79, 31.00, 0.00, 21.79, -0.00, -9.21, -0.00, 116.71, 279.62, 285.50, 46.72, 1
2000000, 200.00, 40.00, 18.00, 0.00, 1.40, 0.00, 23.79, 33.00, 0.00, 23.79, -0.00, -9.21, -0.00, 116.71, 279.62, 285.50, 46.72, 1
2000000, 200.00, 40.00, 18.00, 0.00, 1.40, 0.00, 25.79, 35.00, 0.00, 25.79, -0.00, -9.21, -0.00, 116.71, 279.62, 285.50, 46.72, 1
2000000, 200.00, 40.00, 18.00, 0.00, 1.40, 0.00, 27.79, 37.00, 0.00, 27.79, -0.00, -9.21, -0.00, 116.71, 279.62, 285.50, 46.72, 1
2000000, 200.00, 40.00, 18.00, 0.00, 1.40, 0.00, 29.79, 39.00, 0.00, 29.79, -0.00, -9.21, -0.00, 116.71, 279.62, 285.50, 46.72, 1
2000000, 200.00, 40.00, 18.00, 0.00, 1.40, 0.00, 31.79, 41.00, 0.00, 31.79, -0.00, -9.21, -0.00, 116.71, 279.62, 285.50, 46.72, 1
20541, 2.05, 40.00, 20.00, 0.00, 0.00, 0.00, 0.00, 1.00, 0.00, 0.00, 0.00, -1.00, 0.00, 392.40, -12.34, 15.54, 3.11, 0
2000000, 200.00, 40.00, 20.00, 0.00, 1.28, 0.00, -0.00, 3.00, 0.00, -0.00, -0.00, -3.00, -0.00, 373.26, 19.99, 28.95, 5.79, 1
2000000, 200.00, 40.00, 20.00, 0.00, 1.35, 0.00, -0.00, 5.00, 0.00, -0.00, -0.00, -5.00, -0.00, 321.81, 72.40, 80.40, 16.08, 1
2000000, 200.00, 40.00, 20.00, 0.00, 1.36, 0.00, 0.00, 7.00, 0.00, -0.00, -0.00, -7.00, -0.00, 244.63, 151.09, 157.58, 31.52, 1
2000000, 200.00, 40.00, 20.00, 0.00, 1.37, 0.00, 0.00, 9.00, 0.00, -0.00, -0.00, -9.00, -0.00, 141.72, 256.02, 260.48, 52.10, 1
2000000, 200.00, 40.00, 20.00, 0.00, 1.37, 0.00, 1.87, 11.00, 0.00, 1.87, -0.00, -9.13, -0.00, 134.01, 263.89, 268.19, 53.64, 1
2000000, 200.00, 40.00, 20.00, 0.00, 1.37, 0.00, 3.87, 13.00, 0.00, 3.87, -0.00, -9.13, -0.00, 134.01, 263.89, 268.19, 53.64, 1
2000000, 200.00, 40.00, 20.00, 0.00, 1.37, 0.00, 5.87, 15.00, 0.00, 5.87, -0.00, -9.13, -0.00, 134.01, 263.89, 268.19, 53.64, 1
2000000, 200.00, 40.00, 20.00, 0.00, 1.37, 0.00, 7.87, 17.00, 0.00, 7.87, -0.00, -9.13, -0.00, 134.01, 263.89, 268.19, 53.64, 1
2000000, 200.00, 40.00, 20.00, 0.00, 1.37, 0.00, 9.87, 19.00, 0.00, 9.87, -0.00, -9.13, -0.00, 134.01, 263.89, 268.19, 53.64, 1
2000000, 200.00, 40.00, 20.00, 0.00, 1.37, 0.00, 11.87, 21.00, 0.00, 11.87, -0.00, -9.13, -0.00, 134.01, 263.89, 268.19, 53.64, 1
2000000, 200.00, 40.00, 20.00, 0.00, 1.37, 0.00, 13.87, 23.00, 0.00, 13.87, -0.00, -9.13, -0.00, 134.01, 263.89, 268.19, 53.64, 1
2000000, 200.00, 40.00, 20.00, 0.00, 1.37, 0.00, 15.87, 25.00, 0.00, 15.87, -0.00, -9.13, -0.00, 134.01, 263.89, 268.19, 53.64, 1
2000000, 200.00, 40.00, 20.00, 0.00, 1.37, 0.00, 17.87, 27.00, 0.00, 17.87, -0.00, -9.13, -0.00, 134.01, 263.89, 268.19, 53.64, 1
2000000, 200.00, 40.00, 20.00, 0.00, 1.37, 0.00, 19.87, 29.00, 0.00, 19.87, -0.00, -9.13, -0.00, 134.01, 263.89, 268.19, 53.64, 1
2000000, 200.00, 40.00, 20.00, 0.00, 1.37, 0.00, 21.87, 31.00, 0.00, 21.87, -0.00, -9.13, -0.00, 134.01, 263.89, 268.19, 53.64, 1
2000000, 200.00, 40.00, 20.00, 0.00, 1.37, 0.00, 23.87, 33.00, 0.00, 23.87, -0.00, -9.13, -0.00, 134.01, 263.89, 268.19, 53.64, 1
2000000, 200.00, 40.00, 20.00, 0.00, 1.37, 0.00, 25.87, 35.00, 0.00, 25.87, -0.00, -9.13, -0.00, 134.01, 263.89, 268.19, 53.64, 1
2000000, 200.00, 40.00, 20.00, 0.00, 1.37, 0.00, 27.87, 37.00, 0.00, 27.87, -0.00, -9.13, -0.00, 134.01, 263.89, 268.19, 53.64, 1
2000000, 200.00, 40.00, 20.00, 0.00, 1.37, 0.00, 29.87, 39.00, 0.00, 29.87, -0.00, -9.13, -0.00, 134.01, 263.89, 268.19, 53.64, 1
2000000, 200.00, 40.00, 20.00, 0.00, 1.37, 0.00, 31.87, 41.00, 0.00, 31.87, -0.00, -9.13, -0.00, 134.01, 263.89, 268.19, 53.64, 1
