Iter,TotTime,m_block,Alpha,Theta0,Theta_fin,V_theta_fin,V_block_fin,Wind_x,Wind_y,Vrelx,Vrely,F_vinc,Tension,Lift,Drag,Stability
20994, 2.10, 100.00, -8.00, 0.00, 0.00, 0.00, 0.00, 0.00, 0.00, 0.00, 0.00, 980.99, 1605.71, -1594.00, 53.13, 0
18389, 1.84, 100.00, -8.00, 0.00, 0.00, 0.00, 0.00, 2.00, 0.00, -2.00, 0.00, 980.90, 1966.92, -1953.71, 65.12, 0
15950, 1.59, 100.00, -8.00, 0.00, 0.00, 0.00, 0.00, 4.00, 0.00, -4.00, 0.00, 980.87, 2343.99, -2336.76, 77.89, 0
13773, 1.38, 100.00, -8.00, 0.00, 0.00, 0.00, 0.00, 6.00, 0.00, -6.00, 0.00, 980.89, 2717.40, -2724.85, 90.83, 0
11888, 1.19, 100.00, -8.00, 0.00, 0.00, 0.00, 0.00, 8.00, 0.00, -8.00, 0.00, 980.81, 3073.97, -3105.77, 103.53, 0
10286, 1.03, 100.00, -8.00, 0.00, 0.00, 0.00, 0.00, 10.00, 0.00, -10.00, 0.00, 980.88, 3408.11, -3474.53, 115.82, 0
8936, 0.89, 100.00, -8.00, 0.00, 0.00, 0.00, 0.00, 12.00, 0.00, -12.00, 0.00, 980.88, 3717.21, -3828.95, 127.63, 0
7802, 0.78, 100.00, -8.00, 0.00, 0.00, 0.00, 0.00, 14.00, 0.00, -14.00, 0.00, 980.91, 4002.79, -4170.83, 139.03, 0
6848, 0.68, 100.00, -8.00, 0.00, 0.00, 0.00, 0.00, 16.00, 0.00, -16.00, 0.00, 980.72, 4265.48, -4501.06, 150.04, 0
6044, 0.60, 100.00, -8.00, 0.00, 0.00, 0.00, 0.00, 18.00, 0.00, -18.00, 0.00, 980.77, 4511.73, -4826.19, 160.87, 0
5363, 0.54, 100.00, -8.00, 0.00, 0.00, 0.00, 0.00, 20.00, 0.00, -20.00, 0.00, 980.86, 4743.27, -5148.11, 171.60, 0
4783, 0.48, 100.00, -8.00, 0.00, 0.00, 0.00, 0.00, 22.00, 0.00, -22.00, 0.00, 980.91, 4962.01, -5468.99, 182.30, 0
4286, 0.43, 100.00, -8.00, 0.00, 0.00, 0.00, 0.00, 24.00, 0.00, -24.00, 0.00, 980.75, 5168.55, -5789.73, 192.99, 0
3858, 0.39, 100.00, -8.00, 0.00, 0.00, 0.00, 0.00, 26.00, 0.00, -26.00, 0.00, 980.54, 5366.16, -6113.81, 203.79, 0
3488, 0.35, 100.00, -8.00, 0.00, 0.00, 0.00, 0.00, 28.00, 0.00, -28.00, 0.00, 980.55, 5560.40, -6446.75, 214.89, 0
3166, 0.32, 100.00, -8.00, 0.00, 0.00, 0.00, 0.00, 30.00, 0.00, -30.00, 0.00, 980.51, 5749.24, -6786.96, 226.23, 0
2885, 0.29, 100.00, -8.00, 0.00, 0.00, 0.00, 0.00, 32.00, 0.00, -32.00, 0.00, 980.76, 5939.24, -7140.95, 238.03, 0
2638, 0.26, 100.00, -8.00, 0.00, 0.00, 0.00, 0.00, 34.00, 0.00, -34.00, 0.00, 980.91, 6125.52, -7504.30, 250.14, 0
2419, 0.24, 100.00, -8.00, 0.00, 0.00, 0.00, 0.00, 36.00, 0.00, -36.00, 0.00, 980.43, 6299.45, -7869.45, 262.31, 0
2226, 0.22, 100.00, -8.00, 0.00, 0.00, 0.00, 0.00, 38.00, 0.00, -38.00, 0.00, 980.61, 6483.86, -8257.76, 275.26, 0
2054, 0.21, 100.00, -8.00, 0.00, 0.00, 0.00, 0.00, 40.00, 0.00, -40.00, 0.00, 980.60, 6664.27, -8656.11, 288.54, 0
88955, 8.90, 100.00, -6.00, 0.00, 0.00, 0.00, 0.00, 0.00, 0.00, 0.00, 0.00, 981.01, -390.31, -528.33, 52.83, 0
89346, 8.93, 100.00, -6.00, 0.00, 0.00, 0.00, 0.00, 2.00, 0.00, -2.00, 0.00, 980.97, 719.17, -595.82, 59.58, 0
60917, 6.09, 100.00, -6.00, 0.00, 0.00, 0.00, 0.00, 4.00, 0.00, -4.00, 0.00, 980.98, 820.83, -683.04, 68.30, 0
47807, 4.78, 100.00, -6.00, 0.00, 0.00, 0.00, 0.00, 6.00, 0.00, -6.00, 0.00, 980.98, 901.20, -755.29, 75.53, 0
39083, 3.91, 100.00, -6.00, 0.00, 0.00, 0.00, 0.00, 8.00, 0.00, -8.00, 0.00, 980.99, 973.19, -823.93, 82.39, 0
32609, 3.26, 100.00, -6.00, 0.00, 0.00, 0.00, 0.00, 10.00, 0.00, -10.00, 0.00, 980.98, 1044.94, -895.90, 89.59, 0
27594, 2.76, 100.00, -6.00, 0.00, 0.00, 0.00, 0.00, 12.00, 0.00, -12.00, 0.00, 981.00, 1119.77, -973.94, 97.39, 0
23623, 2.36, 100.00, -6.00, 0.00, 0.00, 0.00, 0.00, 14.00, 0.00, -14.00, 0.00, 980.95, 1197.94, -1058.30, 105.83, 0
20434, 2.04, 100.00, -6.00, 0.00, 0.00, 0.00, 0.00, 16.00, 0.00, -16.00, 0.00, 980.99, 1279.25, -1148.84, 114.88, 0
17839, 1.78, 100.00, -6.00, 0.00, 0.00, 0.00, 0.00, 18.00, 0.00, -18.00, 0.00, 980.93, 1362.21, -1244.38, 124.44, 0
15704, 1.57, 100.00, -6.00, 0.00, 0.00, 0.00, 0.00, 20.00, 0.00, -20.00, 0.00, 980.92, 1446.51, -1344.75, 134.48, 0
13928, 1.39, 100.00, -6.00, 0.00, 0.00, 0.00, 0.00, 22.00, 0.00, -22.00, 0.00, 980.96, 1531.48, -1449.48, 144.95, 0
12434, 1.24, 100.00, -6.00, 0.00, 0.00, 0.00, 0.00, 24.00, 0.00, -24.00, 0.00, 980.90, 1615.95, -1557.69, 155.77, 0
11167, 1.12, 100.00, -6.00, 0.00, 0.00, 0.00, 0.00, 26.00, 0.00, -26.00, 0.00, 980.98, 1700.71, -1670.14, 167.01, 0
10081, 1.01, 100.00, -6.00, 0.00, 0.00, 0.00, 0.00, 28.00, 0.00, -28.00, 0.00, 980.88, 1783.98, -1785.44, 178.54, 0
9145, 0.91, 100.00, -6.00, 0.00, 0.00, 0.00, 0.00, 30.00, 0.00, -30.00, 0.00, 980.97, 1867.73, -1905.34, 190.53, 0
8330, 0.83, 100.00, -6.00, 0.00, 0.00, 0.00, 0.00, 32.00, 0.00, -32.00, 0.00, 980.87, 1950.75, -2029.18, 202.92, 0
7618, 0.76, 100.00, -6.00, 0.00, 0.00, 0.00, 0.00, 34.00, 0.00, -34.00, 0.00, 980.94, 2034.81, -2158.43, 215.84, 0
6991, 0.70, 100.00, -6.00, 0.00, 0.00, 0.00, 0.00, 36.00, 0.00, -36.00, 0.00, 980.90, 2117.93, -2291.52, 229.15, 0
6437, 0.64, 100.00, -6.00, 0.00, 0.00, 0.00, 0.00, 38.00, 0.00, -38.00, 0.00, 980.93, 2201.26, -2429.41, 242.94, 0
5945, 0.59, 100.00, -6.00, 0.00, 0.00, 0.00, 0.00, 40.00, 0.00, -40.00, 0.00, 980.99, 2284.47, -2571.83, 257.18, 0
109339, 10.93, 100.00, -4.00, 0.00, 0.00, 0.00, 0.00, 0.00, 0.00, 0.00, 0.00, 980.98, 731.74, 610.38, 12.21, 0
73847, 7.38, 100.00, -4.00, 0.00, 0.00, 0.00, 0.00, 2.00, 0.00, -2.00, 0.00, 981.00, 574.40, 476.13, 9.52, 0
54932, 5.49, 100.00, -4.00, 0.00, 0.00, 0.00, 0.00, 4.00, 0.00, -4.00, 0.00, 981.00, 523.55, 444.61, 8.89, 0
43097, 4.31, 100.00, -4.00, 0.00, 0.00, 0.00, 0.00, 6.00, 0.00, -6.00, 0.00, 980.98, 926.81, 807.70, 16.15, 0
36422, 3.64, 100.00, -4.00, 0.00, 0.00, 0.00, 0.00, 8.00, 0.00, -8.00, 0.00, 980.95, 1444.65, 1266.67, 25.33, 0
33647, 3.36, 100.00, -4.00, 0.00, 0.00, 0.00, 0.00, 10.00, 0.00, -10.00, 0.00, 980.97, 1262.88, 1127.69, 22.55, 0
32863, 3.29, 100.00, -4.00, 0.00, 0.00, 0.00, 0.00, 12.00, 0.00, -12.00, 0.00, 980.96, 779.37, 733.53, 14.67, 0
33160, 3.32, 100.00, -4.00, 0.00, 0.00, 0.00, 0.00, 14.00, 0.00, -14.00, 0.00, 980.99, 396.83, 429.22, 8.58, 0
37294, 3.73, 100.00, -4.00, 0.00, 0.00, 0.00, 0.00, 16.00, 0.00, -16.00, 0.00, 981.00, 100.60, 218.17, 4.36, 0
1000000, 100.00, 100.00, -4.00, 0.00, 1.93, 0.00, 0.00, 18.00, 0.00, -19.22, -0.46, 809.40, 183.09, 282.94, 5.66, 1
1000000, 100.00, 100.00, -4.00, 0.00, 1.29, 0.00, 0.00, 20.00, 0.00, -23.30, 0.95, 689.12, 304.05, 416.21, 8.32, 1
1000000, 100.00, 100.00, -4.00, 0.00, 1.65, 0.00, -0.00, 22.00, 0.00, -16.80, 0.40, 859.08, 122.30, 216.22, 4.32, 1
1000000, 100.00, 100.00, -4.00, 0.00, 1.44, 0.00, 0.00, 24.00, 0.00, -28.14, 0.53, 473.16, 512.09, 606.65, 12.13, 1
1000000, 100.00, 100.00, -4.00, 0.00, 1.64, 0.00, 0.00, 26.00, 0.00, -23.87, 0.13, 642.68, 339.08, 436.25, 8.72, 1
1000000, 100.00, 100.00, -4.00, 0.00, 1.47, 0.00, -0.00, 28.00, 0.00, -27.25, -0.09, 512.27, 470.98, 568.70, 11.37, 1
1000000, 100.00, 100.00, -4.00, 0.00, 1.59, 0.00, -0.00, 30.00, 0.00, -32.29, -0.05, 280.51, 700.57, 798.10, 15.96, 1
1000000, 100.00, 100.00, -4.00, 0.00, 1.55, 0.00, -0.00, 32.00, 0.00, -29.62, -0.06, 405.85, 575.30, 671.78, 13.44, 1
1000000, 100.00, 100.00, -4.00, 0.00, 1.53, 0.00, 0.00, 34.00, 0.00, -35.72, 0.06, 102.05, 879.61, 976.97, 19.54, 1
1000000, 100.00, 100.00, -4.00, 0.00, 1.56, 0.00, 0.00, 36.00, 0.00, -33.92, -0.04, 197.26, 783.81, 881.00, 17.62, 1
1000000, 100.00, 100.00, -4.00, 0.00, 1.52, 0.00, 0.74, 38.00, 0.00, -37.15, -0.01, 23.67, 958.40, 1056.74, 21.13, 1
1000000, 100.00, 100.00, -4.00, 0.00, 1.54, 0.00, 0.00, 40.00, 0.00, -39.90, -0.01, -139.51, 1120.98, 1218.78, 24.38, 1
13666, 1.37, 100.00, -2.00, 0.00, 0.00, 0.00, 0.00, 0.00, 0.00, 0.00, 0.00, 981.08, -2865.09, 3342.25, 83.56, 0
14661, 1.47, 100.00, -2.00, 0.00, 0.00, 0.00, 0.00, 2.00, 0.00, -2.00, 0.00, 981.03, -2502.93, 2934.99, 73.37, 0
15354, 1.54, 100.00, -2.00, 0.00, 0.00, 0.00, 0.00, 4.00, 0.00, -4.00, 0.00, 981.11, -2203.90, 2608.89, 65.22, 0
15715, 1.57, 100.00, -2.00, 0.00, 0.00, 0.00, 0.00, 6.00, 0.00, -6.00, 0.00, 981.05, -1964.62, 2360.28, 59.01, 0
15948, 1.59, 100.00, -2.00, 0.00, 0.00, 0.00, 0.00, 8.00, 0.00, -8.00, 0.00, 981.05, -1699.70, 2090.49, 52.26, 0
16065, 1.61, 100.00, -2.00, 0.00, 0.00, 0.00, 0.00, 10.00, 0.00, -10.00, 0.00, 981.06, -1416.56, 1810.06, 45.25, 0
16091, 1.61, 100.00, -2.00, 0.00, 0.00, 0.00, 0.00, 12.00, 0.00, -12.00, 0.00, 981.00, -1126.81, 1537.00, 38.43, 0
16078, 1.61, 100.00, -2.00, 0.00, 0.00, 0.00, 0.00, 14.00, 0.00, -14.00, 0.00, 981.02, -762.98, 1280.72, 32.02, 0
16128, 1.61, 100.00, -2.00, 0.00, 0.00, 0.00, 0.00, 16.00, 0.00, -16.00, 0.00, 981.00, -447.80, 1038.02, 25.95, 0
1000000, 100.00, 100.00, -2.00, 0.00, 1.53, 0.00, 0.00, 18.00, 0.00, -17.83, -0.01, 106.08, 875.78, 973.66, 24.34, 1
1000000, 100.00, 100.00, -2.00, 0.00, 1.54, 0.00, 0.00, 20.00, 0.00, -20.04, -0.01, -150.38, 1131.79, 1229.39, 30.73, 1
1000000, 100.00, 100.00, -2.00, 0.00, 1.54, 0.00, -0.00, 22.00, 0.00, -21.97, -0.01, -399.70, 1381.17, 1478.45, 36.96, 1
1000000, 100.00, 100.00, -2.00, 0.00, 1.54, 0.00, -0.00, 24.00, 0.00, -24.00, -0.01, -685.58, 1667.16, 1764.07, 44.10, 1
1000000, 100.00, 100.00, -2.00, 0.00, 1.54, 0.00, -0.00, 26.00, 0.00, -26.01, -0.01, -994.29, 1975.96, 2072.48, 51.81, 1
1000000, 100.00, 100.00, -2.00, 0.00, 1.55, 0.00, 0.00, 28.00, 0.00, -28.01, -0.01, -1324.39, 2306.15, 2402.26, 60.06, 1
1000000, 100.00, 100.00, -2.00, 0.00, 1.55, 0.00, 0.00, 30.00, 0.00, -30.00, -0.01, -1675.13, 2657.01, 2756.11, 68.90, 1
1000000, 100.00, 100.00, -2.00, 0.00, 1.55, 0.00, 0.00, 32.00, 0.00, -32.00, -0.01, -2054.54, 3036.53, 3135.92, 78.40, 1
1000000, 100.00, 100.00, -2.00, 0.00, 1.55, 0.00, -0.00, 34.00, 0.00, -34.00, -0.01, -2463.52, 3445.64, 3540.31, 88.51, 1
1000000, 100.00, 100.00, -2.00, 0.00, 1.55, 0.00, -0.00, 36.00, 0.00, -36.00, -0.01, -2892.56, 3874.82, 3968.95, 99.22, 1
1000000, 100.00, 100.00, -2.00, 0.00, 1.55, 0.00, 0.00, 38.00, 0.00, -38.00, -0.01, -3339.52, 4321.92, 4422.27, 110.56, 1
1000000, 100.00, 100.00, -2.00, 0.00, 1.55, 0.00, 0.00, 40.00, 0.00, -40.00, -0.01, -3816.78, 4799.32, 4900.03, 122.50, 1
7381, 0.74, 100.00, 0.00, 0.00, 0.00, 0.00, 0.00, 0.00, 0.00, 0.00, 0.00, 981.03, -6418.03, 7300.61, 208.59, 0
7845, 0.78, 100.00, 0.00, 0.00, 0.00, 0.00, 0.00, 2.00, 0.00, -2.00, 0.00, 981.32, -5914.04, 6750.15, 192.86, 0
8152, 0.82, 100.00, 0.00, 0.00, 0.00, 0.00, 0.00, 4.00, 0.00, -4.00, 0.00, 981.33, -5485.70, 6298.96, 179.97, 0
8292, 0.83, 100.00, 0.00, 0.00, 0.00, 0.00, 0.00, 6.00, 0.00, -6.00, 0.00, 981.21, -5064.23, 5948.94, 169.97, 0
8327, 0.83, 100.00, 0.00, 0.00, 0.00, 0.00, 0.00, 8.00, 0.00, -8.00, 0.00, 981.11, -4694.40, 5587.90, 159.65, 0
8273, 0.83, 100.00, 0.00, 0.00, 0.00, 0.00, 0.00, 10.00, 0.00, -10.00, 0.00, 981.07, -4306.84, 5219.48, 149.13, 0
8148, 0.81, 100.00, 0.00, 0.00, 0.00, 0.00, 0.00, 12.00, 0.00, -12.00, 0.00, 981.20, -3914.48, 4858.61, 138.82, 0
7976, 0.80, 100.00, 0.00, 0.00, 0.00, 0.00, 0.00, 14.00, 0.00, -14.00, 0.00, 981.18, -3516.13, 4505.08, 128.72, 0
7777, 0.78, 100.00, 0.00, 0.00, 0.00, 0.00, 0.00, 16.00, 0.00, -16.00, 0.00, 981.05, -3113.69, 4162.88, 118.94, 0
7565, 0.76, 100.00, 0.00, 0.00, 0.00, 0.00, 0.00, 18.00, 0.00, -18.00, 0.00, 981.10, -2715.38, 3844.01, 109.83, 0
7354, 0.74, 100.00, 0.00, 0.00, 0.00, 0.00, 0.00, 20.00, 0.00, -20.00, 0.00, 981.05, -2311.02, 3542.94, 101.23, 0
7153, 0.72, 100.00, 0.00, 0.00, 0.00, 0.00, 0.00, 22.00, 0.00, -22.00, 0.00, 981.04, -1897.68, 3266.23, 93.32, 0
6974, 0.70, 100.00, 0.00, 0.00, 0.00, 0.00, 0.00, 24.00, 0.00, -24.00, 0.00, 981.00, -1453.17, 3010.87, 86.02, 0
6837, 0.68, 100.00, 0.00, 0.00, 0.00, 0.00, 0.00, 26.00, 0.00, -26.00, 0.00, 981.01, -928.67, 2782.02, 79.49, 0
1000000, 100.00, 100.00, 0.00, 0.00, 1.54, 0.00, 0.00, 28.00, 0.00, -28.00, -0.01, -3118.82, 4101.54, 4201.85, 120.05, 1
1000000, 100.00, 100.00, 0.00, 0.00, 1.54, 0.00, 0.00, 30.00, 0.00, -30.00, -0.01, -3748.32, 4731.30, 4823.45, 137.81, 1
1000000, 100.00, 100.00, 0.00, 0.00, 1.54, 0.00, -0.00, 32.00, 0.00, -32.00, -0.01, -4413.64, 5396.89, 5488.06, 156.80, 1
1000000, 100.00, 100.00, 0.00, 0.00, 1.54, 0.00, -0.00, 34.00, 0.00, -34.00, -0.01, -5121.72, 6105.25, 6195.39, 177.01, 1
1000000, 100.00, 100.00, 0.00, 0.00, 1.54, 0.00, -0.00, 36.00, 0.00, -36.00, -0.01, -5872.87, 6856.71, 6945.74, 198.45, 1
1000000, 100.00, 100.00, 0.00, 0.00, 1.54, 0.00, -0.00, 38.00, 0.00, -38.00, -0.01, -6667.03, 7651.19, 7739.06, 221.12, 1
1000000, 100.00, 100.00, 0.00, 0.00, 1.54, 0.00, 0.00, 40.00, 0.00, -40.00, -0.01, -7503.69, 8488.19, 8574.83, 245.00, 1
6354, 0.64, 100.00, 2.00, 0.00, 0.00, 0.00, 0.00, 0.00, 0.00, 0.00, 0.00, 981.03, -6571.44, 7422.52, 353.45, 0
6814, 0.68, 100.00, 2.00, 0.00, 0.00, 0.00, 0.00, 2.00, 0.00, -2.00, 0.00, 981.07, -5877.82, 6741.75, 321.04, 0
7145, 0.71, 100.00, 2.00, 0.00, 0.00, 0.00, 0.00, 4.00, 0.00, -4.00, 0.00, 981.26, -5347.94, 6175.85, 294.09, 0
7331, 0.73, 100.00, 2.00, 0.00, 0.00, 0.00, 0.00, 6.00, 0.00, -6.00, 0.00, 981.01, -4911.00, 5724.52, 272.60, 0
7391, 0.74, 100.00, 2.00, 0.00, 0.00, 0.00, 0.00, 8.00, 0.00, -8.00, 0.00, 981.22, -4538.05, 5354.49, 254.98, 0
7372, 0.74, 100.00, 2.00, 0.00, 0.00, 0.00, 0.00, 10.00, 0.00, -10.00, 0.00, 981.02, -4157.56, 4986.09, 237.43, 0
7282, 0.73, 100.00, 2.00, 0.00, 0.00, 0.00, 0.00, 12.00, 0.00, -12.00, 0.00, 981.02, -3794.64, 4647.16, 221.29, 0
7142, 0.71, 100.00, 2.00, 0.00, 0.00, 0.00, 0.00, 14.00, 0.00, -14.00, 0.00, 981.02, -3446.32, 4334.86, 206.42, 0
6970, 0.70, 100.00, 2.00, 0.00, 0.00, 0.00, 0.00, 16.00, 0.00, -16.00, 0.00, 981.10, -3113.40, 4050.80, 192.90, 0
6782, 0.68, 100.00, 2.00, 0.00, 0.00, 0.00, 0.00, 18.00, 0.00, -18.00, 0.00, 981.06, -2788.45, 3788.34, 180.40, 0
6588, 0.66, 100.00, 2.00, 0.00, 0.00, 0.00, 0.00, 20.00, 0.00, -20.00, 0.00, 981.06, -2473.08, 3551.33, 169.11, 0
6397, 0.64, 100.00, 2.00, 0.00, 0.00, 0.00, 0.00, 22.00, 0.00, -22.00, 0.00, 981.01, -2159.20, 3334.51, 158.79, 0
6214, 0.62, 100.00, 2.00, 0.00, 0.00, 0.00, 0.00, 24.00, 0.00, -24.00, 0.00, 981.01, -1845.34, 3141.69, 149.60, 0
6045, 0.60, 100.00, 2.00, 0.00, 0.00, 0.00, 0.00, 26.00, 0.00, -26.00, 0.00, 981.01, -1519.13, 2969.31, 141.40, 0
5897, 0.59, 100.00, 2.00, 0.00, 0.00, 0.00, 0.00, 28.00, 0.00, -28.00, 0.00, 981.02, -1161.45, 2816.64, 134.13, 0
5788, 0.58, 100.00, 2.00, 0.00, 0.00, 0.00, 0.00, 30.00, 0.00, -30.00, 0.00, 981.00, -715.93, 2680.60, 127.65, 0
1000000, 100.00, 100.00, 2.00, 0.00, 1.52, 0.00, -0.00, 32.00, 0.00, -32.00, -0.01, -5515.85, 6504.37, 6585.79, 313.61, 1
1000000, 100.00, 100.00, 2.00, 0.00, 1.52, 0.00, -0.00, 34.00, 0.00, -34.00, -0.01, -6365.99, 7355.46, 7434.50, 354.02, 1
1000000, 100.00, 100.00, 2.00, 0.00, 1.52, 0.00, 0.00, 36.00, 0.00, -36.00, -0.01, -7239.99, 8230.43, 8334.74, 396.89, 1
1000000, 100.00, 100.00, 2.00, 0.00, 1.52, 0.00, -0.00, 38.00, 0.00, -38.00, -0.01, -8221.32, 9212.89, 9286.72, 442.22, 1
1000000, 100.00, 100.00, 2.00, 0.00, 1.52, 0.00, 0.00, 40.00, 0.00, -40.00, -0.01, -9191.02, 10183.68, 10289.93, 490.00, 1
4757, 0.48, 100.00, 4.00, 0.00, 0.00, 0.00, 0.00, 0.00, 0.00, 0.00, 0.00, 981.42, -8796.42, 9942.21, 532.62, 0
5107, 0.51, 100.00, 4.00, 0.00, 0.00, 0.00, 0.00, 2.00, 0.00, -2.00, 0.00, 981.27, -8001.00, 9074.80, 486.15, 0
5364, 0.54, 100.00, 4.00, 0.00, 0.00, 0.00, 0.00, 4.00, 0.00, -4.00, 0.00, 981.07, -7311.25, 8339.74, 446.77, 0
5513, 0.55, 100.00, 4.00, 0.00, 0.00, 0.00, 0.00, 6.00, 0.00, -6.00, 0.00, 981.22, -6742.37, 7751.70, 415.27, 0
5565, 0.56, 100.00, 4.00, 0.00, 0.00, 0.00, 0.00, 8.00, 0.00, -8.00, 0.00, 981.01, -6259.86, 7271.72, 389.56, 0
5549, 0.55, 100.00, 4.00, 0.00, 0.00, 0.00, 0.00, 10.00, 0.00, -10.00, 0.00, 981.23, -5805.55, 6834.38, 366.13, 0
5478, 0.55, 100.00, 4.00, 0.00, 0.00, 0.00, 0.00, 12.00, 0.00, -12.00, 0.00, 981.07, -5375.37, 6435.60, 344.76, 0
5366, 0.54, 100.00, 4.00, 0.00, 0.00, 0.00, 0.00, 14.00, 0.00, -14.00, 0.00, 981.12, -4980.57, 6087.57, 326.12, 0
5228, 0.52, 100.00, 4.00, 0.00, 0.00, 0.00, 0.00, 16.00, 0.00, -16.00, 0.00, 981.21, -4613.60, 5782.52, 309.78, 0
5077, 0.51, 100.00, 4.00, 0.00, 0.00, 0.00, 0.00, 18.00, 0.00, -18.00, 0.00, 981.03, -4257.31, 5502.78, 294.79, 0
4919, 0.49, 100.00, 4.00, 0.00, 0.00, 0.00, 0.00, 20.00, 0.00, -20.00, 0.00, 981.07, -3927.04, 5265.96, 282.11, 0
4761, 0.48, 100.00, 4.00, 0.00, 0.00, 0.00, 0.00, 22.00, 0.00, -22.00, 0.00, 981.09, -3608.70, 5058.61, 271.00, 0
4607, 0.46, 100.00, 4.00, 0.00, 0.00, 0.00, 0.00, 24.00, 0.00, -24.00, 0.00, 981.08, -3296.80, 4877.17, 261.28, 0
4460, 0.45, 100.00, 4.00, 0.00, 0.00, 0.00, 0.00, 26.00, 0.00, -26.00, 0.00, 981.01, -2982.57, 4715.72, 252.63, 0
4320, 0.43, 100.00, 4.00, 0.00, 0.00, 0.00, 0.00, 28.00, 0.00, -28.00, 0.00, 981.06, -2674.32, 4587.20, 245.74, 0
4190, 0.42, 100.00, 4.00, 0.00, 0.00, 0.00, 0.00, 30.00, 0.00, -30.00, 0.00, 981.06, -2349.75, 4475.27, 239.75, 0
4072, 0.41, 100.00, 4.00, 0.00, 0.00, 0.00, 0.00, 32.00, 0.00, -32.00, 0.00, 981.01, -1991.99, 4374.65, 234.36, 0
3966, 0.40, 100.00, 4.00, 0.00, 0.00, 0.00, 0.00, 34.00, 0.00, -34.00, 0.00, 981.02, -1597.62, 4300.68, 230.39, 0
3880, 0.39, 100.00, 4.00, 0.00, 0.00, 0.00, 0.00, 36.00, 0.00, -36.00, 0.00, 981.00, -1099.20, 4237.14, 226.99, 0
3845, 0.38, 100.00, 4.00, 0.00, 0.00, 0.00, 0.00, 38.00, 0.00, -38.00, 0.00, 981.00, -258.85, 4193.23, 224.64, 0
1000000, 100.00, 100.00, 4.00, 0.00, 1.52, 0.00, -0.00, 40.00, 0.00, -40.00, -0.01, -12664.75, 13665.47, 13720.49, 735.03, 1
4292, 0.43, 100.00, 6.00, 0.00, 0.00, 0.00, 0.00, 0.00, 0.00, 0.00, 0.00, 981.18, -8223.97, 9253.65, 711.82, 0
4663, 0.47, 100.00, 6.00, 0.00, 0.00, 0.00, 0.00, 2.00, 0.00, -2.00, 0.00, 981.18, -7279.47, 8222.00, 632.46, 0
4958, 0.50, 100.00, 6.00, 0.00, 0.00, 0.00, 0.00, 4.00, 0.00, -4.00, 0.00, 981.21, -6466.69, 7348.31, 565.25, 0
5157, 0.52, 100.00, 6.00, 0.00, 0.00, 0.00, 0.00, 6.00, 0.00, -6.00, 0.00, 981.12, -5795.00, 6640.48, 510.81, 0
5256, 0.53, 100.00, 6.00, 0.00, 0.00, 0.00, 0.00, 8.00, 0.00, -8.00, 0.00, 981.02, -5257.12, 6089.05, 468.39, 0
5277, 0.53, 100.00, 6.00, 0.00, 0.00, 0.00, 0.00, 10.00, 0.00, -10.00, 0.00, 981.09, -4801.02, 5635.84, 433.53, 0
5241, 0.52, 100.00, 6.00, 0.00, 0.00, 0.00, 0.00, 12.00, 0.00, -12.00, 0.00, 981.03, -4390.45, 5240.72, 403.13, 0
5159, 0.52, 100.00, 6.00, 0.00, 0.00, 0.00, 0.00, 14.00, 0.00, -14.00, 0.00, 981.11, -4033.13, 4912.02, 377.85, 0
5047, 0.50, 100.00, 6.00, 0.00, 0.00, 0.00, 0.00, 16.00, 0.00, -16.00, 0.00, 981.04, -3710.48, 4629.81, 356.14, 0
4915, 0.49, 100.00, 6.00, 0.00, 0.00, 0.00, 0.00, 18.00, 0.00, -18.00, 0.00, 981.13, -3426.84, 4398.99, 338.38, 0
4774, 0.48, 100.00, 6.00, 0.00, 0.00, 0.00, 0.00, 20.00, 0.00, -20.00, 0.00, 981.10, -3162.90, 4199.37, 323.03, 0
4630, 0.46, 100.00, 6.00, 0.00, 0.00, 0.00, 0.00, 22.00, 0.00, -22.00, 0.00, 981.03, -2915.61, 4028.49, 309.88, 0
4486, 0.45, 100.00, 6.00, 0.00, 0.00, 0.00, 0.00, 24.00, 0.00, -24.00, 0.00, 981.06, -2688.93, 3891.64, 299.36, 0
4346, 0.43, 100.00, 6.00, 0.00, 0.00, 0.00, 0.00, 26.00, 0.00, -26.00, 0.00, 981.07, -2471.25, 3777.84, 290.60, 0
4213, 0.42, 100.00, 6.00, 0.00, 0.00, 0.00, 0.00, 28.00, 0.00, -28.00, 0.00, 981.01, -2251.07, 3677.08, 282.85, 0
4086, 0.41, 100.00, 6.00, 0.00, 0.00, 0.00, 0.00, 30.00, 0.00, -30.00, 0.00, 981.02, -2038.11, 3601.98, 277.08, 0
3967, 0.40, 100.00, 6.00, 0.00, 0.00, 0.00, 0.00, 32.00, 0.00, -32.00, 0.00, 981.02, -1819.93, 3543.24, 272.56, 0
3857, 0.39, 100.00, 6.00, 0.00, 0.00, 0.00, 0.00, 34.00, 0.00, -34.00, 0.00, 981.02, -1588.62, 3498.26, 269.10, 0
3757, 0.38, 100.00, 6.00, 0.00, 0.00, 0.00, 0.00, 36.00, 0.00, -36.00, 0.00, 981.02, -1334.94, 3466.53, 266.66, 0
3670, 0.37, 100.00, 6.00, 0.00, 0.00, 0.00, 0.00, 38.00, 0.00, -38.00, 0.00, 981.00, -1036.49, 3443.58, 264.89, 0
3601, 0.36, 100.00, 6.00, 0.00, 0.00, 0.00, 0.00, 40.00, 0.00, -40.00, 0.00, 981.00, -657.55, 3434.87, 264.22, 0
3712, 0.37, 100.00, 8.00, 0.00, 0.00, 0.00, 0.00, 0.00, 0.00, 0.00, 0.00, 981.10, -8736.51, 9784.27, 889.48, 0
4060, 0.41, 100.00, 8.00, 0.00, 0.00, 0.00, 0.00, 2.00, 0.00, -2.00, 0.00, 981.20, -7633.39, 8580.69, 780.06, 0
4348, 0.43, 100.00, 8.00, 0.00, 0.00, 0.00, 0.00, 4.00, 0.00, -4.00, 0.00, 981.21, -6685.23, 7559.83, 687.26, 0
4555, 0.46, 100.00, 8.00, 0.00, 0.00, 0.00, 0.00, 6.00, 0.00, -6.00, 0.00, 981.09, -5902.15, 6729.97, 611.82, 0
4673, 0.47, 100.00, 8.00, 0.00, 0.00, 0.00, 0.00, 8.00, 0.00, -8.00, 0.00, 981.06, -5278.94, 6083.56, 553.05, 0
4713, 0.47, 100.00, 8.00, 0.00, 0.00, 0.00, 0.00, 10.00, 0.00, -10.00, 0.00, 981.01, -4776.67, 5577.14, 507.01, 0
4697, 0.47, 100.00, 8.00, 0.00, 0.00, 0.00, 0.00, 12.00, 0.00, -12.00, 0.00, 981.18, -4348.18, 5158.21, 468.93, 0
4638, 0.46, 100.00, 8.00, 0.00, 0.00, 0.00, 0.00, 14.00, 0.00, -14.00, 0.00, 981.08, -3973.97, 4805.80, 436.89, 0
4547, 0.45, 100.00, 8.00, 0.00, 0.00, 0.00, 0.00, 16.00, 0.00, -16.00, 0.00, 981.10, -3655.49, 4521.33, 411.03, 0
4436, 0.44, 100.00, 8.00, 0.00, 0.00, 0.00, 0.00, 18.00, 0.00, -18.00, 0.00, 981.11, -3377.35, 4288.38, 389.85, 0
4314, 0.43, 100.00, 8.00, 0.00, 0.00, 0.00, 0.00, 20.00, 0.00, -20.00, 0.00, 981.07, -3128.66, 4095.55, 372.32, 0
4187, 0.42, 100.00, 8.00, 0.00, 0.00, 0.00, 0.00, 22.00, 0.00, -22.00, 0.00, 981.03, -2904.15, 3937.69, 357.97, 0
4059, 0.41, 100.00, 8.00, 0.00, 0.00, 0.00, 0.00, 24.00, 0.00, -24.00, 0.00, 981.03, -2700.32, 3811.69, 346.52, 0
3933, 0.39, 100.00, 8.00, 0.00, 0.00, 0.00, 0.00, 26.00, 0.00, -26.00, 0.00, 981.03, -2511.60, 3712.45, 337.50, 0
3811, 0.38, 100.00, 8.00, 0.00, 0.00, 0.00, 0.00, 28.00, 0.00, -28.00, 0.00, 981.05, -2332.86, 3635.58, 330.51, 0
3695, 0.37, 100.00, 8.00, 0.00, 0.00, 0.00, 0.00, 30.00, 0.00, -30.00, 0.00, 981.01, -2154.65, 3572.58, 324.78, 0
3584, 0.36, 100.00, 8.00, 0.00, 0.00, 0.00, 0.00, 32.00, 0.00, -32.00, 0.00, 981.04, -1984.81, 3533.22, 321.20, 0
3480, 0.35, 100.00, 8.00, 0.00, 0.00, 0.00, 0.00, 34.00, 0.00, -34.00, 0.00, 981.03, -1808.98, 3505.01, 318.64, 0
3383, 0.34, 100.00, 8.00, 0.00, 0.00, 0.00, 0.00, 36.00, 0.00, -36.00, 0.00, 981.02, -1624.95, 3488.95, 317.18, 0
3293, 0.33, 100.00, 8.00, 0.00, 0.00, 0.00, 0.00, 38.00, 0.00, -38.00, 0.00, 981.02, -1429.56, 3486.26, 316.93, 0
3211, 0.32, 100.00, 8.00, 0.00, 0.00, 0.00, 0.00, 40.00, 0.00, -40.00, 0.00, 981.01, -1212.14, 3493.66, 317.61, 0
3621, 0.36, 100.00, 10.00, 0.00, 0.00, 0.00, 0.00, 0.00, 0.00, 0.00, 0.00, 981.04, -7807.76, 8724.03, 957.52, 0
4001, 0.40, 100.00, 10.00, 0.00, 0.00, 0.00, 0.00, 2.00, 0.00, -2.00, 0.00, 981.20, -6657.32, 7469.61, 819.84, 0
4332, 0.43, 100.00, 10.00, 0.00, 0.00, 0.00, 0.00, 4.00, 0.00, -4.00, 0.00, 981.06, -5675.91, 6410.67, 703.61, 0
4586, 0.46, 100.00, 10.00, 0.00, 0.00, 0.00, 0.00, 6.00, 0.00, -6.00, 0.00, 981.15, -4880.65, 5562.77, 610.55, 0
4751, 0.48, 100.00, 10.00, 0.00, 0.00, 0.00, 0.00, 8.00, 0.00, -8.00, 0.00, 981.14, -4254.25, 4905.49, 538.41, 0
4829, 0.48, 100.00, 10.00, 0.00, 0.00, 0.00, 0.00, 10.00, 0.00, -10.00, 0.00, 981.02, -3768.47, 4407.25, 483.72, 0
4842, 0.48, 100.00, 10.00, 0.00, 0.00, 0.00, 0.00, 12.00, 0.00, -12.00, 0.00, 981.09, -3373.40, 4012.74, 440.42, 0
4806, 0.48, 100.00, 10.00, 0.00, 0.00, 0.00, 0.00, 14.00, 0.00, -14.00, 0.00, 981.05, -3040.31, 3690.71, 405.08, 0
4732, 0.47, 100.00, 10.00, 0.00, 0.00, 0.00, 0.00, 16.00, 0.00, -16.00, 0.00, 981.08, -2764.47, 3435.96, 377.12, 0
4634, 0.46, 100.00, 10.00, 0.00, 0.00, 0.00, 0.00, 18.00, 0.00, -18.00, 0.00, 981.00, -2525.29, 3226.41, 354.12, 0
4519, 0.45, 100.00, 10.00, 0.00, 0.00, 0.00, 0.00, 20.00, 0.00, -20.00, 0.00, 981.04, -2325.50, 3065.11, 336.41, 0
4397, 0.44, 100.00, 10.00, 0.00, 0.00, 0.00, 0.00, 22.00, 0.00, -22.00, 0.00, 981.01, -2145.00, 2930.79, 321.67, 0
4271, 0.43, 100.00, 10.00, 0.00, 0.00, 0.00, 0.00, 24.00, 0.00, -24.00, 0.00, 981.03, -1987.41, 2827.72, 310.36, 0
4146, 0.41, 100.00, 10.00, 0.00, 0.00, 0.00, 0.00, 26.00, 0.00, -26.00, 0.00, 981.02, -1841.32, 2744.24, 301.20, 0
4024, 0.40, 100.00, 10.00, 0.00, 0.00, 0.00, 0.00, 28.00, 0.00, -28.00, 0.00, 981.01, -1704.35, 2678.50, 293.98, 0
3906, 0.39, 100.00, 10.00, 0.00, 0.00, 0.00, 0.00, 30.00, 0.00, -30.00, 0.00, 981.01, -1575.44, 2630.20, 288.68, 0
3793, 0.38, 100.00, 10.00, 0.00, 0.00, 0.00, 0.00, 32.00, 0.00, -32.00, 0.00, 981.01, -1451.40, 2596.97, 285.03, 0
3686, 0.37, 100.00, 10.00, 0.00, 0.00, 0.00, 0.00, 34.00, 0.00, -34.00, 0.00, 981.02, -1327.67, 2575.38, 282.66, 0
3586, 0.36, 100.00, 10.00, 0.00, 0.00, 0.00, 0.00, 36.00, 0.00, -36.00, 0.00, 981.01, -1198.74, 2561.71, 281.16, 0
3492, 0.35, 100.00, 10.00, 0.00, 0.00, 0.00, 0.00, 38.00, 0.00, -38.00, 0.00, 981.01, -1067.15, 2560.68, 281.05, 0
3406, 0.34, 100.00, 10.00, 0.00, 0.00, 0.00, 0.00, 40.00, 0.00, -40.00, 0.00, 981.01, -921.87, 2565.30, 281.56, 0
3298, 0.33, 100.00, 12.00, 0.00, 0.00, 0.00, 0.00, 0.00, 0.00, 0.00, 0.00, 981.29, -8604.10, 9593.33, 1065.93, 0
3645, 0.36, 100.00, 12.00, 0.00, 0.00, 0.00, 0.00, 2.00, 0.00, -2.00, 0.00, 981.35, -7350.44, 8227.53, 914.17, 0
3948, 0.39, 100.00, 12.00, 0.00, 0.00, 0.00, 0.00, 4.00, 0.00, -4.00, 0.00, 981.11, -6277.38, 7070.56, 785.62, 0
4181, 0.42, 100.00, 12.00, 0.00, 0.00, 0.00, 0.00, 6.00, 0.00, -6.00, 0.00, 981.22, -5406.71, 6142.66, 682.52, 0
4334, 0.43, 100.00, 12.00, 0.00, 0.00, 0.00, 0.00, 8.00, 0.00, -8.00, 0.00, 981.10, -4714.98, 5416.72, 601.86, 0
4407, 0.44, 100.00, 12.00, 0.00, 0.00, 0.00, 0.00, 10.00, 0.00, -10.00, 0.00, 981.04, -4181.04, 4868.60, 540.96, 0
4420, 0.44, 100.00, 12.00, 0.00, 0.00, 0.00, 0.00, 12.00, 0.00, -12.00, 0.00, 981.07, -3746.76, 4434.24, 492.69, 0
4387, 0.44, 100.00, 12.00, 0.00, 0.00, 0.00, 0.00, 14.00, 0.00, -14.00, 0.00, 981.08, -3385.78, 4084.85, 453.87, 0
4320, 0.43, 100.00, 12.00, 0.00, 0.00, 0.00, 0.00, 16.00, 0.00, -16.00, 0.00, 981.02, -3082.28, 3803.35, 422.59, 0
4229, 0.42, 100.00, 12.00, 0.00, 0.00, 0.00, 0.00, 18.00, 0.00, -18.00, 0.00, 981.02, -2829.42, 3582.36, 398.04, 0
4123, 0.41, 100.00, 12.00, 0.00, 0.00, 0.00, 0.00, 20.00, 0.00, -20.00, 0.00, 981.07, -2616.21, 3410.19, 378.91, 0
4010, 0.40, 100.00, 12.00, 0.00, 0.00, 0.00, 0.00, 22.00, 0.00, -22.00, 0.00, 981.06, -2426.93, 3270.26, 363.36, 0
3894, 0.39, 100.00, 12.00, 0.00, 0.00, 0.00, 0.00, 24.00, 0.00, -24.00, 0.00, 981.05, -2259.02, 3160.20, 351.13, 0
3778, 0.38, 100.00, 12.00, 0.00, 0.00, 0.00, 0.00, 26.00, 0.00, -26.00, 0.00, 981.05, -2108.56, 3076.27, 341.81, 0
3665, 0.37, 100.00, 12.00, 0.00, 0.00, 0.00, 0.00, 28.00, 0.00, -28.00, 0.00, 981.03, -1966.64, 3009.58, 334.40, 0
3556, 0.36, 100.00, 12.00, 0.00, 0.00, 0.00, 0.00, 30.00, 0.00, -30.00, 0.00, 981.00, -1831.77, 2959.32, 328.81, 0
3451, 0.35, 100.00, 12.00, 0.00, 0.00, 0.00, 0.00, 32.00, 0.00, -32.00, 0.00, 981.00, -1705.57, 2928.01, 325.33, 0
3351, 0.34, 100.00, 12.00, 0.00, 0.00, 0.00, 0.00, 34.00, 0.00, -34.00, 0.00, 981.01, -1582.53, 2910.91, 323.43, 0
3256, 0.33, 100.00, 12.00, 0.00, 0.00, 0.00, 0.00, 36.00, 0.00, -36.00, 0.00, 981.03, -1461.58, 2908.08, 323.12, 0
3168, 0.32, 100.00, 12.00, 0.00, 0.00, 0.00, 0.00, 38.00, 0.00, -38.00, 0.00, 981.01, -1329.79, 2908.47, 323.16, 0
3085, 0.31, 100.00, 12.00, 0.00, 0.00, 0.00, 0.00, 40.00, 0.00, -40.00, 0.00, 981.01, -1195.86, 2922.83, 324.76, 0
3077, 0.31, 100.00, 14.00, 0.00, 0.00, 0.00, 0.00, 0.00, 0.00, 0.00, 0.00, 981.23, -8131.71, 9035.89, 1174.67, 0
3436, 0.34, 100.00, 14.00, 0.00, 0.00, 0.00, 0.00, 2.00, 0.00, -2.00, 0.00, 981.07, -6787.06, 7573.70, 984.58, 0
3762, 0.38, 100.00, 14.00, 0.00, 0.00, 0.00, 0.00, 4.00, 0.00, -4.00, 0.00, 981.02, -5652.72, 6350.33, 825.54, 0
4028, 0.40, 100.00, 14.00, 0.00, 0.00, 0.00, 0.00, 6.00, 0.00, -6.00, 0.00, 981.12, -4740.90, 5375.65, 698.83, 0
4219, 0.42, 100.00, 14.00, 0.00, 0.00, 0.00, 0.00, 8.00, 0.00, -8.00, 0.00, 981.02, -4025.99, 4620.22, 600.63, 0
4329, 0.43, 100.00, 14.00, 0.00, 0.00, 0.00, 0.00, 10.00, 0.00, -10.00, 0.00, 981.06, -3486.32, 4059.36, 527.72, 0
4370, 0.44, 100.00, 14.00, 0.00, 0.00, 0.00, 0.00, 12.00, 0.00, -12.00, 0.00, 981.07, -3071.21, 3637.81, 472.92, 0
4362, 0.44, 100.00, 14.00, 0.00, 0.00, 0.00, 0.00, 14.00, 0.00, -14.00, 0.00, 981.06, -2733.69, 3304.16, 429.54, 0
4315, 0.43, 100.00, 14.00, 0.00, 0.00, 0.00, 0.00, 16.00, 0.00, -16.00, 0.00, 981.06, -2460.44, 3044.06, 395.73, 0
4241, 0.42, 100.00, 14.00, 0.00, 0.00, 0.00, 0.00, 18.00, 0.00, -18.00, 0.00, 981.01, -2233.81, 2838.53, 369.01, 0
4148, 0.41, 100.00, 14.00, 0.00, 0.00, 0.00, 0.00, 20.00, 0.00, -20.00, 0.00, 981.02, -2048.37, 2681.78, 348.63, 0
4045, 0.40, 100.00, 14.00, 0.00, 0.00, 0.00, 0.00, 22.00, 0.00, -22.00, 0.00, 981.00, -1888.22, 2556.91, 332.40, 0
3936, 0.39, 100.00, 14.00, 0.00, 0.00, 0.00, 0.00, 24.00, 0.00, -24.00, 0.00, 981.01, -1751.90, 2462.56, 320.13, 0
3825, 0.38, 100.00, 14.00, 0.00, 0.00, 0.00, 0.00, 26.00, 0.00, -26.00, 0.00, 981.03, -1633.07, 2392.20, 310.99, 0
3716, 0.37, 100.00, 14.00, 0.00, 0.00, 0.00, 0.00, 28.00, 0.00, -28.00, 0.00, 981.01, -1521.88, 2335.73, 303.65, 0
3609, 0.36, 100.00, 14.00, 0.00, 0.00, 0.00, 0.00, 30.00, 0.00, -30.00, 0.00, 981.01, -1421.74, 2297.17, 298.63, 0
3506, 0.35, 100.00, 14.00, 0.00, 0.00, 0.00, 0.00, 32.00, 0.00, -32.00, 0.00, 981.01, -1326.34, 2270.36, 295.15, 0
3407, 0.34, 100.00, 14.00, 0.00, 0.00, 0.00, 0.00, 34.00, 0.00, -34.00, 0.00, 981.01, -1236.05, 2256.26, 293.31, 0
3313, 0.33, 100.00, 14.00, 0.00, 0.00, 0.00, 0.00, 36.00, 0.00, -36.00, 0.00, 981.01, -1146.45, 2251.02, 292.63, 0
3224, 0.32, 100.00, 14.00, 0.00, 0.00, 0.00, 0.00, 38.00, 0.00, -38.00, 0.00, 981.00, -1056.51, 2254.49, 293.08, 0
3140, 0.31, 100.00, 14.00, 0.00, 0.00, 0.00, 0.00, 40.00, 0.00, -40.00, 0.00, 981.01, -964.82, 2266.34, 294.62, 0
2391, 0.24, 100.00, 16.00, 0.00, 0.00, 0.00, 0.00, 0.00, 0.00, 0.00, 0.00, 981.38, -10165.67, 11236.91, 1555.88, 0
2679, 0.27, 100.00, 16.00, 0.00, 0.00, 0.00, 0.00, 2.00, 0.00, -2.00, 0.00, 981.24, -8465.33, 9392.21, 1300.46, 0
2945, 0.29, 100.00, 16.00, 0.00, 0.00, 0.00, 0.00, 4.00, 0.00, -4.00, 0.00, 981.02, -7025.69, 7842.16, 1085.84, 0
3166, 0.32, 100.00, 16.00, 0.00, 0.00, 0.00, 0.00, 6.00, 0.00, -6.00, 0.00, 981.16, -5869.39, 6606.80, 914.79, 0
3330, 0.33, 100.00, 16.00, 0.00, 0.00, 0.00, 0.00, 8.00, 0.00, -8.00, 0.00, 981.01, -4957.87, 5642.46, 781.26, 0
3430, 0.34, 100.00, 16.00, 0.00, 0.00, 0.00, 0.00, 10.00, 0.00, -10.00, 0.00, 981.08, -4269.80, 4924.54, 681.86, 0
3473, 0.35, 100.00, 16.00, 0.00, 0.00, 0.00, 0.00, 12.00, 0.00, -12.00, 0.00, 981.09, -3746.21, 4389.03, 607.71, 0
3475, 0.35, 100.00, 16.00, 0.00, 0.00, 0.00, 0.00, 14.00, 0.00, -14.00, 0.00, 981.01, -3323.40, 3966.63, 549.23, 0
3443, 0.34, 100.00, 16.00, 0.00, 0.00, 0.00, 0.00, 16.00, 0.00, -16.00, 0.00, 981.01, -2991.40, 3646.46, 504.89, 0
3387, 0.34, 100.00, 16.00, 0.00, 0.00, 0.00, 0.00, 18.00, 0.00, -18.00, 0.00, 981.02, -2725.15, 3401.60, 470.99, 0
3315, 0.33, 100.00, 16.00, 0.00, 0.00, 0.00, 0.00, 20.00, 0.00, -20.00, 0.00, 981.04, -2508.41, 3214.69, 445.11, 0
3234, 0.32, 100.00, 16.00, 0.00, 0.00, 0.00, 0.00, 22.00, 0.00, -22.00, 0.00, 981.01, -2324.22, 3067.66, 424.75, 0
3147, 0.31, 100.00, 16.00, 0.00, 0.00, 0.00, 0.00, 24.00, 0.00, -24.00, 0.00, 981.02, -2172.76, 2960.84, 409.96, 0
3058, 0.31, 100.00, 16.00, 0.00, 0.00, 0.00, 0.00, 26.00, 0.00, -26.00, 0.00, 981.03, -2042.46, 2882.05, 399.05, 0
2970, 0.30, 100.00, 16.00, 0.00, 0.00, 0.00, 0.00, 28.00, 0.00, -28.00, 0.00, 981.00, -1923.35, 2820.93, 390.59, 0
2883, 0.29, 100.00, 16.00, 0.00, 0.00, 0.00, 0.00, 30.00, 0.00, -30.00, 0.00, 981.00, -1820.09, 2782.75, 385.30, 0
2798, 0.28, 100.00, 16.00, 0.00, 0.00, 0.00, 0.00, 32.00, 0.00, -32.00, 0.00, 981.02, -1729.24, 2764.12, 382.72, 0
2717, 0.27, 100.00, 16.00, 0.00, 0.00, 0.00, 0.00, 34.00, 0.00, -34.00, 0.00, 981.01, -1639.63, 2753.66, 381.28, 0
2639, 0.26, 100.00, 16.00, 0.00, 0.00, 0.00, 0.00, 36.00, 0.00, -36.00, 0.00, 981.01, -1557.20, 2758.02, 381.88, 0
2564, 0.26, 100.00, 16.00, 0.00, 0.00, 0.00, 0.00, 38.00, 0.00, -38.00, 0.00, 981.02, -1481.26, 2776.86, 384.49, 0
2494, 0.25, 100.00, 16.00, 0.00, 0.00, 0.00, 0.00, 40.00, 0.00, -40.00, 0.00, 981.00, -1397.90, 2796.55, 387.21, 0
2220, 0.22, 100.00, 18.00, 0.00, 0.00, 0.00, 0.00, 0.00, 0.00, 0.00, 0.00, 981.43, -10968.70, 12110.62, 1686.84, 0
2488, 0.25, 100.00, 18.00, 0.00, 0.00, 0.00, 0.00, 2.00, 0.00, -2.00, 0.00, 981.17, -9142.95, 10130.84, 1411.08, 0
2735, 0.27, 100.00, 18.00, 0.00, 0.00, 0.00, 0.00, 4.00, 0.00, -4.00, 0.00, 981.11, -7600.83, 8471.06, 1179.90, 0
2941, 0.29, 100.00, 18.00, 0.00, 0.00, 0.00, 0.00, 6.00, 0.00, -6.00, 0.00, 981.21, -6356.50, 7142.06, 994.79, 0
3094, 0.31, 100.00, 18.00, 0.00, 0.00, 0.00, 0.00, 8.00, 0.00, -8.00, 0.00, 981.09, -5375.67, 6104.51, 850.27, 0
3188, 0.32, 100.00, 18.00, 0.00, 0.00, 0.00, 0.00, 10.00, 0.00, -10.00, 0.00, 981.12, -4631.48, 5327.81, 742.09, 0
3229, 0.32, 100.00, 18.00, 0.00, 0.00, 0.00, 0.00, 12.00, 0.00, -12.00, 0.00, 981.10, -4064.16, 4747.05, 661.20, 0
3231, 0.32, 100.00, 18.00, 0.00, 0.00, 0.00, 0.00, 14.00, 0.00, -14.00, 0.00, 981.05, -3610.45, 4293.38, 598.01, 0
3201, 0.32, 100.00, 18.00, 0.00, 0.00, 0.00, 0.00, 16.00, 0.00, -16.00, 0.00, 981.08, -3256.29, 3951.54, 550.39, 0
3150, 0.32, 100.00, 18.00, 0.00, 0.00, 0.00, 0.00, 18.00, 0.00, -18.00, 0.00, 981.00, -2962.72, 3679.78, 512.54, 0
3083, 0.31, 100.00, 18.00, 0.00, 0.00, 0.00, 0.00, 20.00, 0.00, -20.00, 0.00, 981.01, -2730.11, 3478.47, 484.50, 0
3006, 0.30, 100.00, 18.00, 0.00, 0.00, 0.00, 0.00, 22.00, 0.00, -22.00, 0.00, 981.06, -2543.58, 3331.77, 464.07, 0
2925, 0.29, 100.00, 18.00, 0.00, 0.00, 0.00, 0.00, 24.00, 0.00, -24.00, 0.00, 981.05, -2381.11, 3216.27, 447.98, 0
2842, 0.28, 100.00, 18.00, 0.00, 0.00, 0.00, 0.00, 26.00, 0.00, -26.00, 0.00, 981.04, -2242.37, 3131.80, 436.22, 0
2760, 0.28, 100.00, 18.00, 0.00, 0.00, 0.00, 0.00, 28.00, 0.00, -28.00, 0.00, 981.00, -2115.16, 3065.62, 427.00, 0
2678, 0.27, 100.00, 18.00, 0.00, 0.00, 0.00, 0.00, 30.00, 0.00, -30.00, 0.00, 981.02, -2011.72, 3031.04, 422.18, 0
2599, 0.26, 100.00, 18.00, 0.00, 0.00, 0.00, 0.00, 32.00, 0.00, -32.00, 0.00, 981.01, -1913.84, 3008.98, 419.11, 0
2523, 0.25, 100.00, 18.00, 0.00, 0.00, 0.00, 0.00, 34.00, 0.00, -34.00, 0.00, 981.00, -1822.51, 3000.92, 417.99, 0
2449, 0.24, 100.00, 18.00, 0.00, 0.00, 0.00, 0.00, 36.00, 0.00, -36.00, 0.00, 981.03, -1745.07, 3014.85, 419.93, 0
2380, 0.24, 100.00, 18.00, 0.00, 0.00, 0.00, 0.00, 38.00, 0.00, -38.00, 0.00, 981.00, -1658.69, 3027.46, 421.68, 0
2313, 0.23, 100.00, 18.00, 0.00, 0.00, 0.00, 0.00, 40.00, 0.00, -40.00, 0.00, 981.01, -1584.29, 3060.85, 426.33, 0
2391, 0.24, 100.00, 19.00, 0.00, 0.00, 0.00, 0.00, 0.00, 0.00, 0.00, 0.00, 981.38, -10165.67, 11236.91, 1555.88, 0
2679, 0.27, 100.00, 19.00, 0.00, 0.00, 0.00, 0.00, 2.00, 0.00, -2.00, 0.00, 981.24, -8465.33, 9392.21, 1300.46, 0
2945, 0.29, 100.00, 19.00, 0.00, 0.00, 0.00, 0.00, 4.00, 0.00, -4.00, 0.00, 981.02, -7025.69, 7842.16, 1085.84, 0
3166, 0.32, 100.00, 19.00, 0.00, 0.00, 0.00, 0.00, 6.00, 0.00, -6.00, 0.00, 981.16, -5869.39, 6606.80, 914.79, 0
3330, 0.33, 100.00, 19.00, 0.00, 0.00, 0.00, 0.00, 8.00, 0.00, -8.00, 0.00, 981.01, -4957.87, 5642.46, 781.26, 0
3430, 0.34, 100.00, 19.00, 0.00, 0.00, 0.00, 0.00, 10.00, 0.00, -10.00, 0.00, 981.08, -4269.80, 4924.54, 681.86, 0
3473, 0.35, 100.00, 19.00, 0.00, 0.00, 0.00, 0.00, 12.00, 0.00, -12.00, 0.00, 981.09, -3746.21, 4389.03, 607.71, 0
3475, 0.35, 100.00, 19.00, 0.00, 0.00, 0.00, 0.00, 14.00, 0.00, -14.00, 0.00, 981.01, -3323.40, 3966.63, 549.23, 0
3443, 0.34, 100.00, 19.00, 0.00, 0.00, 0.00, 0.00, 16.00, 0.00, -16.00, 0.00, 981.01, -2991.40, 3646.46, 504.89, 0
3387, 0.34, 100.00, 19.00, 0.00, 0.00, 0.00, 0.00, 18.00, 0.00, -18.00, 0.00, 981.02, -2725.15, 3401.60, 470.99, 0
3315, 0.33, 100.00, 19.00, 0.00, 0.00, 0.00, 0.00, 20.00, 0.00, -20.00, 0.00, 981.04, -2508.41, 3214.69, 445.11, 0
3234, 0.32, 100.00, 19.00, 0.00, 0.00, 0.00, 0.00, 22.00, 0.00, -22.00, 0.00, 981.01, -2324.22, 3067.66, 424.75, 0
3147, 0.31, 100.00, 19.00, 0.00, 0.00, 0.00, 0.00, 24.00, 0.00, -24.00, 0.00, 981.02, -2172.76, 2960.84, 409.96, 0
3058, 0.31, 100.00, 19.00, 0.00, 0.00, 0.00, 0.00, 26.00, 0.00, -26.00, 0.00, 981.03, -2042.46, 2882.05, 399.05, 0
2970, 0.30, 100.00, 19.00, 0.00, 0.00, 0.00, 0.00, 28.00, 0.00, -28.00, 0.00, 981.00, -1923.35, 2820.93, 390.59, 0
2883, 0.29, 100.00, 19.00, 0.00, 0.00, 0.00, 0.00, 30.00, 0.00, -30.00, 0.00, 981.00, -1820.09, 2782.75, 385.30, 0
2798, 0.28, 100.00, 19.00, 0.00, 0.00, 0.00, 0.00, 32.00, 0.00, -32.00, 0.00, 981.02, -1729.24, 2764.12, 382.72, 0
2717, 0.27, 100.00, 19.00, 0.00, 0.00, 0.00, 0.00, 34.00, 0.00, -34.00, 0.00, 981.01, -1639.63, 2753.66, 381.28, 0
2639, 0.26, 100.00, 19.00, 0.00, 0.00, 0.00, 0.00, 36.00, 0.00, -36.00, 0.00, 981.01, -1557.20, 2758.02, 381.88, 0
2564, 0.26, 100.00, 19.00, 0.00, 0.00, 0.00, 0.00, 38.00, 0.00, -38.00, 0.00, 981.02, -1481.26, 2776.86, 384.49, 0
2494, 0.25, 100.00, 19.00, 0.00, 0.00, 0.00, 0.00, 40.00, 0.00, -40.00, 0.00, 981.00, -1397.90, 2796.55, 387.21, 0
3147, 0.31, 100.00, 20.00, 0.00, 0.00, 0.00, 0.00, 0.00, 0.00, 0.00, 0.00, 981.04, -5293.04, 5836.87, 1114.31, 0
3639, 0.36, 100.00, 20.00, 0.00, 0.00, 0.00, 0.00, 2.00, 0.00, -2.00, 0.00, 981.09, -4054.50, 4500.71, 859.23, 0
4144, 0.41, 100.00, 20.00, 0.00, 0.00, 0.00, 0.00, 4.00, 0.00, -4.00, 0.00, 981.05, -3056.18, 3428.40, 654.51, 0
4624, 0.46, 100.00, 20.00, 0.00, 0.00, 0.00, 0.00, 6.00, 0.00, -6.00, 0.00, 981.04, -2294.27, 2613.45, 498.93, 0
5041, 0.50, 100.00, 20.00, 0.00, 0.00, 0.00, 0.00, 8.00, 0.00, -8.00, 0.00, 981.03, -1738.60, 2022.25, 386.07, 0
5367, 0.54, 100.00, 20.00, 0.00, 0.00, 0.00, 0.00, 10.00, 0.00, -10.00, 0.00, 981.01, -1346.05, 1608.03, 306.99, 0
5590, 0.56, 100.00, 20.00, 0.00, 0.00, 0.00, 0.00, 12.00, 0.00, -12.00, 0.00, 981.01, -1073.61, 1324.40, 252.84, 0
5714, 0.57, 100.00, 20.00, 0.00, 0.00, 0.00, 0.00, 14.00, 0.00, -14.00, 0.00, 981.01, -885.00, 1132.28, 216.16, 0
5766, 0.58, 100.00, 20.00, 0.00, 0.00, 0.00, 0.00, 16.00, 0.00, -16.00, 0.00, 981.01, -745.83, 994.60, 189.88, 0
5762, 0.58, 100.00, 20.00, 0.00, 0.00, 0.00, 0.00, 18.00, 0.00, -18.00, 0.00, 981.01, -640.67, 894.74, 170.81, 0
5716, 0.57, 100.00, 20.00, 0.00, 0.00, 0.00, 0.00, 20.00, 0.00, -20.00, 0.00, 981.01, -559.02, 821.46, 156.82, 0
5640, 0.56, 100.00, 20.00, 0.00, 0.00, 0.00, 0.00, 22.00, 0.00, -22.00, 0.00, 981.00, -494.11, 767.52, 146.53, 0
5543, 0.55, 100.00, 20.00, 0.00, 0.00, 0.00, 0.00, 24.00, 0.00, -24.00, 0.00, 981.00, -441.66, 728.36, 139.05, 0
5435, 0.54, 100.00, 20.00, 0.00, 0.00, 0.00, 0.00, 26.00, 0.00, -26.00, 0.00, 981.00, -396.67, 698.76, 133.40, 0
5319, 0.53, 100.00, 20.00, 0.00, 0.00, 0.00, 0.00, 28.00, 0.00, -28.00, 0.00, 981.00, -358.38, 677.93, 129.42, 0
5201, 0.52, 100.00, 20.00, 0.00, 0.00, 0.00, 0.00, 30.00, 0.00, -30.00, 0.00, 981.00, -323.80, 662.86, 126.55, 0
5083, 0.51, 100.00, 20.00, 0.00, 0.00, 0.00, 0.00, 32.00, 0.00, -32.00, 0.00, 981.00, -292.14, 652.85, 124.63, 0
4967, 0.50, 100.00, 20.00, 0.00, 0.00, 0.00, 0.00, 34.00, 0.00, -34.00, 0.00, 981.00, -262.37, 646.99, 123.52, 0
4854, 0.49, 100.00, 20.00, 0.00, 0.00, 0.00, 0.00, 36.00, 0.00, -36.00, 0.00, 981.00, -233.90, 644.86, 123.11, 0
4747, 0.47, 100.00, 20.00, 0.00, 0.00, 0.00, 0.00, 38.00, 0.00, -38.00, 0.00, 981.00, -204.88, 644.99, 123.13, 0
4644, 0.46, 100.00, 20.00, 0.00, 0.00, 0.00, 0.00, 40.00, 0.00, -40.00, 0.00, 981.00, -176.21, 648.45, 123.80, 0
