Iter,TotTime,m_block,Alpha,Theta0,Theta_fin,V_theta_fin,V_block_fin,Wind_x,Wind_y,Vkitex,Vkitez,Vrelx,Vrely,F_vinc,Tension,Lift,Drag,Stability
35056, 3.51, 100.00, -8.00, 2.36, 0.00, 0.00, 0.00, 0.00, 0.00, 0.00, 0.00, 0.00, 0.00, 981.00, -182.87, -191.19, 6.37, 0
46506, 4.65, 100.00, -8.00, 2.36, 0.00, 0.00, 0.00, -2.00, 0.00, 0.00, 0.00, 2.00, 0.00, 981.00, 238.48, -228.83, 7.63, 0
40180, 4.02, 100.00, -8.00, 2.36, 0.00, 0.00, 0.00, -4.00, 0.00, 0.00, 0.00, 4.00, 0.00, 981.00, 664.46, -640.69, 21.36, 0
27821, 2.78, 100.00, -8.00, 2.36, 0.00, 0.00, 0.00, -6.00, 0.00, 0.00, 0.00, 6.00, 0.00, 980.89, 1272.95, -1230.40, 41.01, 0
21375, 2.14, 100.00, -8.00, 2.36, 0.00, 0.00, 0.00, -8.00, 0.00, 0.00, 0.00, 8.00, 0.00, 980.98, 2048.17, -1981.50, 66.05, 0
17370, 1.74, 100.00, -8.00, 2.36, 0.00, 0.00, 0.00, -10.00, 0.00, 0.00, 0.00, 10.00, 0.00, 980.94, 2996.73, -2900.60, 96.69, 0
14628, 1.46, 100.00, -8.00, 2.36, 0.00, 0.00, 0.00, -12.00, 0.00, 0.00, 0.00, 12.00, 0.00, 980.59, 4118.22, -3987.26, 132.91, 0
12632, 1.26, 100.00, -8.00, 2.36, 0.00, 0.00, 0.00, -14.00, 0.00, 0.00, 0.00, 14.00, 0.00, 979.86, 5409.52, -5238.49, 174.62, 0
11115, 1.11, 100.00, -8.00, 2.36, 0.00, 0.00, 0.00, -16.00, 0.00, 0.00, 0.00, 16.00, 0.00, 980.49, 6875.88, -6659.32, 221.98, 0
9921, 0.99, 100.00, -8.00, 2.36, 0.00, 0.00, 0.00, -18.00, 0.00, 0.00, 0.00, 18.00, 0.00, 979.06, 8513.60, -8246.20, 274.87, 0
8959, 0.90, 100.00, -8.00, 2.36, 0.00, 0.00, 0.00, -20.00, 0.00, 0.00, 0.00, 20.00, 0.00, 978.41, 10322.26, -9998.71, 333.29, 0
8167, 0.82, 100.00, -8.00, 2.36, 0.00, 0.00, 0.00, -22.00, 0.00, 0.00, 0.00, 22.00, 0.00, 978.95, 12311.10, -11925.76, 397.53, 0
7504, 0.75, 100.00, -8.00, 2.36, 0.00, 0.00, 0.00, -24.00, 0.00, 0.00, 0.00, 24.00, 0.00, 979.68, 14488.96, -14036.20, 467.87, 0
6939, 0.69, 100.00, -8.00, 2.36, 0.00, 0.00, 0.00, -26.00, 0.00, 0.00, 0.00, 26.00, 0.00, 977.28, 16878.39, -16351.69, 545.06, 0
6452, 0.65, 100.00, -8.00, 2.36, 0.00, 0.00, 0.00, -28.00, 0.00, 0.00, 0.00, 28.00, 0.00, 974.12, 19491.03, -18883.38, 629.45, 0
6029, 0.60, 100.00, -8.00, 2.36, 0.00, 0.00, 0.00, -30.00, 0.00, 0.00, 0.00, 30.00, 0.00, 972.16, 22298.96, -21604.40, 720.15, 0
5659, 0.57, 100.00, -8.00, 2.36, 0.00, 0.00, 0.00, -32.00, 0.00, 0.00, 0.00, 32.00, 0.00, 977.96, 25303.53, -24516.07, 817.20, 0
5330, 0.53, 100.00, -8.00, 2.36, 0.00, 0.00, 0.00, -34.00, 0.00, 0.00, 0.00, 34.00, 0.00, 974.46, 28524.81, -27637.65, 921.26, 0
5038, 0.50, 100.00, -8.00, 2.36, 0.00, 0.00, 0.00, -36.00, 0.00, 0.00, 0.00, 36.00, 0.00, 977.80, 31926.20, -30933.96, 1031.13, 0
4775, 0.48, 100.00, -8.00, 2.36, 0.00, 0.00, 0.00, -38.00, 0.00, 0.00, 0.00, 38.00, 0.00, 972.41, 35560.21, -34455.49, 1148.52, 0
4538, 0.45, 100.00, -8.00, 2.36, 0.00, 0.00, 0.00, -40.00, 0.00, 0.00, 0.00, 40.00, 0.00, 965.98, 39378.37, -38155.63, 1271.85, 0
35057, 3.51, 100.00, -6.00, 2.36, 0.00, 0.00, 0.00, 0.00, 0.00, 0.00, 0.00, 0.00, 0.00, 981.00, -55.39, -63.71, 6.37, 0
38403, 3.84, 100.00, -6.00, 2.36, 0.00, 0.00, 0.00, -2.00, 0.00, 0.00, 0.00, 2.00, 0.00, 981.00, 65.60, -57.84, 5.78, 0
37226, 3.72, 100.00, -6.00, 2.36, 0.00, 0.00, 0.00, -4.00, 0.00, 0.00, 0.00, 4.00, 0.00, 981.00, 114.71, -101.43, 10.14, 0
30628, 3.06, 100.00, -6.00, 2.36, 0.00, 0.00, 0.00, -6.00, 0.00, 0.00, 0.00, 6.00, 0.00, 980.99, 195.02, -172.86, 17.29, 0
24638, 2.46, 100.00, -6.00, 2.36, 0.00, 0.00, 0.00, -8.00, 0.00, 0.00, 0.00, 8.00, 0.00, 980.98, 300.59, -266.85, 26.68, 0
20798, 2.08, 100.00, -6.00, 2.36, 0.00, 0.00, 0.00, -10.00, 0.00, 0.00, 0.00, 10.00, 0.00, 980.98, 432.62, -384.80, 38.48, 0
18044, 1.80, 100.00, -6.00, 2.36, 0.00, 0.00, 0.00, -12.00, 0.00, 0.00, 0.00, 12.00, 0.00, 980.99, 589.30, -525.64, 52.56, 0
15941, 1.59, 100.00, -6.00, 2.36, 0.00, 0.00, 0.00, -14.00, 0.00, 0.00, 0.00, 14.00, 0.00, 980.90, 769.36, -687.39, 68.74, 0
14274, 1.43, 100.00, -6.00, 2.36, 0.00, 0.00, 0.00, -16.00, 0.00, 0.00, 0.00, 16.00, 0.00, 980.95, 973.15, -870.39, 87.04, 0
12917, 1.29, 100.00, -6.00, 2.36, 0.00, 0.00, 0.00, -18.00, 0.00, 0.00, 0.00, 18.00, 0.00, 980.96, 1200.13, -1074.18, 107.42, 0
11791, 1.18, 100.00, -6.00, 2.36, 0.00, 0.00, 0.00, -20.00, 0.00, 0.00, 0.00, 20.00, 0.00, 980.91, 1450.40, -1298.85, 129.88, 0
10861, 1.09, 100.00, -6.00, 2.36, 0.00, 0.00, 0.00, -22.00, 0.00, 0.00, 0.00, 22.00, 0.00, 980.92, 1713.86, -1535.52, 153.55, 0
10066, 1.01, 100.00, -6.00, 2.36, 0.00, 0.00, 0.00, -24.00, 0.00, 0.00, 0.00, 24.00, 0.00, 980.58, 1994.40, -1787.61, 178.76, 0
9375, 0.94, 100.00, -6.00, 2.36, 0.00, 0.00, 0.00, -26.00, 0.00, 0.00, 0.00, 26.00, 0.00, 980.83, 2298.77, -2061.12, 206.11, 0
8768, 0.88, 100.00, -6.00, 2.36, 0.00, 0.00, 0.00, -28.00, 0.00, 0.00, 0.00, 28.00, 0.00, 980.59, 2624.86, -2354.12, 235.41, 0
8232, 0.82, 100.00, -6.00, 2.36, 0.00, 0.00, 0.00, -30.00, 0.00, 0.00, 0.00, 30.00, 0.00, 980.35, 2973.67, -2667.55, 266.75, 0
7756, 0.78, 100.00, -6.00, 2.36, 0.00, 0.00, 0.00, -32.00, 0.00, 0.00, 0.00, 32.00, 0.00, 980.36, 3345.83, -3001.94, 300.19, 0
7331, 0.73, 100.00, -6.00, 2.36, 0.00, 0.00, 0.00, -34.00, 0.00, 0.00, 0.00, 34.00, 0.00, 980.92, 3741.97, -3357.87, 335.79, 0
6948, 0.69, 100.00, -6.00, 2.36, 0.00, 0.00, 0.00, -36.00, 0.00, 0.00, 0.00, 36.00, 0.00, 980.28, 4158.51, -3732.13, 373.21, 0
6603, 0.66, 100.00, -6.00, 2.36, 0.00, 0.00, 0.00, -38.00, 0.00, 0.00, 0.00, 38.00, 0.00, 980.84, 4600.43, -4129.19, 412.92, 0
6289, 0.63, 100.00, -6.00, 2.36, 0.00, 0.00, 0.00, -40.00, 0.00, 0.00, 0.00, 40.00, 0.00, 979.83, 5062.06, -4543.97, 454.40, 0
32638, 3.26, 100.00, -4.00, 2.36, 0.00, 0.00, 0.00, 0.00, 0.00, 0.00, 0.00, 0.00, 0.00, 981.00, 107.40, 95.00, 1.90, 0
29564, 2.96, 100.00, -4.00, 2.36, 0.00, 0.00, 0.00, -2.00, 0.00, 0.00, 0.00, 2.00, 0.00, 981.00, -119.32, 137.72, 2.75, 0
29736, 2.97, 100.00, -4.00, 2.36, 0.00, 0.00, 0.00, -4.00, 0.00, 0.00, 0.00, 4.00, 0.00, 981.01, -135.33, 157.16, 3.14, 0
52708, 5.27, 100.00, -4.00, 2.36, 0.00, 0.00, 0.00, -6.00, 0.00, 0.00, 0.00, 6.00, 0.00, 981.00, -14.42, 19.43, 0.39, 0
117873, 11.79, 100.00, -4.00, 2.36, 0.00, 0.00, 0.00, -8.00, 0.00, 0.00, 0.00, 8.00, 0.00, 981.00, -3.66, 11.27, 0.23, 0
1000000, 100.00, 100.00, -4.00, 2.36, 2.62, 0.00, 0.00, -10.00, 0.00, -1.03, -1.79, 8.97, -1.79, 981.23, -0.47, 12.82, 0.26, 0
1000000, 100.00, 100.00, -4.00, 2.36, 2.04, 0.00, 0.00, -12.00, 0.00, -2.77, -1.40, 9.23, -1.40, 978.79, 2.48, 13.35, 0.27, 1
1000000, 100.00, 100.00, -4.00, 2.36, 1.42, 0.00, 0.00, -14.00, 0.00, -3.05, 0.45, 10.95, 0.45, 972.62, 8.47, 18.38, 0.37, 1
1000000, 100.00, 100.00, -4.00, 2.36, 1.60, 0.00, 0.00, -16.00, 0.00, -4.17, -0.11, 11.83, -0.11, 969.04, 11.96, 21.42, 0.43, 1
1000000, 100.00, 100.00, -4.00, 2.36, 1.62, 0.00, 0.00, -18.00, 0.00, -3.17, -0.16, 14.83, -0.16, 956.95, 24.08, 33.70, 0.67, 1
1000000, 100.00, 100.00, -4.00, 2.36, 1.60, 0.00, -0.00, -20.00, 0.00, -2.59, -0.09, 17.41, -0.09, 944.28, 36.74, 46.41, 0.93, 1
1000000, 100.00, 100.00, -4.00, 2.36, 1.58, 0.00, -0.00, -22.00, 0.00, -2.02, -0.03, 19.98, -0.03, 929.59, 51.41, 61.13, 1.22, 1
1000000, 100.00, 100.00, -4.00, 2.36, 1.57, 0.00, 0.00, -24.00, 0.00, -1.06, -0.00, 22.94, -0.00, 910.20, 70.80, 80.59, 1.61, 1
1000000, 100.00, 100.00, -4.00, 2.36, 1.57, 0.00, 0.00, -26.00, 0.00, 0.11, 0.00, 26.11, 0.00, 886.45, 94.55, 104.35, 2.09, 1
1000000, 100.00, 100.00, -4.00, 2.36, 1.59, 0.00, -0.00, -28.00, 0.00, 0.82, 0.01, 28.82, 0.01, 863.56, 117.45, 127.22, 2.54, 1
1000000, 100.00, 100.00, -4.00, 2.36, 1.60, 0.00, -0.00, -30.00, 0.00, 0.69, 0.02, 30.69, 0.02, 846.61, 134.44, 144.21, 2.88, 1
1000000, 100.00, 100.00, -4.00, 2.36, 1.60, 0.00, 0.00, -32.00, 0.00, 0.06, 0.00, 32.06, 0.00, 833.41, 147.64, 157.42, 3.15, 1
1000000, 100.00, 100.00, -4.00, 2.36, 1.59, 0.00, 0.00, -34.00, 0.00, -0.36, -0.01, 33.64, -0.01, 817.52, 163.52, 173.29, 3.47, 1
1000000, 100.00, 100.00, -4.00, 2.36, 1.59, 0.00, -0.00, -36.00, 0.00, -0.27, -0.01, 35.73, -0.01, 795.37, 185.67, 195.44, 3.91, 1
1000000, 100.00, 100.00, -4.00, 2.36, 1.59, 0.00, 0.00, -38.00, 0.00, 0.05, 0.00, 38.05, 0.00, 769.12, 211.91, 221.68, 4.43, 1
1000000, 100.00, 100.00, -4.00, 2.36, 1.59, 0.00, 0.00, -40.00, 0.00, 0.19, 0.00, 40.19, 0.00, 743.51, 237.54, 247.30, 4.95, 1
35061, 3.51, 100.00, -2.00, 2.36, 0.00, 0.00, 0.00, 0.00, 0.00, 0.00, 0.00, 0.00, 0.00, 980.99, 262.95, 254.63, 6.37, 0
25700, 2.57, 100.00, -2.00, 2.36, 0.00, 0.00, 0.00, -2.00, 0.00, 0.00, 0.00, 2.00, 0.00, 980.96, 781.03, 760.13, 19.00, 0
206846, 20.68, 100.00, -2.00, 2.36, 0.00, 0.00, 0.00, -4.00, 0.00, 0.00, 0.00, 4.00, 0.00, 981.00, -0.76, 9.90, 0.25, 0
1000000, 100.00, 100.00, -2.00, 2.36, 1.73, 0.00, 0.00, -6.00, 0.00, -4.05, -0.65, 1.95, -0.65, 987.95, -7.04, 2.57, 0.06, 0
1000000, 100.00, 100.00, -2.00, 2.36, 1.60, 0.00, -0.00, -8.00, 0.00, -0.37, -0.01, 7.63, -0.01, 955.18, 25.84, 35.63, 0.89, 1
1000000, 100.00, 100.00, -2.00, 2.36, 1.60, 0.00, 0.00, -10.00, 0.00, -0.04, -0.00, 9.96, -0.00, 930.10, 50.92, 60.71, 1.52, 1
1000000, 100.00, 100.00, -2.00, 2.36, 1.60, 0.00, 0.00, -12.00, 0.00, -0.01, -0.00, 11.99, -0.00, 902.75, 78.28, 88.06, 2.20, 1
50220, 5.02, 100.00, -2.00, 2.36, 0.00, 0.00, 0.00, -14.00, 0.00, 0.00, 0.00, 14.00, 0.00, 980.88, 2290.75, 2266.53, 56.66, 0
43890, 4.39, 100.00, -2.00, 2.36, 0.00, 0.00, 0.00, -16.00, 0.00, 0.00, 0.00, 16.00, 0.00, 980.66, 3247.68, 3211.29, 80.28, 0
1000000, 100.00, 100.00, -2.00, 2.36, 1.60, 0.00, -0.00, -18.00, 0.00, -0.00, -0.00, 18.00, -0.00, 792.36, 188.70, 198.45, 4.96, 1
1000000, 100.00, 100.00, -2.00, 2.36, 1.60, 0.00, -0.00, -20.00, 0.00, 0.00, -0.00, 20.00, -0.00, 745.81, 235.27, 245.00, 6.13, 1
1000000, 100.00, 100.00, -2.00, 2.36, 1.60, 0.00, -0.00, -22.00, 0.00, 0.00, -0.00, 22.00, -0.00, 694.36, 286.74, 296.45, 7.41, 1
1000000, 100.00, 100.00, -2.00, 2.36, 1.60, 0.00, 0.00, -24.00, 0.00, 0.00, -0.00, 24.00, -0.00, 638.01, 343.10, 352.80, 8.82, 1
1000000, 100.00, 100.00, -2.00, 2.36, 1.60, 0.00, -0.00, -26.00, 0.00, 0.00, -0.00, 26.00, -0.00, 576.76, 404.37, 414.05, 10.35, 1
1000000, 100.00, 100.00, -2.00, 2.36, 1.60, 0.00, 0.00, -28.00, 0.00, 0.00, -0.00, 28.00, -0.00, 510.61, 470.54, 480.20, 12.01, 1
1000000, 100.00, 100.00, -2.00, 2.36, 1.60, 0.00, -0.00, -30.00, 0.00, 0.00, -0.00, 30.00, -0.00, 439.56, 541.62, 551.25, 13.78, 1
1000000, 100.00, 100.00, -2.00, 2.36, 1.60, 0.00, -0.00, -32.00, 0.00, 0.00, -0.00, 32.00, -0.00, 363.61, 617.59, 627.20, 15.68, 1
1000000, 100.00, 100.00, -2.00, 2.36, 1.60, 0.00, -0.00, -34.00, 0.00, 0.00, -0.00, 34.00, -0.00, 282.76, 698.46, 708.05, 17.70, 1
1000000, 100.00, 100.00, -2.00, 2.36, 1.60, 0.00, -0.00, -36.00, 0.00, 0.00, -0.00, 36.00, -0.00, 197.01, 784.24, 793.80, 19.85, 1
1000000, 100.00, 100.00, -2.00, 2.36, 1.60, 0.00, -0.00, -38.00, 0.00, 0.00, -0.00, 38.00, -0.00, 106.36, 874.92, 884.45, 22.11, 1
1000000, 100.00, 100.00, -2.00, 2.36, 1.60, 0.00, -0.98, -40.00, 0.00, -0.98, -0.00, 39.02, -0.00, 58.23, 923.06, 932.58, 23.31, 1
38115, 3.81, 100.00, 0.00, 2.36, 0.00, 0.00, 0.00, 0.00, 0.00, 0.00, 0.00, 0.00, 0.00, 981.00, 302.24, 296.70, 8.48, 0
28858, 2.89, 100.00, 0.00, 2.36, 0.00, 0.00, 0.00, -2.00, 0.00, 0.00, 0.00, 2.00, 0.00, 981.00, 206.47, 201.19, 5.75, 0
201397, 20.14, 100.00, 0.00, 2.36, 0.00, 0.00, 0.00, -4.00, 0.00, 0.00, 0.00, 4.00, 0.00, 981.00, -279.38, 294.49, 8.41, 0
1000000, 100.00, 100.00, 0.00, 2.36, 1.61, 0.00, 0.00, -6.00, 0.00, -0.04, -0.00, 5.96, -0.00, 952.73, 28.29, 38.08, 1.09, 1
1000000, 100.00, 100.00, 0.00, 2.36, 1.60, 0.00, 0.00, -8.00, 0.00, 0.00, -0.00, 8.00, -0.00, 922.21, 58.82, 68.60, 1.96, 1
1000000, 100.00, 100.00, 0.00, 2.36, 1.60, 0.00, 0.00, -10.00, 0.00, -0.00, -0.00, 10.00, -0.00, 883.62, 97.43, 107.19, 3.06, 1
1000000, 100.00, 100.00, 0.00, 2.36, 1.60, 0.00, -0.00, -12.00, 0.00, 0.00, -0.00, 12.00, -0.00, 836.46, 144.61, 154.35, 4.41, 1
1000000, 100.00, 100.00, 0.00, 2.36, 1.60, 0.00, 0.00, -14.00, 0.00, 0.00, -0.00, 14.00, -0.00, 780.72, 200.37, 210.09, 6.00, 1
1000000, 100.00, 100.00, 0.00, 2.36, 1.60, 0.00, 0.00, -16.00, 0.00, 0.00, -0.00, 16.00, -0.00, 716.41, 264.71, 274.40, 7.84, 1
1000000, 100.00, 100.00, 0.00, 2.36, 1.60, 0.00, -0.00, -18.00, 0.00, 0.00, -0.00, 18.00, -0.00, 643.52, 337.62, 347.29, 9.92, 1
1000000, 100.00, 100.00, 0.00, 2.36, 1.60, 0.00, -0.00, -20.00, 0.00, 0.00, -0.00, 20.00, -0.00, 562.06, 419.12, 428.75, 12.25, 1
1000000, 100.00, 100.00, 0.00, 2.36, 1.60, 0.00, -0.00, -22.00, 0.00, 0.00, -0.00, 22.00, -0.00, 472.02, 509.19, 518.79, 14.82, 1
1000000, 100.00, 100.00, 0.00, 2.36, 1.60, 0.00, 0.00, -24.00, 0.00, 0.00, -0.00, 24.00, -0.00, 373.41, 607.85, 617.40, 17.64, 1
1000000, 100.00, 100.00, 0.00, 2.36, 1.60, 0.00, -0.00, -26.00, 0.00, 0.00, -0.00, 26.00, -0.00, 266.22, 715.08, 724.59, 20.70, 1
1000000, 100.00, 100.00, 0.00, 2.36, 1.60, 0.00, -0.00, -28.00, 0.00, 0.00, -0.00, 28.00, -0.00, 150.46, 830.89, 840.35, 24.01, 1
1000000, 100.00, 100.00, 0.00, 2.36, 1.60, 0.00, -0.63, -30.00, 0.00, -0.63, -0.00, 29.37, -0.00, 66.00, 915.38, 924.81, 26.42, 1
1000000, 100.00, 100.00, 0.00, 2.36, 1.60, 0.00, -0.00, -32.00, 0.00, 0.00, -0.00, 32.00, -0.00, -106.79, 1088.24, 1097.60, 31.36, 1
1000000, 100.00, 100.00, 0.00, 2.36, 1.60, 0.00, 0.00, -34.00, 0.00, 0.00, -0.00, 34.00, -0.00, -248.28, 1229.79, 1239.09, 35.40, 1
1000000, 100.00, 100.00, 0.00, 2.36, 1.60, 0.00, -0.00, -36.00, 0.00, 0.00, -0.00, 36.00, -0.00, -398.34, 1379.91, 1389.15, 39.69, 1
1000000, 100.00, 100.00, 0.00, 2.36, 1.60, 0.00, -0.00, -38.00, 0.00, 0.00, -0.00, 38.00, -0.00, -556.98, 1538.62, 1547.79, 44.22, 1
1000000, 100.00, 100.00, 0.00, 2.36, 1.60, 0.00, 0.00, -40.00, 0.00, 0.00, -0.00, 40.00, -0.00, -724.20, 1705.90, 1715.00, 49.00, 1
44037, 4.40, 100.00, 2.00, 2.36, 0.00, 0.00, 0.00, 0.00, 0.00, 0.00, 0.00, 0.00, 0.00, 981.00, 202.70, 199.60, 9.50, 0
31968, 3.20, 100.00, 2.00, 2.36, 0.00, 0.00, 0.00, -2.00, 0.00, 0.00, 0.00, 2.00, 0.00, 981.00, -213.06, 223.86, 10.66, 0
159548, 15.95, 100.00, 2.00, 2.36, 0.00, 0.00, 0.00, -4.00, 0.00, 0.00, 0.00, 4.00, 0.00, 981.01, -363.15, 378.64, 18.03, 0
1000000, 100.00, 100.00, 2.00, 2.36, 1.63, 0.00, 0.00, -6.00, 0.00, 0.00, -0.00, 6.00, -0.00, 944.50, 36.56, 46.31, 2.21, 1
1000000, 100.00, 100.00, 2.00, 2.36, 1.62, 0.00, -0.00, -8.00, 0.00, 0.00, -0.00, 8.00, -0.00, 908.49, 72.62, 82.32, 3.92, 1
1000000, 100.00, 100.00, 2.00, 2.36, 1.62, 0.00, -0.00, -10.00, 0.00, 0.00, -0.00, 10.00, -0.00, 862.18, 118.97, 128.63, 6.13, 1
1000000, 100.00, 100.00, 2.00, 2.36, 1.62, 0.00, -0.00, -12.00, 0.00, 0.00, -0.00, 12.00, -0.00, 805.59, 175.63, 185.22, 8.82, 1
1000000, 100.00, 100.00, 2.00, 2.36, 1.62, 0.00, -0.00, -14.00, 0.00, 0.00, -0.00, 14.00, -0.00, 738.70, 242.59, 252.11, 12.01, 1
1000000, 100.00, 100.00, 2.00, 2.36, 1.62, 0.00, 0.00, -16.00, 0.00, 0.00, -0.00, 16.00, -0.00, 661.53, 319.85, 329.28, 15.68, 1
1000000, 100.00, 100.00, 2.00, 2.36, 1.62, 0.00, 0.00, -18.00, 0.00, 0.00, -0.00, 18.00, -0.00, 574.06, 407.42, 416.75, 19.85, 1
1000000, 100.00, 100.00, 2.00, 2.36, 1.62, 0.00, -0.00, -20.00, 0.00, 0.00, -0.00, 20.00, -0.00, 476.31, 505.28, 514.50, 24.50, 1
1000000, 100.00, 100.00, 2.00, 2.36, 1.62, 0.00, -0.00, -22.00, 0.00, 0.00, -0.00, 22.00, -0.00, 368.26, 613.45, 622.55, 29.65, 1
1000000, 100.00, 100.00, 2.00, 2.36, 1.62, 0.00, -0.00, -24.00, 0.00, 0.00, -0.00, 24.00, -0.00, 249.93, 731.92, 740.88, 35.28, 1
1000000, 100.00, 100.00, 2.00, 2.36, 1.62, 0.00, -0.00, -26.00, 0.00, 0.00, -0.00, 26.00, -0.00, 121.30, 860.69, 869.51, 41.41, 1
1000000, 100.00, 100.00, 2.00, 2.36, 1.62, 0.00, -1.76, -28.00, 0.00, -1.76, -0.00, 26.24, -0.00, 105.38, 876.63, 885.43, 42.16, 1
1000000, 100.00, 100.00, 2.00, 2.36, 1.62, 0.00, -0.00, -30.00, 0.00, 0.00, -0.00, 30.00, -0.00, -166.82, 1149.14, 1157.63, 55.13, 1
1000000, 100.00, 100.00, 2.00, 2.36, 1.62, 0.00, 0.00, -32.00, 0.00, 0.00, -0.00, 32.00, -0.00, -326.31, 1308.82, 1317.12, 62.72, 1
1000000, 100.00, 100.00, 2.00, 2.36, 1.62, 0.00, -0.00, -34.00, 0.00, 0.00, -0.00, 34.00, -0.00, -496.10, 1478.79, 1486.91, 70.81, 1
1000000, 100.00, 100.00, 2.00, 2.36, 1.62, 0.00, 0.00, -36.00, 0.00, 0.00, -0.00, 36.00, -0.00, -676.17, 1659.07, 1666.98, 79.38, 1
1000000, 100.00, 100.00, 2.00, 2.36, 1.62, 0.00, 0.00, -38.00, 0.00, 0.00, -0.00, 38.00, -0.00, -866.54, 1849.65, 1857.35, 88.45, 1
1000000, 100.00, 100.00, 2.00, 2.36, 1.62, 0.00, 0.00, -40.00, 0.00, 0.00, -0.00, 40.00, -0.00, -1067.20, 2050.54, 2058.00, 98.00, 1
49527, 4.95, 100.00, 4.00, 2.36, 0.00, 0.00, 0.00, 0.00, 0.00, 0.00, 0.00, 0.00, 0.00, 981.00, 182.93, 180.83, 9.69, 0
37315, 3.73, 100.00, 4.00, 2.36, 0.00, 0.00, 0.00, -2.00, 0.00, 0.00, 0.00, 2.00, 0.00, 981.00, -187.25, 199.32, 10.68, 0
1000000, 100.00, 100.00, 4.00, 2.36, 1.65, 0.00, -0.00, -4.00, 0.00, 0.00, 0.00, 4.00, 0.00, 963.35, 17.71, 27.46, 1.47, 1
1000000, 100.00, 100.00, 4.00, 2.36, 1.63, 0.00, -0.00, -6.00, 0.00, 0.00, -0.00, 6.00, -0.00, 929.07, 52.04, 61.74, 3.31, 1
1000000, 100.00, 100.00, 4.00, 2.36, 1.63, 0.00, -0.00, -8.00, 0.00, 0.00, -0.00, 8.00, -0.00, 881.05, 100.12, 109.76, 5.88, 1
1000000, 100.00, 100.00, 4.00, 2.36, 1.63, 0.00, 0.00, -10.00, 0.00, 0.00, -0.00, 10.00, -0.00, 819.31, 161.95, 171.50, 9.19, 1
1000000, 100.00, 100.00, 4.00, 2.36, 1.63, 0.00, 0.00, -12.00, 0.00, 0.00, -0.00, 12.00, -0.00, 743.85, 237.52, 246.96, 13.23, 1
1000000, 100.00, 100.00, 4.00, 2.36, 1.63, 0.00, 0.00, -14.00, 0.00, 0.00, -0.00, 14.00, -0.00, 654.67, 326.83, 336.14, 18.01, 1
1000000, 100.00, 100.00, 4.00, 2.36, 1.63, 0.00, -0.00, -16.00, 0.00, 0.00, -0.00, 16.00, -0.00, 551.77, 429.87, 439.04, 23.52, 1
1000000, 100.00, 100.00, 4.00, 2.36, 1.63, 0.00, -0.00, -18.00, 0.00, 0.00, -0.00, 18.00, -0.00, 435.15, 546.66, 555.66, 29.77, 1
1000000, 100.00, 100.00, 4.00, 2.36, 1.63, 0.00, 0.00, -20.00, 0.00, 0.00, -0.00, 20.00, -0.00, 304.81, 677.19, 686.00, 36.75, 1
1000000, 100.00, 100.00, 4.00, 2.36, 1.62, 0.00, 0.00, -22.00, 0.00, 0.00, -0.00, 22.00, -0.00, 160.75, 821.46, 830.06, 44.47, 1
1000000, 100.00, 100.00, 4.00, 2.36, 1.62, 0.00, -1.43, -24.00, 0.00, -1.43, -0.00, 22.57, -0.00, 117.01, 865.26, 873.80, 46.81, 1
1000000, 100.00, 100.00, 4.00, 2.36, 1.62, 0.00, -3.43, -26.00, 0.00, -3.43, -0.00, 22.57, -0.00, 117.00, 865.26, 873.81, 46.81, 1
1000000, 100.00, 100.00, 4.00, 2.36, 1.62, 0.00, -5.43, -28.00, 0.00, -5.43, -0.00, 22.57, -0.00, 117.00, 865.27, 873.81, 46.81, 1
1000000, 100.00, 100.00, 4.00, 2.36, 1.62, 0.00, 0.00, -30.00, 0.00, 0.00, -0.00, 30.00, -0.00, -552.69, 1535.92, 1543.50, 82.69, 1
1000000, 100.00, 100.00, 4.00, 2.36, 1.62, 0.00, 0.00, -32.00, 0.00, 0.00, -0.00, 32.00, -0.00, -765.35, 1748.88, 1756.16, 94.08, 1
1000000, 100.00, 100.00, 4.00, 2.36, 1.62, 0.00, -0.00, -34.00, 0.00, 0.00, -0.00, 34.00, -0.00, -991.73, 1975.59, 1982.54, 106.21, 1
1000000, 100.00, 100.00, 4.00, 2.36, 1.62, 0.00, 0.00, -36.00, 0.00, 0.00, -0.00, 36.00, -0.00, -1231.83, 2216.03, 2222.64, 119.07, 1
1000000, 100.00, 100.00, 4.00, 2.36, 1.62, 0.00, -0.00, -38.00, 0.00, 0.00, -0.00, 38.00, -0.00, -1485.66, 2470.22, 2476.46, 132.67, 1
1000000, 100.00, 100.00, 4.00, 2.36, 1.62, 0.00, -0.00, -40.00, 0.00, 0.00, -0.00, 40.00, -0.00, -1753.20, 2738.14, 2744.00, 147.00, 1
59230, 5.92, 100.00, 6.00, 2.36, 0.00, 0.00, 0.00, 0.00, 0.00, 0.00, 0.00, 0.00, 0.00, 981.00, 128.24, 126.96, 9.77, 0
196970, 19.70, 100.00, 6.00, 2.36, 0.00, 0.00, 0.00, -2.00, 0.00, 0.00, 0.00, 2.00, 0.00, 981.00, -5.16, 11.11, 0.85, 0
1000000, 100.00, 100.00, 6.00, 2.36, 1.68, 0.00, 0.00, -4.00, 0.00, 0.00, -0.00, 4.00, -0.00, 958.96, 22.18, 31.85, 2.45, 1
1000000, 100.00, 100.00, 6.00, 2.36, 1.66, 0.00, 0.00, -6.00, 0.00, 0.00, -0.00, 6.00, -0.00, 919.15, 62.10, 71.66, 5.51, 1
1000000, 100.00, 100.00, 6.00, 2.36, 1.65, 0.00, 0.00, -8.00, 0.00, 0.00, -0.00, 8.00, -0.00, 863.41, 118.00, 127.40, 9.80, 1
1000000, 100.00, 100.00, 6.00, 2.36, 1.65, 0.00, -0.00, -10.00, 0.00, 0.00, -0.00, 10.00, -0.00, 791.75, 189.87, 199.06, 15.31, 1
1000000, 100.00, 100.00, 6.00, 2.36, 1.65, 0.00, -0.00, -12.00, 0.00, 0.00, -0.00, 12.00, -0.00, 704.16, 277.72, 286.65, 22.05, 1
1000000, 100.00, 100.00, 6.00, 2.36, 1.65, 0.00, 0.00, -14.00, 0.00, 0.00, -0.00, 14.00, -0.00, 600.65, 381.53, 390.16, 30.01, 1
1000000, 100.00, 100.00, 6.00, 2.36, 1.65, 0.00, -0.00, -16.00, 0.00, 0.00, -0.00, 16.00, -0.00, 481.21, 501.33, 509.60, 39.20, 1
1000000, 100.00, 100.00, 6.00, 2.36, 1.65, 0.00, 0.00, -18.00, 0.00, 0.00, -0.00, 18.00, -0.00, 345.85, 637.09, 644.96, 49.61, 1
1000000, 100.00, 100.00, 6.00, 2.36, 1.65, 0.00, 0.00, -20.00, 0.00, 0.00, -0.00, 20.00, -0.00, 194.56, 788.82, 796.25, 61.25, 1
1000000, 100.00, 100.00, 6.00, 2.36, 1.65, 0.00, -1.57, -22.00, 0.00, -1.57, -0.00, 20.43, -0.00, 159.80, 823.68, 831.01, 63.92, 1
1000000, 100.00, 100.00, 6.00, 2.36, 1.65, 0.00, -3.57, -24.00, 0.00, -3.57, -0.00, 20.43, -0.00, 159.80, 823.68, 831.01, 63.92, 1
1000000, 100.00, 100.00, 6.00, 2.36, 1.65, 0.00, -5.57, -26.00, 0.00, -5.57, -0.00, 20.43, -0.00, 159.80, 823.69, 831.01, 63.92, 1
1000000, 100.00, 100.00, 6.00, 2.36, 1.65, 0.00, -7.57, -28.00, 0.00, -7.57, -0.00, 20.43, -0.00, 159.79, 823.69, 831.01, 63.92, 1
1000000, 100.00, 100.00, 6.00, 2.36, 1.65, 0.00, -9.57, -30.00, 0.00, -9.57, -0.00, 20.43, -0.00, 159.79, 823.69, 831.02, 63.92, 1
1000000, 100.00, 100.00, 6.00, 2.36, 1.65, 0.00, -11.57, -32.00, 0.00, -11.57, -0.00, 20.43, -0.00, 159.79, 823.70, 831.02, 63.92, 1
1000000, 100.00, 100.00, 6.00, 2.36, 1.65, 0.00, -13.57, -34.00, 0.00, -13.57, -0.00, 20.43, -0.00, 159.78, 823.70, 831.03, 63.93, 1
1000000, 100.00, 100.00, 6.00, 2.36, 1.65, 0.00, -15.57, -36.00, 0.00, -15.57, -0.00, 20.43, -0.00, 159.78, 823.70, 831.03, 63.93, 1
1000000, 100.00, 100.00, 6.00, 2.36, 1.65, 0.00, -17.57, -38.00, 0.00, -17.57, -0.00, 20.43, -0.00, 159.77, 823.71, 831.03, 63.93, 1
1000000, 100.00, 100.00, 6.00, 2.36, 1.65, 0.00, -0.00, -40.00, 0.00, 0.00, -0.00, 40.00, -0.00, -2194.20, 3184.63, 3185.00, 245.00, 1
67645, 6.76, 100.00, 8.00, 2.36, 0.00, 0.00, 0.00, 0.00, 0.00, 0.00, 0.00, 0.00, 0.00, 981.00, 108.57, 107.66, 9.79, 0
334252, 33.43, 100.00, 8.00, 2.36, 0.00, 0.00, 0.00, -2.00, 0.00, 0.00, 0.00, 2.00, 0.00, 981.00, -1.16, 9.86, 0.90, 0
1000000, 100.00, 100.00, 8.00, 2.36, 1.69, 0.00, 0.00, -4.00, 0.00, 0.00, -0.00, 4.00, -0.00, 953.08, 28.13, 37.73, 3.43, 1
1000000, 100.00, 100.00, 8.00, 2.36, 1.67, 0.00, 0.00, -6.00, 0.00, 0.00, -0.00, 6.00, -0.00, 905.92, 75.48, 84.89, 7.72, 1
1000000, 100.00, 100.00, 8.00, 2.36, 1.67, 0.00, -0.00, -8.00, 0.00, 0.00, -0.00, 8.00, -0.00, 839.89, 141.78, 150.92, 13.72, 1
1000000, 100.00, 100.00, 8.00, 2.36, 1.67, 0.00, -0.00, -10.00, 0.00, 0.00, -0.00, 10.00, -0.00, 755.00, 227.02, 235.81, 21.44, 1
1000000, 100.00, 100.00, 8.00, 2.36, 1.66, 0.00, 0.00, -12.00, 0.00, 0.00, -0.00, 12.00, -0.00, 651.24, 331.20, 339.57, 30.87, 1
1000000, 100.00, 100.00, 8.00, 2.36, 1.66, 0.00, 0.00, -14.00, 0.00, 0.00, -0.00, 14.00, -0.00, 528.62, 454.33, 462.19, 42.02, 1
1000000, 100.00, 100.00, 8.00, 2.36, 1.66, 0.00, -0.00, -16.00, 0.00, 0.00, -0.00, 16.00, -0.00, 387.13, 596.40, 603.68, 54.88, 1
1000000, 100.00, 100.00, 8.00, 2.36, 1.66, 0.00, -0.00, -18.00, 0.00, 0.00, -0.00, 18.00, -0.00, 226.78, 757.41, 764.03, 69.46, 1
1000000, 100.00, 100.00, 8.00, 2.36, 1.66, 0.00, -1.50, -20.00, 0.00, -1.50, -0.00, 18.50, -0.00, 183.48, 800.89, 807.33, 73.39, 1
1000000, 100.00, 100.00, 8.00, 2.36, 1.66, 0.00, -3.50, -22.00, 0.00, -3.50, -0.00, 18.50, -0.00, 183.48, 800.89, 807.33, 73.39, 1
1000000, 100.00, 100.00, 8.00, 2.36, 1.66, 0.00, -5.50, -24.00, 0.00, -5.50, -0.00, 18.50, -0.00, 183.48, 800.89, 807.33, 73.39, 1
1000000, 100.00, 100.00, 8.00, 2.36, 1.66, 0.00, -7.50, -26.00, 0.00, -7.50, -0.00, 18.50, -0.00, 183.48, 800.89, 807.33, 73.39, 1
1000000, 100.00, 100.00, 8.00, 2.36, 1.66, 0.00, -9.50, -28.00, 0.00, -9.50, -0.00, 18.50, -0.00, 183.47, 800.90, 807.34, 73.39, 1
1000000, 100.00, 100.00, 8.00, 2.36, 1.66, 0.00, -11.50, -30.00, 0.00, -11.50, -0.00, 18.50, -0.00, 183.47, 800.90, 807.34, 73.39, 1
1000000, 100.00, 100.00, 8.00, 2.36, 1.66, 0.00, -13.50, -32.00, 0.00, -13.50, -0.00, 18.50, -0.00, 183.47, 800.90, 807.34, 73.39, 1
1000000, 100.00, 100.00, 8.00, 2.36, 1.66, 0.00, -15.50, -34.00, 0.00, -15.50, -0.00, 18.50, -0.00, 183.46, 800.90, 807.34, 73.39, 1
1000000, 100.00, 100.00, 8.00, 2.36, 1.66, 0.00, -17.50, -36.00, 0.00, -17.50, -0.00, 18.50, -0.00, 183.46, 800.91, 807.35, 73.40, 1
1000000, 100.00, 100.00, 8.00, 2.36, 1.66, 0.00, -19.50, -38.00, 0.00, -19.50, -0.00, 18.50, -0.00, 183.46, 800.91, 807.35, 73.40, 1
1000000, 100.00, 100.00, 8.00, 2.36, 1.66, 0.00, -21.50, -40.00, 0.00, -21.50, -0.00, 18.50, -0.00, 183.45, 800.92, 807.36, 73.40, 1
75152, 7.52, 100.00, 10.00, 2.36, 0.00, 0.00, 0.00, 0.00, 0.00, 0.00, 0.00, 0.00, 0.00, 981.00, 89.96, 89.25, 9.80, 0
1000000, 100.00, 100.00, 10.00, 2.36, 2.81, 0.00, -0.92, -2.00, 0.00, -5.01, -11.83, -3.01, -11.83, 857.89, 376.24, 374.30, 41.08, 0
1000000, 100.00, 100.00, 10.00, 2.36, 1.71, 0.00, 0.00, -4.00, 0.00, 0.00, -0.00, 4.00, -0.00, 950.63, 30.69, 40.18, 4.41, 1
1000000, 100.00, 100.00, 10.00, 2.36, 1.69, 0.00, -0.00, -6.00, 0.00, 0.00, -0.00, 6.00, -0.00, 900.40, 81.20, 90.41, 9.92, 1
1000000, 100.00, 100.00, 10.00, 2.36, 1.69, 0.00, -0.00, -8.00, 0.00, 0.00, -0.00, 8.00, -0.00, 830.09, 151.94, 160.72, 17.64, 1
1000000, 100.00, 100.00, 10.00, 2.36, 1.68, 0.00, 0.00, -10.00, 0.00, 0.00, -0.00, 10.00, -0.00, 739.68, 242.88, 251.13, 27.56, 1
1000000, 100.00, 100.00, 10.00, 2.36, 1.68, 0.00, -0.00, -12.00, 0.00, 0.00, -0.00, 12.00, -0.00, 629.19, 354.04, 361.62, 39.69, 1
1000000, 100.00, 100.00, 10.00, 2.36, 1.68, 0.00, 0.00, -14.00, 0.00, 0.00, -0.00, 14.00, -0.00, 498.60, 485.41, 492.21, 54.02, 1
1000000, 100.00, 100.00, 10.00, 2.36, 1.68, 0.00, -0.00, -16.00, 0.00, 0.00, -0.00, 16.00, -0.00, 347.93, 636.99, 642.88, 70.56, 1
1000000, 100.00, 100.00, 10.00, 2.36, 1.68, 0.00, -0.40, -18.00, 0.00, -0.40, -0.00, 17.60, -0.00, 213.33, 772.40, 777.48, 85.33, 1
1000000, 100.00, 100.00, 10.00, 2.36, 1.68, 0.00, -2.40, -20.00, 0.00, -2.40, -0.00, 17.60, -0.00, 213.33, 772.40, 777.48, 85.33, 1
1000000, 100.00, 100.00, 10.00, 2.36, 1.68, 0.00, -4.40, -22.00, 0.00, -4.40, -0.00, 17.60, -0.00, 213.33, 772.40, 777.48, 85.33, 1
1000000, 100.00, 100.00, 10.00, 2.36, 1.68, 0.00, -6.40, -24.00, 0.00, -6.40, -0.00, 17.60, -0.00, 213.33, 772.40, 777.48, 85.33, 1
1000000, 100.00, 100.00, 10.00, 2.36, 1.68, 0.00, -8.40, -26.00, 0.00, -8.40, -0.00, 17.60, -0.00, 213.33, 772.40, 777.48, 85.33, 1
1000000, 100.00, 100.00, 10.00, 2.36, 1.68, 0.00, -10.40, -28.00, 0.00, -10.40, -0.00, 17.60, -0.00, 213.33, 772.40, 777.48, 85.33, 1
1000000, 100.00, 100.00, 10.00, 2.36, 1.68, 0.00, -12.40, -30.00, 0.00, -12.40, -0.00, 17.60, -0.00, 213.32, 772.40, 777.49, 85.33, 1
1000000, 100.00, 100.00, 10.00, 2.36, 1.68, 0.00, -14.40, -32.00, 0.00, -14.40, -0.00, 17.60, -0.00, 213.32, 772.41, 777.49, 85.33, 1
1000000, 100.00, 100.00, 10.00, 2.36, 1.68, 0.00, -16.40, -34.00, 0.00, -16.40, -0.00, 17.60, -0.00, 213.32, 772.41, 777.49, 85.33, 1
1000000, 100.00, 100.00, 10.00, 2.36, 1.68, 0.00, -18.40, -36.00, 0.00, -18.40, -0.00, 17.60, -0.00, 213.32, 772.41, 777.49, 85.33, 1
1000000, 100.00, 100.00, 10.00, 2.36, 1.68, 0.00, -20.40, -38.00, 0.00, -20.40, -0.00, 17.60, -0.00, 213.32, 772.41, 777.49, 85.33, 1
1000000, 100.00, 100.00, 10.00, 2.36, 1.68, 0.00, -22.40, -40.00, 0.00, -22.40, -0.00, 17.60, -0.00, 213.31, 772.41, 777.50, 85.33, 1
78643, 7.86, 100.00, 12.00, 2.36, 0.00, 0.00, 0.00, 0.00, 0.00, 0.00, 0.00, 0.00, 0.00, 981.00, 88.83, 88.19, 9.80, 0
1000000, 100.00, 100.00, 12.00, 2.36, 2.47, 0.00, -0.11, -2.00, 0.00, 6.10, 7.85, 8.10, 7.85, 764.56, 348.98, 350.73, 38.97, 0
1000000, 100.00, 100.00, 12.00, 2.36, 1.71, 0.00, -0.00, -4.00, 0.00, 0.00, -0.00, 4.00, -0.00, 946.71, 34.64, 44.10, 4.90, 1
1000000, 100.00, 100.00, 12.00, 2.36, 1.69, 0.00, -0.00, -6.00, 0.00, 0.00, -0.00, 6.00, -0.00, 891.58, 90.09, 99.23, 11.03, 1
1000000, 100.00, 100.00, 12.00, 2.36, 1.69, 0.00, 0.00, -8.00, 0.00, 0.00, -0.00, 8.00, -0.00, 814.41, 167.74, 176.40, 19.60, 1
1000000, 100.00, 100.00, 12.00, 2.36, 1.69, 0.00, -0.00, -10.00, 0.00, 0.00, -0.00, 10.00, -0.00, 715.18, 267.57, 275.63, 30.63, 1
1000000, 100.00, 100.00, 12.00, 2.36, 1.68, 0.00, -0.00, -12.00, 0.00, 0.00, -0.00, 12.00, -0.00, 593.91, 389.59, 396.90, 44.10, 1
1000000, 100.00, 100.00, 12.00, 2.36, 1.68, 0.00, -0.00, -14.00, 0.00, 0.00, -0.00, 14.00, -0.00, 450.58, 533.80, 540.23, 60.03, 1
1000000, 100.00, 100.00, 12.00, 2.36, 1.68, 0.00, 0.00, -16.00, 0.00, 0.00, -0.00, 16.00, -0.00, 285.21, 700.19, 705.60, 78.40, 1
1000000, 100.00, 100.00, 12.00, 2.36, 1.68, 0.00, -1.23, -18.00, 0.00, -1.23, -0.00, 16.77, -0.00, 215.39, 770.44, 775.42, 86.16, 1
1000000, 100.00, 100.00, 12.00, 2.36, 1.68, 0.00, -3.23, -20.00, 0.00, -3.23, -0.00, 16.77, -0.00, 215.39, 770.44, 775.42, 86.16, 1
1000000, 100.00, 100.00, 12.00, 2.36, 1.68, 0.00, -5.23, -22.00, 0.00, -5.23, -0.00, 16.77, -0.00, 215.39, 770.44, 775.42, 86.16, 1
1000000, 100.00, 100.00, 12.00, 2.36, 1.68, 0.00, -7.23, -24.00, 0.00, -7.23, -0.00, 16.77, -0.00, 215.39, 770.44, 775.42, 86.16, 1
1000000, 100.00, 100.00, 12.00, 2.36, 1.68, 0.00, -9.23, -26.00, 0.00, -9.23, -0.00, 16.77, -0.00, 215.39, 770.44, 775.42, 86.16, 1
1000000, 100.00, 100.00, 12.00, 2.36, 1.68, 0.00, -11.23, -28.00, 0.00, -11.23, -0.00, 16.77, -0.00, 215.39, 770.45, 775.42, 86.16, 1
1000000, 100.00, 100.00, 12.00, 2.36, 1.68, 0.00, -13.23, -30.00, 0.00, -13.23, -0.00, 16.77, -0.00, 215.38, 770.45, 775.42, 86.16, 1
1000000, 100.00, 100.00, 12.00, 2.36, 1.68, 0.00, -15.23, -32.00, 0.00, -15.23, -0.00, 16.77, -0.00, 215.38, 770.45, 775.43, 86.16, 1
1000000, 100.00, 100.00, 12.00, 2.36, 1.68, 0.00, -17.23, -34.00, 0.00, -17.23, -0.00, 16.77, -0.00, 215.38, 770.45, 775.43, 86.16, 1
1000000, 100.00, 100.00, 12.00, 2.36, 1.68, 0.00, -19.23, -36.00, 0.00, -19.23, -0.00, 16.77, -0.00, 215.38, 770.45, 775.43, 86.16, 1
1000000, 100.00, 100.00, 12.00, 2.36, 1.68, 0.00, -21.23, -38.00, 0.00, -21.23, -0.00, 16.77, -0.00, 215.38, 770.46, 775.43, 86.16, 1
1000000, 100.00, 100.00, 12.00, 2.36, 1.68, 0.00, -23.23, -40.00, 0.00, -23.23, -0.00, 16.77, -0.00, 215.37, 770.46, 775.44, 86.16, 1
88301, 8.83, 100.00, 14.00, 2.36, 0.00, 0.00, 0.00, 0.00, 0.00, 0.00, 0.00, 0.00, 0.00, 981.00, 75.90, 75.41, 9.80, 0
1000000, 100.00, 100.00, 14.00, 2.36, 2.36, 0.00, -0.00, -2.00, 0.00, 5.76, 5.76, 7.76, 5.76, 783.35, 279.33, 286.19, 37.20, 1
1000000, 100.00, 100.00, 14.00, 2.36, 1.73, 0.00, 0.00, -4.00, 0.00, 0.00, -0.00, 4.00, -0.00, 941.81, 39.70, 49.00, 6.37, 1
1000000, 100.00, 100.00, 14.00, 2.36, 1.71, 0.00, 0.00, -6.00, 0.00, 0.00, -0.00, 6.00, -0.00, 880.56, 101.46, 110.25, 14.33, 1
1000000, 100.00, 100.00, 14.00, 2.36, 1.71, 0.00, -0.00, -8.00, 0.00, 0.00, -0.00, 8.00, -0.00, 794.81, 187.93, 196.00, 25.48, 1
1000000, 100.00, 100.00, 14.00, 2.36, 1.70, 0.00, -0.00, -10.00, 0.00, 0.00, -0.00, 10.00, -0.00, 684.56, 299.10, 306.25, 39.81, 1
1000000, 100.00, 100.00, 14.00, 2.36, 1.70, 0.00, 0.00, -12.00, 0.00, 0.00, -0.00, 12.00, -0.00, 549.81, 434.98, 441.00, 57.33, 1
1000000, 100.00, 100.00, 14.00, 2.36, 1.70, 0.00, 0.00, -14.00, 0.00, 0.00, -0.00, 14.00, -0.00, 390.56, 595.57, 600.25, 78.03, 1
1000000, 100.00, 100.00, 14.00, 2.36, 1.70, 0.00, -0.37, -16.00, 0.00, -0.37, -0.00, 15.63, -0.00, 243.03, 744.35, 747.78, 97.21, 1
1000000, 100.00, 100.00, 14.00, 2.36, 1.70, 0.00, -2.37, -18.00, 0.00, -2.37, -0.00, 15.63, -0.00, 243.03, 744.35, 747.78, 97.21, 1
1000000, 100.00, 100.00, 14.00, 2.36, 1.70, 0.00, -4.37, -20.00, 0.00, -4.37, -0.00, 15.63, -0.00, 243.03, 744.35, 747.78, 97.21, 1
1000000, 100.00, 100.00, 14.00, 2.36, 1.70, 0.00, -6.37, -22.00, 0.00, -6.37, -0.00, 15.63, -0.00, 243.03, 744.35, 747.78, 97.21, 1
1000000, 100.00, 100.00, 14.00, 2.36, 1.70, 0.00, -8.37, -24.00, 0.00, -8.37, -0.00, 15.63, -0.00, 243.03, 744.35, 747.78, 97.21, 1
1000000, 100.00, 100.00, 14.00, 2.36, 1.70, 0.00, -10.37, -26.00, 0.00, -10.37, -0.00, 15.63, -0.00, 243.02, 744.35, 747.78, 97.21, 1
1000000, 100.00, 100.00, 14.00, 2.36, 1.70, 0.00, -12.37, -28.00, 0.00, -12.37, -0.00, 15.63, -0.00, 243.02, 744.35, 747.79, 97.21, 1
1000000, 100.00, 100.00, 14.00, 2.36, 1.70, 0.00, -14.37, -30.00, 0.00, -14.37, -0.00, 15.63, -0.00, 243.02, 744.35, 747.79, 97.21, 1
1000000, 100.00, 100.00, 14.00, 2.36, 1.70, 0.00, -16.37, -32.00, 0.00, -16.37, -0.00, 15.63, -0.00, 243.02, 744.35, 747.79, 97.21, 1
1000000, 100.00, 100.00, 14.00, 2.36, 1.70, 0.00, -18.37, -34.00, 0.00, -18.37, -0.00, 15.63, -0.00, 243.02, 744.35, 747.79, 97.21, 1
1000000, 100.00, 100.00, 14.00, 2.36, 1.70, 0.00, -20.37, -36.00, 0.00, -20.37, -0.00, 15.63, -0.00, 243.02, 744.36, 747.79, 97.21, 1
1000000, 100.00, 100.00, 14.00, 2.36, 1.70, 0.00, -22.37, -38.00, 0.00, -22.37, -0.00, 15.63, -0.00, 243.02, 744.36, 747.79, 97.21, 1
1000000, 100.00, 100.00, 14.00, 2.36, 1.70, 0.00, -24.37, -40.00, 0.00, -24.37, -0.00, 15.63, -0.00, 243.01, 744.36, 747.79, 97.21, 1
102407, 10.24, 100.00, 16.00, 2.36, 0.00, 0.00, 0.00, 0.00, 0.00, 0.00, 0.00, 0.00, 0.00, 981.00, 71.18, 70.82, 9.81, 0
1000000, 100.00, 100.00, 16.00, 2.36, 1.86, 0.00, -0.00, -2.00, 0.00, 0.16, 0.05, 2.16, 0.05, 972.19, 9.20, 18.58, 2.57, 1
1000000, 100.00, 100.00, 16.00, 2.36, 1.73, 0.00, -0.00, -4.00, 0.00, -0.00, -0.00, 4.00, -0.00, 927.11, 54.61, 63.70, 8.82, 1
1000000, 100.00, 100.00, 16.00, 2.36, 1.72, 0.00, -0.00, -6.00, 0.00, 0.00, -0.00, 6.00, -0.00, 847.48, 134.98, 143.33, 19.85, 1
1000000, 100.00, 100.00, 16.00, 2.36, 1.71, 0.00, -0.00, -8.00, 0.00, 0.00, -0.00, 8.00, -0.00, 736.01, 247.52, 254.80, 35.28, 1
1000000, 100.00, 100.00, 16.00, 2.36, 1.71, 0.00, -0.00, -10.00, 0.00, 0.00, -0.00, 10.00, -0.00, 592.68, 392.21, 398.13, 55.13, 1
1000000, 100.00, 100.00, 16.00, 2.36, 1.71, 0.00, -0.00, -12.00, 0.00, 0.00, -0.00, 12.00, -0.00, 417.51, 569.05, 573.30, 79.38, 1
1000000, 100.00, 100.00, 16.00, 2.36, 1.71, 0.00, -0.40, -14.00, 0.00, -0.40, -0.00, 13.60, -0.00, 254.78, 733.34, 736.03, 101.91, 1
1000000, 100.00, 100.00, 16.00, 2.36, 1.71, 0.00, -2.40, -16.00, 0.00, -2.40, -0.00, 13.60, -0.00, 254.78, 733.34, 736.03, 101.91, 1
1000000, 100.00, 100.00, 16.00, 2.36, 1.71, 0.00, -4.40, -18.00, 0.00, -4.40, -0.00, 13.60, -0.00, 254.78, 733.34, 736.03, 101.91, 1
1000000, 100.00, 100.00, 16.00, 2.36, 1.71, 0.00, -6.40, -20.00, 0.00, -6.40, -0.00, 13.60, -0.00, 254.78, 733.34, 736.03, 101.91, 1
1000000, 100.00, 100.00, 16.00, 2.36, 1.71, 0.00, -8.40, -22.00, 0.00, -8.40, -0.00, 13.60, -0.00, 254.78, 733.34, 736.03, 101.91, 1
1000000, 100.00, 100.00, 16.00, 2.36, 1.71, 0.00, -10.40, -24.00, 0.00, -10.40, -0.00, 13.60, -0.00, 254.78, 733.34, 736.03, 101.91, 1
1000000, 100.00, 100.00, 16.00, 2.36, 1.71, 0.00, -12.40, -26.00, 0.00, -12.40, -0.00, 13.60, -0.00, 254.78, 733.34, 736.03, 101.91, 1
1000000, 100.00, 100.00, 16.00, 2.36, 1.71, 0.00, -14.40, -28.00, 0.00, -14.40, -0.00, 13.60, -0.00, 254.77, 733.34, 736.03, 101.91, 1
1000000, 100.00, 100.00, 16.00, 2.36, 1.71, 0.00, -16.40, -30.00, 0.00, -16.40, -0.00, 13.60, -0.00, 254.77, 733.34, 736.04, 101.91, 1
1000000, 100.00, 100.00, 16.00, 2.36, 1.71, 0.00, -18.40, -32.00, 0.00, -18.40, -0.00, 13.60, -0.00, 254.77, 733.34, 736.04, 101.91, 1
1000000, 100.00, 100.00, 16.00, 2.36, 1.71, 0.00, -20.40, -34.00, 0.00, -20.40, -0.00, 13.60, -0.00, 254.77, 733.34, 736.04, 101.91, 1
1000000, 100.00, 100.00, 16.00, 2.36, 1.71, 0.00, -22.40, -36.00, 0.00, -22.40, -0.00, 13.60, -0.00, 254.77, 733.35, 736.04, 101.91, 1
1000000, 100.00, 100.00, 16.00, 2.36, 1.71, 0.00, -24.40, -38.00, 0.00, -24.40, -0.00, 13.60, -0.00, 254.77, 733.35, 736.04, 101.91, 1
1000000, 100.00, 100.00, 16.00, 2.36, 1.71, 0.00, -26.40, -40.00, 0.00, -26.40, -0.00, 13.60, -0.00, 254.76, 733.35, 736.04, 101.91, 1
106277, 10.63, 100.00, 18.00, 2.36, 0.00, 0.00, 0.00, 0.00, 0.00, 0.00, 0.00, 0.00, 0.00, 981.00, 70.74, 70.41, 9.81, 0
1000000, 100.00, 100.00, 18.00, 2.36, 2.07, 0.00, -0.00, -2.00, 0.00, 3.58, 1.93, 5.58, 1.93, 855.73, 142.32, 149.22, 20.78, 1
1000000, 100.00, 100.00, 18.00, 2.36, 1.73, 0.00, -0.00, -4.00, 0.00, -0.00, -0.00, 4.00, -0.00, 922.21, 59.56, 68.60, 9.55, 1
1000000, 100.00, 100.00, 18.00, 2.36, 1.72, 0.00, -0.00, -6.00, 0.00, -0.00, -0.00, 6.00, -0.00, 836.46, 146.13, 154.35, 21.50, 1
1000000, 100.00, 100.00, 18.00, 2.36, 1.71, 0.00, 0.00, -8.00, 0.00, 0.00, -0.00, 8.00, -0.00, 716.41, 267.34, 274.40, 38.22, 1
1000000, 100.00, 100.00, 18.00, 2.36, 1.71, 0.00, -0.00, -10.00, 0.00, 0.00, -0.00, 10.00, -0.00, 562.06, 423.17, 428.75, 59.72, 1
1000000, 100.00, 100.00, 18.00, 2.36, 1.71, 0.00, 0.00, -12.00, 0.00, 0.00, -0.00, 12.00, -0.00, 373.41, 613.65, 617.40, 86.00, 1
1000000, 100.00, 100.00, 18.00, 2.36, 1.71, 0.00, -0.91, -14.00, 0.00, -0.91, -0.00, 13.09, -0.00, 255.90, 732.29, 734.91, 102.36, 1
1000000, 100.00, 100.00, 18.00, 2.36, 1.71, 0.00, -2.91, -16.00, 0.00, -2.91, -0.00, 13.09, -0.00, 255.90, 732.29, 734.91, 102.36, 1
1000000, 100.00, 100.00, 18.00, 2.36, 1.71, 0.00, -4.91, -18.00, 0.00, -4.91, -0.00, 13.09, -0.00, 255.90, 732.29, 734.91, 102.36, 1
1000000, 100.00, 100.00, 18.00, 2.36, 1.71, 0.00, -6.91, -20.00, 0.00, -6.91, -0.00, 13.09, -0.00, 255.90, 732.29, 734.91, 102.36, 1
1000000, 100.00, 100.00, 18.00, 2.36, 1.71, 0.00, -8.91, -22.00, 0.00, -8.91, -0.00, 13.09, -0.00, 255.90, 732.29, 734.91, 102.36, 1
1000000, 100.00, 100.00, 18.00, 2.36, 1.71, 0.00, -10.91, -24.00, 0.00, -10.91, -0.00, 13.09, -0.00, 255.90, 732.29, 734.91, 102.36, 1
1000000, 100.00, 100.00, 18.00, 2.36, 1.71, 0.00, -12.91, -26.00, 0.00, -12.91, -0.00, 13.09, -0.00, 255.90, 732.29, 734.91, 102.36, 1
1000000, 100.00, 100.00, 18.00, 2.36, 1.71, 0.00, -14.91, -28.00, 0.00, -14.91, -0.00, 13.09, -0.00, 255.90, 732.29, 734.91, 102.36, 1
1000000, 100.00, 100.00, 18.00, 2.36, 1.71, 0.00, -16.91, -30.00, 0.00, -16.91, -0.00, 13.09, -0.00, 255.90, 732.29, 734.91, 102.36, 1
1000000, 100.00, 100.00, 18.00, 2.36, 1.71, 0.00, -18.91, -32.00, 0.00, -18.91, -0.00, 13.09, -0.00, 255.90, 732.29, 734.91, 102.36, 1
1000000, 100.00, 100.00, 18.00, 2.36, 1.71, 0.00, -20.91, -34.00, 0.00, -20.91, -0.00, 13.09, -0.00, 255.90, 732.29, 734.91, 102.36, 1
1000000, 100.00, 100.00, 18.00, 2.36, 1.71, 0.00, -22.91, -36.00, 0.00, -22.91, -0.00, 13.09, -0.00, 255.89, 732.30, 734.92, 102.36, 1
1000000, 100.00, 100.00, 18.00, 2.36, 1.71, 0.00, -24.91, -38.00, 0.00, -24.91, -0.00, 13.09, -0.00, 255.89, 732.30, 734.92, 102.36, 1
1000000, 100.00, 100.00, 18.00, 2.36, 1.71, 0.00, -26.91, -40.00, 0.00, -26.91, -0.00, 13.09, -0.00, 255.89, 732.30, 734.92, 102.36, 1
102407, 10.24, 100.00, 19.00, 2.36, 0.00, 0.00, 0.00, 0.00, 0.00, 0.00, 0.00, 0.00, 0.00, 981.00, 71.18, 70.82, 9.81, 0
1000000, 100.00, 100.00, 19.00, 2.36, 1.86, 0.00, -0.00, -2.00, 0.00, 0.16, 0.05, 2.16, 0.05, 972.19, 9.20, 18.58, 2.57, 1
1000000, 100.00, 100.00, 19.00, 2.36, 1.73, 0.00, -0.00, -4.00, 0.00, -0.00, -0.00, 4.00, -0.00, 927.11, 54.61, 63.70, 8.82, 1
1000000, 100.00, 100.00, 19.00, 2.36, 1.72, 0.00, -0.00, -6.00, 0.00, 0.00, -0.00, 6.00, -0.00, 847.48, 134.98, 143.33, 19.85, 1
1000000, 100.00, 100.00, 19.00, 2.36, 1.71, 0.00, -0.00, -8.00, 0.00, 0.00, -0.00, 8.00, -0.00, 736.01, 247.52, 254.80, 35.28, 1
1000000, 100.00, 100.00, 19.00, 2.36, 1.71, 0.00, -0.00, -10.00, 0.00, 0.00, -0.00, 10.00, -0.00, 592.68, 392.21, 398.13, 55.13, 1
1000000, 100.00, 100.00, 19.00, 2.36, 1.71, 0.00, -0.00, -12.00, 0.00, 0.00, -0.00, 12.00, -0.00, 417.51, 569.05, 573.30, 79.38, 1
1000000, 100.00, 100.00, 19.00, 2.36, 1.71, 0.00, -0.40, -14.00, 0.00, -0.40, -0.00, 13.60, -0.00, 254.78, 733.34, 736.03, 101.91, 1
1000000, 100.00, 100.00, 19.00, 2.36, 1.71, 0.00, -2.40, -16.00, 0.00, -2.40, -0.00, 13.60, -0.00, 254.78, 733.34, 736.03, 101.91, 1
1000000, 100.00, 100.00, 19.00, 2.36, 1.71, 0.00, -4.40, -18.00, 0.00, -4.40, -0.00, 13.60, -0.00, 254.78, 733.34, 736.03, 101.91, 1
1000000, 100.00, 100.00, 19.00, 2.36, 1.71, 0.00, -6.40, -20.00, 0.00, -6.40, -0.00, 13.60, -0.00, 254.78, 733.34, 736.03, 101.91, 1
1000000, 100.00, 100.00, 19.00, 2.36, 1.71, 0.00, -8.40, -22.00, 0.00, -8.40, -0.00, 13.60, -0.00, 254.78, 733.34, 736.03, 101.91, 1
1000000, 100.00, 100.00, 19.00, 2.36, 1.71, 0.00, -10.40, -24.00, 0.00, -10.40, -0.00, 13.60, -0.00, 254.78, 733.34, 736.03, 101.91, 1
1000000, 100.00, 100.00, 19.00, 2.36, 1.71, 0.00, -12.40, -26.00, 0.00, -12.40, -0.00, 13.60, -0.00, 254.78, 733.34, 736.03, 101.91, 1
1000000, 100.00, 100.00, 19.00, 2.36, 1.71, 0.00, -14.40, -28.00, 0.00, -14.40, -0.00, 13.60, -0.00, 254.77, 733.34, 736.03, 101.91, 1
1000000, 100.00, 100.00, 19.00, 2.36, 1.71, 0.00, -16.40, -30.00, 0.00, -16.40, -0.00, 13.60, -0.00, 254.77, 733.34, 736.04, 101.91, 1
1000000, 100.00, 100.00, 19.00, 2.36, 1.71, 0.00, -18.40, -32.00, 0.00, -18.40, -0.00, 13.60, -0.00, 254.77, 733.34, 736.04, 101.91, 1
1000000, 100.00, 100.00, 19.00, 2.36, 1.71, 0.00, -20.40, -34.00, 0.00, -20.40, -0.00, 13.60, -0.00, 254.77, 733.34, 736.04, 101.91, 1
1000000, 100.00, 100.00, 19.00, 2.36, 1.71, 0.00, -22.40, -36.00, 0.00, -22.40, -0.00, 13.60, -0.00, 254.77, 733.35, 736.04, 101.91, 1
1000000, 100.00, 100.00, 19.00, 2.36, 1.71, 0.00, -24.40, -38.00, 0.00, -24.40, -0.00, 13.60, -0.00, 254.77, 733.35, 736.04, 101.91, 1
1000000, 100.00, 100.00, 19.00, 2.36, 1.71, 0.00, -26.40, -40.00, 0.00, -26.40, -0.00, 13.60, -0.00, 254.76, 733.35, 736.04, 101.91, 1
110010, 11.00, 100.00, 20.00, 2.36, 0.00, 0.00, 0.00, 0.00, 0.00, 0.00, 0.00, 0.00, 0.00, 981.00, 51.68, 51.37, 9.81, 0
1000000, 100.00, 100.00, 20.00, 2.36, 3.00, 0.00, 0.00, -2.00, 0.00, 0.12, 0.86, 2.12, 0.86, 979.58, 10.35, 17.59, 3.36, 0
1000000, 100.00, 100.00, 20.00, 2.36, 1.80, 0.00, -0.00, -4.00, 0.00, -0.00, -0.00, 4.00, -0.00, 936.91, 45.27, 53.90, 10.29, 1
1000000, 100.00, 100.00, 20.00, 2.36, 1.78, 0.00, -0.00, -6.00, 0.00, -0.00, -0.00, 6.00, -0.00, 869.53, 113.84, 121.27, 23.15, 1
1000000, 100.00, 100.00, 20.00, 2.36, 1.77, 0.00, 0.00, -8.00, 0.00, 0.00, -0.00, 8.00, -0.00, 775.21, 209.87, 215.60, 41.16, 1
1000000, 100.00, 100.00, 20.00, 2.36, 1.76, 0.00, 0.00, -10.00, 0.00, 0.00, -0.00, 10.00, -0.00, 653.93, 333.33, 336.88, 64.31, 1
1000000, 100.00, 100.00, 20.00, 2.36, 1.76, 0.00, -0.00, -12.00, 0.00, 0.00, -0.00, 12.00, -0.00, 505.71, 484.23, 485.10, 92.61, 1
1000000, 100.00, 100.00, 20.00, 2.36, 1.76, 0.00, -0.00, -14.00, 0.00, 0.00, -0.00, 14.00, -0.00, 330.53, 662.57, 660.28, 126.05, 1
1000000, 100.00, 100.00, 20.00, 2.36, 1.76, 0.00, -1.89, -16.00, 0.00, -1.89, -0.00, 14.11, -0.00, 320.11, 673.18, 670.70, 128.04, 1
1000000, 100.00, 100.00, 20.00, 2.36, 1.76, 0.00, -3.89, -18.00, 0.00, -3.89, -0.00, 14.11, -0.00, 320.11, 673.18, 670.70, 128.04, 1
1000000, 100.00, 100.00, 20.00, 2.36, 1.76, 0.00, -5.89, -20.00, 0.00, -5.89, -0.00, 14.11, -0.00, 320.11, 673.18, 670.70, 128.04, 1
1000000, 100.00, 100.00, 20.00, 2.36, 1.76, 0.00, -7.89, -22.00, 0.00, -7.89, -0.00, 14.11, -0.00, 320.11, 673.18, 670.70, 128.04, 1
1000000, 100.00, 100.00, 20.00, 2.36, 1.76, 0.00, -9.89, -24.00, 0.00, -9.89, -0.00, 14.11, -0.00, 320.11, 673.18, 670.70, 128.04, 1
1000000, 100.00, 100.00, 20.00, 2.36, 1.76, 0.00, -11.89, -26.00, 0.00, -11.89, -0.00, 14.11, -0.00, 320.11, 673.18, 670.70, 128.04, 1
1000000, 100.00, 100.00, 20.00, 2.36, 1.76, 0.00, -13.89, -28.00, 0.00, -13.89, -0.00, 14.11, -0.00, 320.11, 673.18, 670.70, 128.04, 1
1000000, 100.00, 100.00, 20.00, 2.36, 1.76, 0.00, -15.89, -30.00, 0.00, -15.89, -0.00, 14.11, -0.00, 320.11, 673.18, 670.70, 128.04, 1
1000000, 100.00, 100.00, 20.00, 2.36, 1.76, 0.00, -17.89, -32.00, 0.00, -17.89, -0.00, 14.11, -0.00, 320.11, 673.18, 670.70, 128.04, 1
1000000, 100.00, 100.00, 20.00, 2.36, 1.76, 0.00, -19.89, -34.00, 0.00, -19.89, -0.00, 14.11, -0.00, 320.10, 673.18, 670.70, 128.04, 1
1000000, 100.00, 100.00, 20.00, 2.36, 1.76, 0.00, -21.89, -36.00, 0.00, -21.89, -0.00, 14.11, -0.00, 320.10, 673.18, 670.71, 128.04, 1
1000000, 100.00, 100.00, 20.00, 2.36, 1.76, 0.00, -23.89, -38.00, 0.00, -23.89, -0.00, 14.11, -0.00, 320.10, 673.19, 670.71, 128.04, 1
1000000, 100.00, 100.00, 20.00, 2.36, 1.76, 0.00, -25.89, -40.00, 0.00, -25.89, -0.00, 14.11, -0.00, 320.10, 673.19, 670.71, 128.04, 1
