Iter,TotTime,m_block,Alpha,Theta0,Theta_fin,V_theta_fin,V_block_fin,Wind_x,Wind_y,Vkitex,Vkitez,Vrelx,Vrely,F_vinc,Tension,Lift,Liftx,Liftz,Drag,Dragx,Dragz,Stability
42318, 4.23, 100.00, -8.00, 0.79, 0.00, 0.00, 0.00, 1.00, 0.00, 0.00, 0.00,  -1.00, 0.00, 981.00, -83.82, -88.07, -87.84, 6.36, 2.94, 0.21, 2.93, 0
62472, 6.25, 100.00, -8.00, 0.79, 0.00, 0.00, 0.00, 3.00, 0.00, 0.00, 0.00,  -3.00, 0.00, 981.00, -18.77, -22.04, -19.86, 9.54, 0.73, 0.32, 0.66, 0
814666, 81.47, 100.00, -8.00, 0.79, 0.00, 0.00, 0.00, 5.00, 0.00, 0.00, 0.00,  -5.00, 0.00, 981.00, 0.38, -11.48, -0.00, 11.48, 0.38, 0.38, 0.00, 0
621512, 62.15, 100.00, -8.00, 0.79, 0.00, 0.00, 0.00, 7.00, 0.00, 0.00, 0.00,  -7.00, 0.00, 981.00, 0.75, -22.51, -0.00, -22.51, 0.75, 0.75, -0.00, 0
497492, 49.75, 100.00, -8.00, 0.79, 0.00, 0.00, 0.00, 9.00, 0.00, 0.00, 0.00,  -9.00, 0.00, 981.00, 1.23, -37.21, -0.01, -37.21, 1.24, 1.24, -0.00, 0
416256, 41.63, 100.00, -8.00, 0.79, 0.00, 0.00, 0.00, 11.00, 0.00, 0.00, 0.00,  -11.00, 0.00, 981.00, 1.85, -55.58, -0.00, -55.58, 1.85, 1.85, -0.00, 0
358685, 35.87, 100.00, -8.00, 0.79, 0.00, 0.00, 0.00, 13.00, 0.00, 0.00, 0.00,  -13.00, 0.00, 981.00, 2.59, -77.63, -0.00, -77.63, 2.59, 2.59, -0.00, 0
315633, 31.56, 100.00, -8.00, 0.79, 0.00, 0.00, 0.00, 15.00, 0.00, 0.00, 0.00,  -15.00, 0.00, 981.00, 3.43, -103.36, -0.01, -103.36, 3.45, 3.45, -0.00, 0
282207, 28.22, 100.00, -8.00, 0.79, 0.00, 0.00, 0.00, 17.00, 0.00, 0.00, 0.00,  -17.00, 0.00, 981.00, 4.42, -132.76, -0.01, -132.76, 4.43, 4.43, -0.00, 0
255371, 25.54, 100.00, -8.00, 0.79, 0.00, 0.00, 0.00, 19.00, 0.00, 0.00, 0.00,  -19.00, 0.00, 981.00, 5.53, -165.83, -0.00, -165.83, 5.53, 5.53, -0.00, 0
233464, 23.35, 100.00, -8.00, 0.79, 0.00, 0.00, 0.00, 21.00, 0.00, 0.00, 0.00,  -21.00, 0.00, 981.00, 6.74, -202.58, -0.01, -202.58, 6.75, 6.75, -0.00, 0
215123, 21.51, 100.00, -8.00, 0.79, 0.00, 0.00, 0.00, 23.00, 0.00, 0.00, 0.00,  -23.00, 0.00, 981.00, 8.09, -243.01, -0.01, -243.01, 8.10, 8.10, -0.00, 0
199707, 19.97, 100.00, -8.00, 0.79, 0.00, 0.00, 0.00, 25.00, 0.00, 0.00, 0.00,  -25.00, 0.00, 981.00, 9.54, -287.11, -0.03, -287.11, 9.57, 9.57, -0.00, 0
186141, 18.61, 100.00, -8.00, 0.79, 0.00, 0.00, 0.00, 27.00, 0.00, 0.00, 0.00,  -27.00, 0.00, 981.00, 11.15, -334.88, -0.02, -334.88, 11.16, 11.16, -0.00, 0
174697, 17.47, 100.00, -8.00, 0.79, 0.00, 0.00, 0.00, 29.00, 0.00, 0.00, 0.00,  -29.00, 0.00, 981.00, 12.86, -386.33, -0.01, -386.33, 12.88, 12.88, -0.00, 0
159341, 15.93, 100.00, -8.00, 0.79, 0.00, 0.00, 0.00, 31.00, 0.00, 0.00, 0.00,  -31.00, 0.00, 981.00, 14.69, -441.46, -0.03, -441.46, 14.72, 14.72, -0.00, 0
156771, 15.68, 100.00, -8.00, 0.79, 0.00, 0.00, 0.00, 33.00, 0.00, 0.00, 0.00,  -33.00, 0.00, 981.00, 16.66, -500.26, -0.01, -500.26, 16.68, 16.68, -0.00, 0
147239, 14.72, 100.00, -8.00, 0.79, 0.00, 0.00, 0.00, 35.00, 0.00, 0.00, 0.00,  -35.00, 0.00, 981.00, 18.75, -562.73, -0.01, -562.73, 18.76, 18.76, -0.00, 0
139929, 13.99, 100.00, -8.00, 0.79, 0.00, 0.00, 0.00, 37.00, 0.00, 0.00, 0.00,  -37.00, 0.00, 981.00, 20.91, -628.88, -0.06, -628.88, 20.96, 20.96, -0.00, 0
133444, 13.34, 100.00, -8.00, 0.79, 0.00, 0.00, 0.00, 39.00, 0.00, 0.00, 0.00,  -39.00, 0.00, 981.00, 23.28, -698.71, -0.01, -698.71, 23.29, 23.29, -0.00, 0
37030, 3.70, 100.00, -6.00, 0.79, 0.00, 0.00, 0.00, 1.00, 0.00, 0.00, 0.00,  -1.00, 0.00, 981.00, -43.22, -50.10, -50.02, 2.77, 5.01, 0.28, 5.00, 0
40976, 4.10, 100.00, -6.00, 0.79, 0.00, 0.00, 0.00, 3.00, 0.00, 0.00, 0.00,  -3.00, 0.00, 981.00, -26.03, -31.29, -30.60, 6.57, 3.13, 0.66, 3.06, 0
45710, 4.57, 100.00, -6.00, 0.79, 0.00, 0.00, 0.00, 5.00, 0.00, 0.00, 0.00,  -5.00, 0.00, 981.00, -15.05, -20.06, -18.05, 8.76, 2.01, 0.88, 1.80, 0
55445, 5.54, 100.00, -6.00, 0.79, 0.00, 0.00, 0.00, 7.00, 0.00, 0.00, 0.00,  -7.00, 0.00, 981.00, -6.93, -13.19, -8.66, 9.95, 1.32, 0.99, 0.87, 0
492342, 49.23, 100.00, -6.00, 0.79, 0.00, 0.00, 0.00, 9.00, 0.00, 0.00, 0.00,  -9.00, 0.00, 981.00, 1.24, -12.40, -0.00, 12.40, 1.24, 1.24, 0.00, 0
417330, 41.73, 100.00, -6.00, 0.79, 0.00, 0.00, 0.00, 11.00, 0.00, 0.00, 0.00,  -11.00, 0.00, 981.00, 1.85, -18.53, -0.00, -18.53, 1.85, 1.85, -0.00, 0
359734, 35.97, 100.00, -6.00, 0.79, 0.00, 0.00, 0.00, 13.00, 0.00, 0.00, 0.00,  -13.00, 0.00, 981.00, 2.58, -25.88, -0.01, 25.88, 2.59, 2.59, 0.00, 0
316675, 31.67, 100.00, -6.00, 0.79, 0.00, 0.00, 0.00, 15.00, 0.00, 0.00, 0.00,  -15.00, 0.00, 981.00, 3.44, -34.45, -0.01, 34.45, 3.45, 3.45, 0.00, 0
283166, 28.32, 100.00, -6.00, 0.79, 0.00, 0.00, 0.00, 17.00, 0.00, 0.00, 0.00,  -17.00, 0.00, 981.00, 4.43, -44.25, -0.00, -44.25, 4.43, 4.43, -0.00, 0
256331, 25.63, 100.00, -6.00, 0.79, 0.00, 0.00, 0.00, 19.00, 0.00, 0.00, 0.00,  -19.00, 0.00, 981.00, 5.53, -55.28, -0.00, -55.28, 5.53, 5.53, -0.00, 0
234313, 23.43, 100.00, -6.00, 0.79, 0.00, 0.00, 0.00, 21.00, 0.00, 0.00, 0.00,  -21.00, 0.00, 981.00, 6.75, -67.53, -0.00, -67.53, 6.75, 6.75, -0.00, 0
215955, 21.60, 100.00, -6.00, 0.79, 0.00, 0.00, 0.00, 23.00, 0.00, 0.00, 0.00,  -23.00, 0.00, 981.00, 8.10, -81.00, -0.00, -81.00, 8.10, 8.10, -0.00, 0
200402, 20.04, 100.00, -6.00, 0.79, 0.00, 0.00, 0.00, 25.00, 0.00, 0.00, 0.00,  -25.00, 0.00, 981.00, 9.57, -95.70, -0.00, -95.70, 9.57, 9.57, -0.00, 0
186996, 18.70, 100.00, -6.00, 0.79, 0.00, 0.00, 0.00, 27.00, 0.00, 0.00, 0.00,  -27.00, 0.00, 981.00, 11.15, -111.63, -0.01, -111.63, 11.16, 11.16, -0.00, 0
175323, 17.53, 100.00, -6.00, 0.79, 0.00, 0.00, 0.00, 29.00, 0.00, 0.00, 0.00,  -29.00, 0.00, 981.00, 12.87, -128.78, -0.01, -128.78, 12.88, 12.88, -0.00, 0
163592, 16.36, 100.00, -6.00, 0.79, 0.00, 0.00, 0.00, 31.00, 0.00, 0.00, 0.00,  -31.00, 0.00, 981.00, 14.71, -147.15, -0.00, -147.15, 14.72, 14.72, -0.00, 0
154244, 15.42, 100.00, -6.00, 0.79, 0.00, 0.00, 0.00, 33.00, 0.00, 0.00, 0.00,  -33.00, 0.00, 981.00, 16.68, -166.75, -0.00, -166.75, 16.68, 16.68, -0.00, 0
147903, 14.79, 100.00, -6.00, 0.79, 0.00, 0.00, 0.00, 35.00, 0.00, 0.00, 0.00,  -35.00, 0.00, 981.00, 18.66, -187.58, -0.10, 187.58, 18.76, 18.76, 0.01, 0
140820, 14.08, 100.00, -6.00, 0.79, 0.00, 0.00, 0.00, 37.00, 0.00, 0.00, 0.00,  -37.00, 0.00, 981.00, 20.96, -209.63, -0.00, -209.63, 20.96, 20.96, -0.00, 0
134180, 13.42, 100.00, -6.00, 0.79, 0.00, 0.00, 0.00, 39.00, 0.00, 0.00, 0.00,  -39.00, 0.00, 981.00, 23.29, -232.90, -0.00, -232.90, 23.29, 23.29, -0.00, 0
30762, 3.08, 100.00, -4.00, 0.79, 0.00, 0.00, 0.00, 1.00, 0.00, 0.00, 0.00,  -1.00, 0.00, 981.00, 139.50, 123.40, 123.32, -4.34, 2.47, 0.09, 2.47, 0
28344, 2.83, 100.00, -4.00, 0.79, 0.00, 0.00, 0.00, 3.00, 0.00, 0.00, 0.00,  -3.00, 0.00, 980.99, 219.65, 194.75, 194.06, -16.36, 3.90, 0.33, 3.88, 0
28134, 2.81, 100.00, -4.00, 0.79, 0.00, 0.00, 0.00, 5.00, 0.00, 0.00, 0.00,  -5.00, 0.00, 980.99, 320.23, 284.79, 282.88, -32.98, 5.70, 0.66, 5.66, 0
35031, 3.50, 100.00, -4.00, 0.79, 0.00, 0.00, 0.00, 7.00, 0.00, 0.00, 0.00,  -7.00, 0.00, 980.99, 424.07, 378.61, 374.85, -53.21, 7.57, 1.06, 7.50, 0
309933, 30.99, 100.00, -4.00, 0.79, 0.00, 0.00, 0.00, 9.00, 0.00, 0.00, 0.00,  -9.00, 0.00, 980.92, 808.20, 723.09, 717.58, -89.09, 14.46, 1.78, 14.35, 0
1000000, 100.00, 100.00, -4.00, 0.79, 1.97, 0.00, 0.00, 11.00, 0.00, 5.27, 2.22,  -5.73, 2.22, 984.97, -4.31, 5.78, 2.08, 5.39, 0.12, 0.11, -0.04, 0
1000000, 100.00, 100.00, -4.00, 0.79, 1.76, 0.00, 0.00, 13.00, 0.00, -5.78, -1.11,  -18.78, -1.11, 937.16, 44.64, 54.19, -3.21, 54.10, 1.08, 1.08, 0.06, 1
1000000, 100.00, 100.00, -4.00, 0.79, 1.60, 0.00, 0.00, 15.00, 0.00, 4.37, 0.14,  -10.63, 0.14, 973.17, 7.84, 17.29, 0.23, 17.29, 0.35, 0.35, -0.00, 1
1000000, 100.00, 100.00, -4.00, 0.79, 1.52, 0.00, 0.00, 17.00, 0.00, 3.64, -0.17,  -13.36, -0.17, 963.23, 17.79, 27.34, -0.35, 27.33, 0.55, 0.55, 0.01, 1
1000000, 100.00, 100.00, -4.00, 0.79, 1.53, 0.00, -0.00, 19.00, 0.00, 2.84, -0.12,  -16.16, -0.12, 950.67, 30.36, 40.01, -0.30, 40.01, 0.80, 0.80, 0.01, 1
1000000, 100.00, 100.00, -4.00, 0.79, 1.55, 0.00, 0.00, 21.00, 0.00, 2.34, -0.05,  -18.66, -0.05, 937.38, 43.63, 53.32, -0.15, 53.32, 1.07, 1.07, 0.00, 1
1000000, 100.00, 100.00, -4.00, 0.79, 1.56, 0.00, -0.00, 23.00, 0.00, 1.59, -0.01,  -21.41, -0.01, 920.59, 60.41, 70.17, -0.03, 70.17, 1.40, 1.40, 0.00, 1
51376, 5.14, 100.00, -4.00, 0.79, 0.00, 0.00, 0.00, 25.00, 0.00, 0.00, 0.00,  -25.00, 0.00, 979.67, 4539.17, 4076.43, 4046.28, -494.86, 81.53, 9.90, 80.93, 0
47282, 4.73, 100.00, -4.00, 0.79, 0.00, 0.00, 0.00, 27.00, 0.00, 0.00, 0.00,  -27.00, 0.00, 979.27, 5208.77, 4678.31, 4643.70, -568.02, 93.57, 11.36, 92.87, 0
43822, 4.38, 100.00, -4.00, 0.79, 0.00, 0.00, 0.00, 29.00, 0.00, 0.00, 0.00,  -29.00, 0.00, 979.04, 5926.01, 5323.02, 5283.61, -646.52, 106.46, 12.93, 105.67, 0
40866, 4.09, 100.00, -4.00, 0.79, 0.00, 0.00, 0.00, 31.00, 0.00, 0.00, 0.00,  -31.00, 0.00, 978.53, 6689.82, 6009.59, 5965.09, -729.99, 120.19, 14.60, 119.30, 0
38304, 3.83, 100.00, -4.00, 0.79, 0.00, 0.00, 0.00, 33.00, 0.00, 0.00, 0.00,  -33.00, 0.00, 980.83, 7517.67, 6753.85, 6703.45, -823.57, 135.08, 16.47, 134.07, 0
36060, 3.61, 100.00, -4.00, 0.79, 0.00, 0.00, 0.00, 35.00, 0.00, 0.00, 0.00,  -35.00, 0.00, 978.91, 8392.80, 7540.73, 7484.36, -920.35, 150.81, 18.41, 149.69, 0
34070, 3.41, 100.00, -4.00, 0.79, 0.00, 0.00, 0.00, 37.00, 0.00, 0.00, 0.00,  -37.00, 0.00, 980.06, 9328.38, 8382.01, 8318.92, -1026.51, 167.64, 20.53, 166.38, 0
32284, 3.23, 100.00, -4.00, 0.79, 0.00, 0.00, 0.00, 39.00, 0.00, 0.00, 0.00,  -39.00, 0.00, 976.09, 10311.74, 9266.27, 9196.57, -1134.41, 185.33, 22.69, 183.93, 0
28220, 2.82, 100.00, -2.00, 0.79, 0.00, 0.00, 0.00, 1.00, 0.00, 0.00, 0.00,  -1.00, 0.00, 980.99, 572.16, 555.68, 555.64, -7.08, 13.89, 0.18, 13.89, 0
24375, 2.44, 100.00, -2.00, 0.79, 0.00, 0.00, 0.00, 3.00, 0.00, 0.00, 0.00,  -3.00, 0.00, 980.96, 984.76, 959.71, 959.64, 11.47, 23.99, -0.29, 23.99, 0
232105, 23.21, 100.00, -2.00, 0.79, 0.00, 0.00, 0.00, 5.00, 0.00, 0.00, 0.00,  -5.00, 0.00, 980.99, 401.10, 392.12, 389.64, 44.04, 9.80, -1.10, 9.74, 0
1000000, 100.00, 100.00, -2.00, 0.79, 1.56, 0.00, -0.00, 7.00, 0.00, -1.45, 0.02,  -8.45, 0.02, 946.98, 34.02, 43.78, 0.09, 43.78, 1.09, 1.09, -0.00, 1
1000000, 100.00, 100.00, -2.00, 0.79, 1.54, 0.00, -0.00, 9.00, 0.00, 0.10, -0.00,  -8.90, -0.00, 942.34, 38.68, 48.47, -0.02, 48.47, 1.21, 1.21, 0.00, 1
1000000, 100.00, 100.00, -2.00, 0.79, 1.54, 0.00, 0.00, 11.00, 0.00, 0.02, -0.00,  -10.98, -0.00, 917.01, 64.01, 73.80, -0.00, 73.80, 1.84, 1.84, 0.00, 1
54804, 5.48, 100.00, -2.00, 0.79, 0.00, 0.00, 0.00, 13.00, 0.00, 0.00, 0.00,  -13.00, 0.00, 980.92, 1917.06, 1896.89, 1878.21, 265.54, 47.42, -6.64, 46.96, 0
47275, 4.73, 100.00, -2.00, 0.79, 0.00, 0.00, 0.00, 15.00, 0.00, 0.00, 0.00,  -15.00, 0.00, 980.71, 2782.05, 2751.21, 2726.80, 365.69, 68.78, -9.14, 68.17, 0
41648, 4.16, 100.00, -2.00, 0.79, 0.00, 0.00, 0.00, 17.00, 0.00, 0.00, 0.00,  -17.00, 0.00, 980.74, 3815.59, 3771.44, 3740.66, 480.86, 94.29, -12.02, 93.52, 0
37247, 3.72, 100.00, -2.00, 0.79, 0.00, 0.00, 0.00, 19.00, 0.00, 0.00, 0.00,  -19.00, 0.00, 980.88, 5009.77, 4949.87, 4912.03, 610.91, 123.75, -15.27, 122.80, 0
33698, 3.37, 100.00, -2.00, 0.79, 0.00, 0.00, 0.00, 21.00, 0.00, 0.00, 0.00,  -21.00, 0.00, 980.46, 6365.44, 6287.36, 6241.68, 756.52, 157.18, -18.91, 156.04, 0
30768, 3.08, 100.00, -2.00, 0.79, 0.00, 0.00, 0.00, 23.00, 0.00, 0.00, 0.00,  -23.00, 0.00, 979.70, 7874.93, 7776.41, 7722.12, 917.30, 194.41, -22.93, 193.05, 0
28314, 2.83, 100.00, -2.00, 0.79, 0.00, 0.00, 0.00, 25.00, 0.00, 0.00, 0.00,  -25.00, 0.00, 980.46, 9523.50, 9402.65, 9339.13, 1091.08, 235.07, -27.28, 233.48, 0
26223, 2.62, 100.00, -2.00, 0.79, 0.00, 0.00, 0.00, 27.00, 0.00, 0.00, 0.00,  -27.00, 0.00, 980.93, 11323.31, 11177.92, 11104.40, 1279.94, 279.45, -32.00, 277.61, 0
24420, 2.44, 100.00, -2.00, 0.79, 0.00, 0.00, 0.00, 29.00, 0.00, 0.00, 0.00,  -29.00, 0.00, 980.60, 13277.51, 13105.32, 13020.98, 1484.45, 327.63, -37.11, 325.52, 0
22849, 2.28, 100.00, -2.00, 0.79, 0.00, 0.00, 0.00, 31.00, 0.00, 0.00, 0.00,  -31.00, 0.00, 979.77, 15381.64, 15180.49, 15084.53, 1704.19, 379.51, -42.60, 377.11, 0
21468, 2.15, 100.00, -2.00, 0.79, 0.00, 0.00, 0.00, 33.00, 0.00, 0.00, 0.00,  -33.00, 0.00, 976.64, 17651.97, 17419.30, 17310.80, 1941.20, 435.48, -48.53, 432.77, 0
20245, 2.02, 100.00, -2.00, 0.79, 0.00, 0.00, 0.00, 35.00, 0.00, 0.00, 0.00,  -35.00, 0.00, 978.58, 20022.53, 19757.37, 19635.95, 2187.00, 493.93, -54.67, 490.90, 0
19153, 1.92, 100.00, -2.00, 0.79, 0.00, 0.00, 0.00, 37.00, 0.00, 0.00, 0.00,  -37.00, 0.00, 978.37, 22556.29, 22256.16, 22120.91, 2449.84, 556.40, -61.25, 553.02, 0
1000000, 100.00, 100.00, -2.00, 0.79, 1.55, 0.00, 0.00, 39.00, 0.00, -0.00, -0.00,  -39.00, -0.00, 59.20, 922.10, 931.61, -0.02, 931.61, 23.29, 23.29, 0.00, 1
29067, 2.91, 100.00, 0.00, 0.79, 0.00, 0.00, 0.00, 1.00, 0.00, 0.00, 0.00,  -1.00, 0.00, 980.99, 317.37, 311.07, 311.00, 6.38, 8.89, -0.18, 8.89, 0
39323, 3.93, 100.00, 0.00, 0.79, 0.00, 0.00, 0.00, 3.00, 0.00, 0.00, 0.00,  -3.00, 0.00, 981.00, 136.67, 132.07, 131.87, 7.35, 3.77, -0.21, 3.77, 0
156282, 15.63, 100.00, 0.00, 0.79, 0.00, 0.00, 0.00, 5.00, 0.00, 0.00, 0.00,  -5.00, 0.00, 980.99, 538.94, 530.43, 529.78, -26.33, 15.16, 0.75, 15.14, 0
1000000, 100.00, 100.00, 0.00, 0.79, 1.54, 0.00, 0.00, 7.00, 0.00, -0.00, 0.00,  -7.00, 0.00, 938.24, 42.79, 52.57, 0.00, 52.57, 1.50, 1.50, -0.00, 1
1000000, 100.00, 100.00, 0.00, 0.79, 1.54, 0.00, 0.00, 9.00, 0.00, 0.00, -0.00,  -9.00, -0.00, 903.99, 77.05, 86.82, -0.00, 86.82, 2.48, 2.48, 0.00, 1
1000000, 100.00, 100.00, 0.00, 0.79, 1.54, 0.00, 0.00, 11.00, 0.00, -0.00, -0.00,  -11.00, -0.00, 861.11, 119.94, 129.70, -0.00, 129.70, 3.71, 3.71, 0.00, 1
1000000, 100.00, 100.00, 0.00, 0.79, 1.54, 0.00, -0.00, 13.00, 0.00, -0.00, -0.00,  -13.00, -0.00, 809.66, 171.42, 181.15, -0.00, 181.15, 5.18, 5.18, 0.00, 1
1000000, 100.00, 100.00, 0.00, 0.79, 1.54, 0.00, 0.00, 15.00, 0.00, -0.00, -0.00,  -15.00, -0.00, 749.64, 231.46, 241.17, -0.00, 241.17, 6.89, 6.89, 0.00, 1
1000000, 100.00, 100.00, 0.00, 0.79, 1.54, 0.00, 0.00, 17.00, 0.00, -0.00, -0.00,  -17.00, -0.00, 681.04, 300.09, 309.77, -0.00, 309.77, 8.85, 8.85, 0.00, 1
1000000, 100.00, 100.00, 0.00, 0.79, 1.54, 0.00, 0.00, 19.00, 0.00, -0.00, -0.00,  -19.00, -0.00, 603.86, 377.30, 386.95, -0.00, 386.95, 11.06, 11.06, 0.00, 1
1000000, 100.00, 100.00, 0.00, 0.79, 1.54, 0.00, 0.00, 21.00, 0.00, -0.00, -0.00,  -21.00, -0.00, 518.11, 463.08, 472.70, -0.01, 472.70, 13.51, 13.51, 0.00, 1
1000000, 100.00, 100.00, 0.00, 0.79, 1.54, 0.00, 0.00, 23.00, 0.00, -0.00, -0.00,  -23.00, -0.00, 423.79, 557.45, 567.02, -0.01, 567.02, 16.20, 16.20, 0.00, 1
1000000, 100.00, 100.00, 0.00, 0.79, 1.54, 0.00, 0.00, 25.00, 0.00, -0.00, -0.00,  -25.00, -0.00, 320.89, 660.39, 669.92, -0.01, 669.92, 19.14, 19.14, 0.00, 1
1000000, 100.00, 100.00, 0.00, 0.79, 1.54, 0.00, 0.00, 27.00, 0.00, -0.00, -0.00,  -27.00, -0.00, 209.41, 771.91, 781.40, -0.02, 781.40, 22.33, 22.33, 0.00, 1
1000000, 100.00, 100.00, 0.00, 0.79, 1.54, 0.00, -0.00, 29.00, 0.00, -0.00, -0.00,  -29.00, -0.00, 89.36, 892.01, 901.45, -0.02, 901.45, 25.76, 25.76, 0.00, 1
1000000, 100.00, 100.00, 0.00, 0.79, 1.54, 0.00, 1.63, 31.00, 0.00, 1.63, -0.00,  -29.37, -0.00, 65.99, 915.39, 924.82, -0.03, 924.82, 26.42, 26.42, 0.00, 1
1000000, 100.00, 100.00, 0.00, 0.79, 1.54, 0.00, -0.00, 33.00, 0.00, -0.00, -0.00,  -33.00, -0.00, -176.46, 1157.94, 1167.27, -0.04, 1167.27, 33.35, 33.35, 0.00, 1
1000000, 100.00, 100.00, 0.00, 0.79, 1.54, 0.00, -0.00, 35.00, 0.00, -0.00, -0.00,  -35.00, -0.00, -322.24, 1303.78, 1313.05, -0.04, 1313.05, 37.52, 37.52, 0.00, 1
1000000, 100.00, 100.00, 0.00, 0.79, 1.54, 0.00, 0.00, 37.00, 0.00, -0.00, -0.00,  -37.00, -0.00, -476.59, 1458.19, 1467.40, -0.05, 1467.40, 41.93, 41.93, 0.00, 1
1000000, 100.00, 100.00, 0.00, 0.79, 1.54, 0.00, -0.00, 39.00, 0.00, -0.00, -0.00,  -39.00, -0.00, -639.52, 1621.18, 1630.32, -0.06, 1630.32, 46.58, 46.58, 0.00, 1
31310, 3.13, 100.00, 2.00, 0.79, 0.00, 0.00, 0.00, 1.00, 0.00, 0.00, 0.00,  -1.00, 0.00, 981.00, 333.14, 327.24, 327.18, -5.81, 15.58, 0.28, 15.58, 0
227100, 22.71, 100.00, 2.00, 0.79, 0.00, 0.00, 0.00, 3.00, 0.00, 0.00, 0.00,  -3.00, 0.00, 980.99, 458.84, 452.08, 451.93, -11.54, 21.53, 0.55, 21.52, 0
1000000, 100.00, 100.00, 2.00, 0.79, 1.50, 0.00, 0.00, 5.00, 0.00, 0.00, -0.00,  -5.00, -0.00, 958.66, 22.39, 32.15, -0.00, 32.15, 1.53, 1.53, 0.00, 1
1000000, 100.00, 100.00, 2.00, 0.79, 1.51, 0.00, -0.00, 7.00, 0.00, -0.00, -0.00,  -7.00, -0.00, 927.78, 53.30, 63.03, -0.00, 63.03, 3.00, 3.00, 0.00, 1
1000000, 100.00, 100.00, 2.00, 0.79, 1.52, 0.00, 0.00, 9.00, 0.00, -0.00, -0.00,  -9.00, -0.00, 886.62, 94.51, 104.19, -0.00, 104.19, 4.96, 4.96, 0.00, 1
1000000, 100.00, 100.00, 2.00, 0.79, 1.52, 0.00, 0.00, 11.00, 0.00, -0.00, -0.00,  -11.00, -0.00, 835.17, 146.01, 155.64, -0.00, 155.64, 7.41, 7.41, 0.00, 1
1000000, 100.00, 100.00, 2.00, 0.79, 1.52, 0.00, -0.00, 13.00, 0.00, -0.00, -0.00,  -13.00, -0.00, 773.43, 207.82, 217.38, -0.00, 217.38, 10.35, 10.35, 0.00, 1
1000000, 100.00, 100.00, 2.00, 0.79, 1.52, 0.00, -0.00, 15.00, 0.00, -0.00, -0.00,  -15.00, -0.00, 701.40, 279.94, 289.41, -0.00, 289.41, 13.78, 13.78, 0.00, 1
1000000, 100.00, 100.00, 2.00, 0.79, 1.52, 0.00, 0.00, 17.00, 0.00, -0.00, -0.00,  -17.00, -0.00, 619.08, 362.35, 371.73, -0.00, 371.73, 17.70, 17.70, 0.00, 1
1000000, 100.00, 100.00, 2.00, 0.79, 1.52, 0.00, 0.00, 19.00, 0.00, -0.00, -0.00,  -19.00, -0.00, 526.47, 455.06, 464.34, -0.00, 464.34, 22.11, 22.11, 0.00, 1
1000000, 100.00, 100.00, 2.00, 0.79, 1.52, 0.00, -0.00, 21.00, 0.00, -0.00, -0.00,  -21.00, -0.00, 423.57, 558.08, 567.24, -0.00, 567.24, 27.01, 27.01, 0.00, 1
1000000, 100.00, 100.00, 2.00, 0.79, 1.52, 0.00, 0.00, 23.00, 0.00, -0.00, -0.00,  -23.00, -0.00, 310.38, 671.40, 680.43, -0.01, 680.43, 32.40, 32.40, 0.00, 1
1000000, 100.00, 100.00, 2.00, 0.79, 1.52, 0.00, 0.00, 25.00, 0.00, -0.00, -0.00,  -25.00, -0.00, 186.90, 795.02, 803.91, -0.01, 803.91, 38.28, 38.28, 0.00, 1
1000000, 100.00, 100.00, 2.00, 0.79, 1.52, 0.00, 0.76, 27.00, 0.00, 0.76, -0.00,  -26.24, -0.00, 105.38, 876.63, 885.43, -0.01, 885.43, 42.16, 42.16, 0.00, 1
1000000, 100.00, 100.00, 2.00, 0.79, 1.52, 0.00, 2.76, 29.00, 0.00, 2.76, -0.00,  -26.24, -0.00, 105.38, 876.64, 885.43, -0.01, 885.43, 42.16, 42.16, 0.00, 1
1000000, 100.00, 100.00, 2.00, 0.79, 1.52, 0.00, -0.00, 31.00, 0.00, -0.00, -0.00,  -31.00, -0.00, -245.28, 1227.69, 1236.09, -0.02, 1236.09, 58.86, 58.86, 0.00, 1
1000000, 100.00, 100.00, 2.00, 0.79, 1.52, 0.00, 0.00, 33.00, 0.00, -0.00, -0.00,  -33.00, -0.00, -409.92, 1392.52, 1400.73, -0.02, 1400.73, 66.70, 66.70, 0.00, 1
1000000, 100.00, 100.00, 2.00, 0.79, 1.52, 0.00, -0.00, 35.00, 0.00, -0.00, -0.00,  -35.00, -0.00, -584.85, 1567.65, 1575.66, -0.03, 1575.66, 75.03, 75.03, 0.00, 1
1000000, 100.00, 100.00, 2.00, 0.79, 1.52, 0.00, 0.00, 37.00, 0.00, -0.00, -0.00,  -37.00, -0.00, -770.07, 1753.08, 1760.88, -0.03, 1760.88, 83.85, 83.85, 0.00, 1
1000000, 100.00, 100.00, 2.00, 0.79, 1.52, 0.00, -0.00, 39.00, 0.00, -0.00, -0.00,  -39.00, -0.00, -965.58, 1948.81, 1956.39, -0.04, 1956.39, 93.16, 93.16, 0.00, 1
33738, 3.37, 100.00, 4.00, 0.79, 0.00, 0.00, 0.00, 1.00, 0.00, 0.00, 0.00,  -1.00, 0.00, 981.00, 389.80, 384.82, 384.60, -12.89, 20.62, 0.69, 20.60, 0
174032, 17.40, 100.00, 4.00, 0.79, 0.00, 0.00, 0.00, 3.00, 0.00, 0.00, 0.00,  -3.00, 0.00, 981.00, 363.30, 358.45, 358.32, -9.62, 19.20, 0.52, 19.20, 0
1000000, 100.00, 100.00, 4.00, 0.79, 1.50, 0.00, 0.00, 5.00, 0.00, 0.00, -0.00,  -5.00, -0.00, 947.94, 33.14, 42.87, -0.00, 42.87, 2.30, 2.30, 0.00, 1
1000000, 100.00, 100.00, 4.00, 0.79, 1.51, 0.00, -0.00, 7.00, 0.00, -0.00, -0.00,  -7.00, -0.00, 906.77, 74.36, 84.04, -0.00, 84.04, 4.50, 4.50, 0.00, 1
1000000, 100.00, 100.00, 4.00, 0.79, 1.51, 0.00, 0.00, 9.00, 0.00, -0.00, -0.00,  -9.00, -0.00, 851.89, 129.32, 138.92, -0.00, 138.92, 7.44, 7.44, 0.00, 1
1000000, 100.00, 100.00, 4.00, 0.79, 1.51, 0.00, -0.00, 11.00, 0.00, -0.00, -0.00,  -11.00, -0.00, 783.29, 198.02, 207.52, -0.00, 207.52, 11.12, 11.12, 0.00, 1
1000000, 100.00, 100.00, 4.00, 0.79, 1.52, 0.00, 0.00, 13.00, 0.00, -0.00, -0.00,  -13.00, -0.00, 700.97, 280.46, 289.84, -0.00, 289.84, 15.53, 15.53, 0.00, 1
1000000, 100.00, 100.00, 4.00, 0.79, 1.52, 0.00, 0.00, 15.00, 0.00, -0.00, -0.00,  -15.00, -0.00, 604.93, 376.63, 385.88, -0.00, 385.88, 20.67, 20.67, 0.00, 1
1000000, 100.00, 100.00, 4.00, 0.79, 1.52, 0.00, -0.00, 17.00, 0.00, -0.00, -0.00,  -17.00, -0.00, 495.17, 486.55, 495.64, -0.00, 495.64, 26.55, 26.55, 0.00, 1
1000000, 100.00, 100.00, 4.00, 0.79, 1.52, 0.00, 0.00, 19.00, 0.00, -0.00, -0.00,  -19.00, -0.00, 371.69, 610.21, 619.12, -0.00, 619.12, 33.17, 33.17, 0.00, 1
1000000, 100.00, 100.00, 4.00, 0.79, 1.52, 0.00, 0.00, 21.00, 0.00, -0.00, -0.00,  -21.00, -0.00, 234.49, 747.60, 756.32, -0.00, 756.32, 40.52, 40.52, 0.00, 1
1000000, 100.00, 100.00, 4.00, 0.79, 1.52, 0.00, 0.43, 23.00, 0.00, 0.43, -0.00,  -22.57, -0.00, 117.01, 865.26, 873.80, -0.01, 873.80, 46.81, 46.81, 0.00, 1
1000000, 100.00, 100.00, 4.00, 0.79, 1.52, 0.00, 2.43, 25.00, 0.00, 2.43, -0.00,  -22.57, -0.00, 117.01, 865.26, 873.80, -0.01, 873.80, 46.81, 46.81, 0.00, 1
1000000, 100.00, 100.00, 4.00, 0.79, 1.52, 0.00, 4.43, 27.00, 0.00, 4.43, -0.00,  -22.57, -0.00, 117.00, 865.27, 873.81, -0.01, 873.81, 46.81, 46.81, 0.00, 1
1000000, 100.00, 100.00, 4.00, 0.79, 1.52, 0.00, 6.43, 29.00, 0.00, 6.43, -0.00,  -22.57, -0.00, 117.00, 865.27, 873.81, -0.01, 873.81, 46.81, 46.81, 0.00, 1
1000000, 100.00, 100.00, 4.00, 0.79, 1.52, 0.00, -0.00, 31.00, 0.00, -0.00, -0.00,  -31.00, -0.00, -657.31, 1640.68, 1648.12, -0.02, 1648.12, 88.29, 88.29, 0.00, 1
1000000, 100.00, 100.00, 4.00, 0.79, 1.52, 0.00, 0.00, 33.00, 0.00, -0.00, -0.00,  -33.00, -0.00, -876.83, 1860.52, 1867.64, -0.02, 1867.64, 100.05, 100.05, 0.00, 1
1000000, 100.00, 100.00, 4.00, 0.79, 1.52, 0.00, 0.00, 35.00, 0.00, -0.00, -0.00,  -35.00, -0.00, -1110.07, 2094.09, 2100.88, -0.03, 2100.88, 112.55, 112.55, 0.00, 1
1000000, 100.00, 100.00, 4.00, 0.79, 1.52, 0.00, 0.00, 37.00, 0.00, -0.00, -0.00,  -37.00, -0.00, -1357.03, 2341.41, 2347.84, -0.03, 2347.84, 125.78, 125.78, 0.00, 1
1000000, 100.00, 100.00, 4.00, 0.79, 1.52, 0.00, 0.00, 39.00, 0.00, -0.00, -0.00,  -39.00, -0.00, -1617.71, 2602.46, 2608.52, -0.04, 2608.52, 139.74, 139.74, 0.00, 1
36000, 3.60, 100.00, 6.00, 0.79, 0.00, 0.00, 0.00, 1.00, 0.00, 0.00, 0.00,  -1.00, 0.00, 981.00, 386.37, 381.47, 380.95, -20.10, 29.34, 1.55, 29.30, 0
162591, 16.26, 100.00, 6.00, 0.79, 0.00, 0.00, 0.00, 3.00, 0.00, 0.00, 0.00,  -3.00, 0.00, 981.00, 381.98, 377.10, 376.59, -19.61, 29.01, 1.51, 28.97, 0
1000000, 100.00, 100.00, 6.00, 0.79, 1.48, 0.00, 0.00, 5.00, 0.00, -0.00, -0.00,  -5.00, -0.00, 941.04, 40.14, 49.77, -0.00, 49.77, 3.83, 3.83, 0.00, 1
1000000, 100.00, 100.00, 6.00, 0.79, 1.49, 0.00, 0.00, 7.00, 0.00, -0.00, -0.00,  -7.00, -0.00, 893.27, 88.05, 97.54, -0.00, 97.54, 7.50, 7.50, 0.00, 1
1000000, 100.00, 100.00, 6.00, 0.79, 1.49, 0.00, 0.00, 9.00, 0.00, -0.00, -0.00,  -9.00, -0.00, 829.57, 151.94, 161.24, -0.00, 161.24, 12.40, 12.40, 0.00, 1
1000000, 100.00, 100.00, 6.00, 0.79, 1.49, 0.00, 0.00, 11.00, 0.00, -0.00, -0.00,  -11.00, -0.00, 749.94, 231.80, 240.87, -0.00, 240.87, 18.53, 18.53, 0.00, 1
1000000, 100.00, 100.00, 6.00, 0.79, 1.49, 0.00, -0.00, 13.00, 0.00, -0.00, -0.00,  -13.00, -0.00, 654.39, 327.63, 336.42, -0.00, 336.42, 25.88, 25.88, 0.00, 1
1000000, 100.00, 100.00, 6.00, 0.79, 1.49, 0.00, 0.00, 15.00, 0.00, -0.00, -0.00,  -15.00, -0.00, 542.92, 439.43, 447.89, -0.00, 447.89, 34.45, 34.45, 0.00, 1
1000000, 100.00, 100.00, 6.00, 0.79, 1.49, 0.00, 0.00, 17.00, 0.00, -0.00, -0.00,  -17.00, -0.00, 415.52, 567.21, 575.29, -0.00, 575.29, 44.25, 44.25, 0.00, 1
1000000, 100.00, 100.00, 6.00, 0.79, 1.49, 0.00, -0.00, 19.00, 0.00, -0.00, -0.00,  -19.00, -0.00, 272.19, 710.96, 718.62, -0.00, 718.62, 55.28, 55.28, 0.00, 1
1000000, 100.00, 100.00, 6.00, 0.79, 1.49, 0.00, 0.57, 21.00, 0.00, 0.57, -0.00,  -20.43, -0.00, 159.80, 823.68, 831.01, -0.00, 831.01, 63.92, 63.92, 0.00, 1
1000000, 100.00, 100.00, 6.00, 0.79, 1.49, 0.00, 2.57, 23.00, 0.00, 2.57, -0.00,  -20.43, -0.00, 159.80, 823.68, 831.01, -0.00, 831.01, 63.92, 63.92, 0.00, 1
1000000, 100.00, 100.00, 6.00, 0.79, 1.49, 0.00, 4.57, 25.00, 0.00, 4.57, -0.00,  -20.43, -0.00, 159.80, 823.69, 831.01, -0.00, 831.01, 63.92, 63.92, 0.00, 1
1000000, 100.00, 100.00, 6.00, 0.79, 1.49, 0.00, 6.57, 27.00, 0.00, 6.57, -0.00,  -20.43, -0.00, 159.80, 823.69, 831.01, -0.01, 831.01, 63.92, 63.92, 0.00, 1
1000000, 100.00, 100.00, 6.00, 0.79, 1.49, 0.00, 8.57, 29.00, 0.00, 8.57, -0.00,  -20.43, -0.00, 159.79, 823.69, 831.02, -0.01, 831.02, 63.92, 63.92, 0.00, 1
1000000, 100.00, 100.00, 6.00, 0.79, 1.49, 0.00, 10.57, 31.00, 0.00, 10.57, -0.00,  -20.43, -0.00, 159.79, 823.69, 831.02, -0.01, 831.02, 63.92, 63.92, 0.00, 1
1000000, 100.00, 100.00, 6.00, 0.79, 1.49, 0.00, 12.57, 33.00, 0.00, 12.57, -0.00,  -20.43, -0.00, 159.79, 823.70, 831.02, -0.01, 831.02, 63.92, 63.92, 0.00, 1
1000000, 100.00, 100.00, 6.00, 0.79, 1.49, 0.00, 14.57, 35.00, 0.00, 14.57, -0.00,  -20.43, -0.00, 159.78, 823.70, 831.03, -0.01, 831.03, 63.93, 63.93, 0.00, 1
1000000, 100.00, 100.00, 6.00, 0.79, 1.49, 0.00, 16.57, 37.00, 0.00, 16.57, -0.00,  -20.43, -0.00, 159.78, 823.71, 831.03, -0.01, 831.03, 63.93, 63.93, 0.00, 1
1000000, 100.00, 100.00, 6.00, 0.79, 1.49, 0.00, -0.00, 39.00, 0.00, -0.00, -0.00,  -39.00, -0.00, -2036.94, 3026.91, 3027.74, -0.02, 3027.74, 232.90, 232.90, 0.00, 1
38368, 3.84, 100.00, 8.00, 0.79, 0.00, 0.00, 0.00, 1.00, 0.00, 0.00, 0.00,  -1.00, 0.00, 980.99, 386.83, 382.09, 381.27, -25.11, 34.74, 2.28, 34.66, 0
188704, 18.87, 100.00, 8.00, 0.79, 0.00, 0.00, 0.00, 3.00, 0.00, 0.00, 0.00,  -3.00, 0.00, 980.99, 386.64, 381.90, 381.08, -25.05, 34.72, 2.28, 34.64, 0
1000000, 100.00, 100.00, 8.00, 0.79, 1.46, 0.00, -0.00, 5.00, 0.00, -0.00, -0.00,  -5.00, -0.00, 931.86, 49.43, 58.95, -0.00, 58.95, 5.36, 5.36, 0.00, 1
1000000, 100.00, 100.00, 8.00, 0.79, 1.47, 0.00, -0.00, 7.00, 0.00, -0.00, -0.00,  -7.00, -0.00, 875.26, 106.26, 115.55, -0.00, 115.55, 10.50, 10.50, 0.00, 1
1000000, 100.00, 100.00, 8.00, 0.79, 1.48, 0.00, -0.00, 9.00, 0.00, -0.00, -0.00,  -9.00, -0.00, 799.80, 182.03, 191.01, -0.00, 191.01, 17.36, 17.36, 0.00, 1
1000000, 100.00, 100.00, 8.00, 0.79, 1.48, 0.00, -0.00, 11.00, 0.00, -0.00, -0.00,  -11.00, -0.00, 705.48, 276.74, 285.33, -0.00, 285.33, 25.94, 25.94, 0.00, 1
1000000, 100.00, 100.00, 8.00, 0.79, 1.48, 0.00, 0.00, 13.00, 0.00, -0.00, -0.00,  -13.00, -0.00, 592.29, 390.40, 398.52, -0.00, 398.52, 36.23, 36.23, 0.00, 1
1000000, 100.00, 100.00, 8.00, 0.79, 1.48, 0.00, 0.00, 15.00, 0.00, -0.00, -0.00,  -15.00, -0.00, 460.23, 523.00, 530.58, -0.00, 530.58, 48.23, 48.23, 0.00, 1
1000000, 100.00, 100.00, 8.00, 0.79, 1.48, 0.00, 0.00, 17.00, 0.00, -0.00, -0.00,  -17.00, -0.00, 309.31, 674.54, 681.50, -0.00, 681.50, 61.95, 61.95, 0.00, 1
1000000, 100.00, 100.00, 8.00, 0.79, 1.48, 0.00, 0.50, 19.00, 0.00, 0.50, -0.00,  -18.50, -0.00, 183.48, 800.89, 807.33, -0.00, 807.33, 73.39, 73.39, 0.00, 1
1000000, 100.00, 100.00, 8.00, 0.79, 1.48, 0.00, 2.50, 21.00, 0.00, 2.50, -0.00,  -18.50, -0.00, 183.48, 800.89, 807.33, -0.00, 807.33, 73.39, 73.39, 0.00, 1
1000000, 100.00, 100.00, 8.00, 0.79, 1.48, 0.00, 4.50, 23.00, 0.00, 4.50, -0.00,  -18.50, -0.00, 183.48, 800.89, 807.33, -0.00, 807.33, 73.39, 73.39, 0.00, 1
1000000, 100.00, 100.00, 8.00, 0.79, 1.48, 0.00, 6.50, 25.00, 0.00, 6.50, -0.00,  -18.50, -0.00, 183.48, 800.89, 807.33, -0.00, 807.33, 73.39, 73.39, 0.00, 1
1000000, 100.00, 100.00, 8.00, 0.79, 1.48, 0.00, 8.50, 27.00, 0.00, 8.50, -0.00,  -18.50, -0.00, 183.47, 800.90, 807.34, -0.00, 807.34, 73.39, 73.39, 0.00, 1
1000000, 100.00, 100.00, 8.00, 0.79, 1.48, 0.00, 10.50, 29.00, 0.00, 10.50, -0.00,  -18.50, -0.00, 183.47, 800.90, 807.34, -0.01, 807.34, 73.39, 73.39, 0.00, 1
1000000, 100.00, 100.00, 8.00, 0.79, 1.48, 0.00, 12.50, 31.00, 0.00, 12.50, -0.00,  -18.50, -0.00, 183.47, 800.90, 807.34, -0.01, 807.34, 73.39, 73.39, 0.00, 1
1000000, 100.00, 100.00, 8.00, 0.79, 1.48, 0.00, 14.50, 33.00, 0.00, 14.50, -0.00,  -18.50, -0.00, 183.47, 800.90, 807.34, -0.01, 807.34, 73.39, 73.39, 0.00, 1
1000000, 100.00, 100.00, 8.00, 0.79, 1.48, 0.00, 16.50, 35.00, 0.00, 16.50, -0.00,  -18.50, -0.00, 183.46, 800.91, 807.35, -0.01, 807.35, 73.40, 73.40, 0.00, 1
1000000, 100.00, 100.00, 8.00, 0.79, 1.48, 0.00, 18.50, 37.00, 0.00, 18.50, -0.00,  -18.50, -0.00, 183.46, 800.91, 807.35, -0.01, 807.35, 73.40, 73.40, 0.00, 1
1000000, 100.00, 100.00, 8.00, 0.79, 1.48, 0.00, 20.50, 39.00, 0.00, 20.50, -0.00,  -18.50, -0.00, 183.46, 800.91, 807.35, -0.01, 807.35, 73.40, 73.40, 0.00, 1
41305, 4.13, 100.00, 10.00, 0.79, 0.00, 0.00, 0.00, 1.00, 0.00, 0.00, 0.00,  -1.00, 0.00, 981.00, 373.77, 368.77, 367.51, -30.42, 40.47, 3.34, 40.34, 0
1000000, 100.00, 100.00, 10.00, 0.79, 1.38, 0.00, -0.00, 3.00, 0.00, 0.00, -0.00,  -3.00, -0.00, 968.21, 13.03, 22.60, -0.00, 22.60, 2.48, 2.48, 0.00, 1
1000000, 100.00, 100.00, 10.00, 0.79, 1.44, 0.00, -0.00, 5.00, 0.00, -0.00, -0.00,  -5.00, -0.00, 928.03, 53.42, 62.78, -0.00, 62.78, 6.89, 6.89, 0.00, 1
1000000, 100.00, 100.00, 10.00, 0.79, 1.45, 0.00, 0.00, 7.00, 0.00, -0.00, -0.00,  -7.00, -0.00, 867.76, 114.04, 123.05, -0.00, 123.05, 13.51, 13.51, 0.00, 1
1000000, 100.00, 100.00, 10.00, 0.79, 1.46, 0.00, 0.00, 9.00, 0.00, -0.00, -0.00,  -9.00, -0.00, 787.40, 194.88, 203.41, -0.00, 203.41, 22.33, 22.33, 0.00, 1
1000000, 100.00, 100.00, 10.00, 0.79, 1.46, 0.00, -0.00, 11.00, 0.00, -0.00, -0.00,  -11.00, -0.00, 686.95, 295.94, 303.86, -0.00, 303.86, 33.35, 33.35, 0.00, 1
1000000, 100.00, 100.00, 10.00, 0.79, 1.46, 0.00, 0.00, 13.00, 0.00, -0.00, -0.00,  -13.00, -0.00, 566.41, 417.20, 424.40, -0.00, 424.40, 46.58, 46.58, 0.00, 1
1000000, 100.00, 100.00, 10.00, 0.79, 1.46, 0.00, -0.00, 15.00, 0.00, -0.00, -0.00,  -15.00, -0.00, 425.78, 558.67, 565.03, -0.00, 565.03, 62.02, 62.02, 0.00, 1
1000000, 100.00, 100.00, 10.00, 0.79, 1.46, 0.00, -0.00, 17.00, 0.00, -0.00, -0.00,  -17.00, -0.00, 265.06, 720.36, 725.75, -0.00, 725.75, 79.66, 79.66, 0.00, 1
1000000, 100.00, 100.00, 10.00, 0.79, 1.46, 0.00, 1.40, 19.00, 0.00, 1.40, -0.00,  -17.60, -0.00, 213.33, 772.40, 777.48, -0.00, 777.48, 85.33, 85.33, 0.00, 1
1000000, 100.00, 100.00, 10.00, 0.79, 1.46, 0.00, 3.40, 21.00, 0.00, 3.40, -0.00,  -17.60, -0.00, 213.33, 772.40, 777.48, -0.00, 777.48, 85.33, 85.33, 0.00, 1
1000000, 100.00, 100.00, 10.00, 0.79, 1.46, 0.00, 5.40, 23.00, 0.00, 5.40, -0.00,  -17.60, -0.00, 213.33, 772.40, 777.48, -0.00, 777.48, 85.33, 85.33, 0.00, 1
1000000, 100.00, 100.00, 10.00, 0.79, 1.46, 0.00, 7.40, 25.00, 0.00, 7.40, -0.00,  -17.60, -0.00, 213.33, 772.40, 777.48, -0.00, 777.48, 85.33, 85.33, 0.00, 1
1000000, 100.00, 100.00, 10.00, 0.79, 1.46, 0.00, 9.40, 27.00, 0.00, 9.40, -0.00,  -17.60, -0.00, 213.33, 772.40, 777.48, -0.00, 777.48, 85.33, 85.33, 0.00, 1
1000000, 100.00, 100.00, 10.00, 0.79, 1.46, 0.00, 11.40, 29.00, 0.00, 11.40, -0.00,  -17.60, -0.00, 213.32, 772.40, 777.48, -0.00, 777.48, 85.33, 85.33, 0.00, 1
1000000, 100.00, 100.00, 10.00, 0.79, 1.46, 0.00, 13.40, 31.00, 0.00, 13.40, -0.00,  -17.60, -0.00, 213.32, 772.40, 777.49, -0.00, 777.49, 85.33, 85.33, 0.00, 1
1000000, 100.00, 100.00, 10.00, 0.79, 1.46, 0.00, 15.40, 33.00, 0.00, 15.40, -0.00,  -17.60, -0.00, 213.32, 772.41, 777.49, -0.01, 777.49, 85.33, 85.33, 0.00, 1
1000000, 100.00, 100.00, 10.00, 0.79, 1.46, 0.00, 17.40, 35.00, 0.00, 17.40, -0.00,  -17.60, -0.00, 213.32, 772.41, 777.49, -0.01, 777.49, 85.33, 85.33, 0.00, 1
1000000, 100.00, 100.00, 10.00, 0.79, 1.46, 0.00, 19.40, 37.00, 0.00, 19.40, -0.00,  -17.60, -0.00, 213.32, 772.41, 777.49, -0.01, 777.49, 85.33, 85.33, 0.00, 1
1000000, 100.00, 100.00, 10.00, 0.79, 1.46, 0.00, 21.40, 39.00, 0.00, 21.40, -0.00,  -17.60, -0.00, 213.31, 772.41, 777.49, -0.01, 777.49, 85.33, 85.33, 0.00, 1
41997, 4.20, 100.00, 12.00, 0.79, 0.00, 0.00, 0.00, 1.00, 0.00, 0.00, 0.00,  -1.00, 0.00, 980.99, 387.43, 382.45, 381.07, -32.45, 42.49, 3.61, 42.34, 0
1000000, 100.00, 100.00, 12.00, 0.79, 1.39, 0.00, -0.00, 3.00, 0.00, -0.00, -0.00,  -3.00, -0.00, 966.00, 15.25, 24.81, -0.00, 24.81, 2.76, 2.76, 0.00, 1
1000000, 100.00, 100.00, 12.00, 0.79, 1.44, 0.00, -0.00, 5.00, 0.00, -0.00, -0.00,  -5.00, -0.00, 921.90, 59.59, 68.91, -0.00, 68.91, 7.66, 7.66, 0.00, 1
1000000, 100.00, 100.00, 12.00, 0.79, 1.45, 0.00, -0.00, 7.00, 0.00, -0.00, -0.00,  -7.00, -0.00, 855.75, 126.14, 135.06, -0.00, 135.06, 15.01, 15.01, 0.00, 1
1000000, 100.00, 100.00, 12.00, 0.79, 1.46, 0.00, 0.00, 9.00, 0.00, -0.00, -0.00,  -9.00, -0.00, 767.55, 214.88, 223.26, -0.00, 223.26, 24.81, 24.81, 0.00, 1
1000000, 100.00, 100.00, 12.00, 0.79, 1.46, 0.00, 0.00, 11.00, 0.00, -0.00, -0.00,  -11.00, -0.00, 657.30, 325.81, 333.51, -0.00, 333.51, 37.06, 37.06, 0.00, 1
1000000, 100.00, 100.00, 12.00, 0.79, 1.46, 0.00, -0.00, 13.00, 0.00, -0.00, -0.00,  -13.00, -0.00, 525.00, 458.92, 465.81, -0.00, 465.81, 51.76, 51.76, 0.00, 1
1000000, 100.00, 100.00, 12.00, 0.79, 1.46, 0.00, 0.00, 15.00, 0.00, -0.00, -0.00,  -15.00, -0.00, 370.65, 614.22, 620.16, -0.00, 620.16, 68.91, 68.91, 0.00, 1
1000000, 100.00, 100.00, 12.00, 0.79, 1.46, 0.00, 0.23, 17.00, 0.00, 0.23, -0.00,  -16.77, -0.00, 215.39, 770.44, 775.42, -0.00, 775.42, 86.16, 86.16, 0.00, 1
1000000, 100.00, 100.00, 12.00, 0.79, 1.46, 0.00, 2.23, 19.00, 0.00, 2.23, -0.00,  -16.77, -0.00, 215.39, 770.44, 775.42, -0.00, 775.42, 86.16, 86.16, 0.00, 1
1000000, 100.00, 100.00, 12.00, 0.79, 1.46, 0.00, 4.23, 21.00, 0.00, 4.23, -0.00,  -16.77, -0.00, 215.39, 770.44, 775.42, -0.00, 775.42, 86.16, 86.16, 0.00, 1
1000000, 100.00, 100.00, 12.00, 0.79, 1.46, 0.00, 6.23, 23.00, 0.00, 6.23, -0.00,  -16.77, -0.00, 215.39, 770.44, 775.42, -0.00, 775.42, 86.16, 86.16, 0.00, 1
1000000, 100.00, 100.00, 12.00, 0.79, 1.46, 0.00, 8.23, 25.00, 0.00, 8.23, -0.00,  -16.77, -0.00, 215.39, 770.44, 775.42, -0.00, 775.42, 86.16, 86.16, 0.00, 1
1000000, 100.00, 100.00, 12.00, 0.79, 1.46, 0.00, 10.23, 27.00, 0.00, 10.23, -0.00,  -16.77, -0.00, 215.39, 770.45, 775.42, -0.00, 775.42, 86.16, 86.16, 0.00, 1
1000000, 100.00, 100.00, 12.00, 0.79, 1.46, 0.00, 12.23, 29.00, 0.00, 12.23, -0.00,  -16.77, -0.00, 215.39, 770.45, 775.42, -0.00, 775.42, 86.16, 86.16, 0.00, 1
1000000, 100.00, 100.00, 12.00, 0.79, 1.46, 0.00, 14.23, 31.00, 0.00, 14.23, -0.00,  -16.77, -0.00, 215.38, 770.45, 775.43, -0.00, 775.43, 86.16, 86.16, 0.00, 1
1000000, 100.00, 100.00, 12.00, 0.79, 1.46, 0.00, 16.23, 33.00, 0.00, 16.23, -0.00,  -16.77, -0.00, 215.38, 770.45, 775.43, -0.01, 775.43, 86.16, 86.16, 0.00, 1
1000000, 100.00, 100.00, 12.00, 0.79, 1.46, 0.00, 18.23, 35.00, 0.00, 18.23, -0.00,  -16.77, -0.00, 215.38, 770.45, 775.43, -0.01, 775.43, 86.16, 86.16, 0.00, 1
1000000, 100.00, 100.00, 12.00, 0.79, 1.46, 0.00, 20.23, 37.00, 0.00, 20.23, -0.00,  -16.77, -0.00, 215.38, 770.45, 775.43, -0.01, 775.43, 86.16, 86.16, 0.00, 1
1000000, 100.00, 100.00, 12.00, 0.79, 1.46, 0.00, 22.23, 39.00, 0.00, 22.23, -0.00,  -16.77, -0.00, 215.37, 770.46, 775.43, -0.01, 775.43, 86.16, 86.16, 0.00, 1
46649, 4.66, 100.00, 14.00, 0.79, 0.00, 0.00, 0.00, 1.00, 0.00, 0.00, 0.00,  -1.00, 0.00, 981.00, 322.65, 318.07, 316.54, -31.20, 41.35, 4.06, 41.15, 0
1000000, 100.00, 100.00, 14.00, 0.79, 1.37, 0.00, 0.00, 3.00, 0.00, 0.00, -0.00,  -3.00, -0.00, 963.25, 18.11, 27.56, -0.00, 27.56, 3.58, 3.58, 0.00, 1
1000000, 100.00, 100.00, 14.00, 0.79, 1.42, 0.00, 0.00, 5.00, 0.00, -0.00, -0.00,  -5.00, -0.00, 914.25, 67.49, 76.56, -0.00, 76.56, 9.95, 9.95, 0.00, 1
1000000, 100.00, 100.00, 14.00, 0.79, 1.43, 0.00, 0.00, 7.00, 0.00, -0.00, -0.00,  -7.00, -0.00, 840.75, 141.60, 150.06, -0.00, 150.06, 19.51, 19.51, 0.00, 1
1000000, 100.00, 100.00, 14.00, 0.79, 1.44, 0.00, 0.00, 9.00, 0.00, -0.00, -0.00,  -9.00, -0.00, 742.75, 240.43, 248.06, -0.00, 248.06, 32.25, 32.25, 0.00, 1
1000000, 100.00, 100.00, 14.00, 0.79, 1.44, 0.00, 0.00, 11.00, 0.00, -0.00, -0.00,  -11.00, -0.00, 620.25, 363.95, 370.56, -0.00, 370.56, 48.17, 48.17, 0.00, 1
1000000, 100.00, 100.00, 14.00, 0.79, 1.44, 0.00, 0.00, 13.00, 0.00, -0.00, -0.00,  -13.00, -0.00, 473.25, 512.19, 517.56, -0.00, 517.56, 67.28, 67.28, 0.00, 1
1000000, 100.00, 100.00, 14.00, 0.79, 1.44, 0.00, -0.00, 15.00, 0.00, -0.00, -0.00,  -15.00, -0.00, 301.75, 685.13, 689.06, -0.00, 689.06, 89.58, 89.58, 0.00, 1
1000000, 100.00, 100.00, 14.00, 0.79, 1.44, 0.00, 1.37, 17.00, 0.00, 1.37, -0.00,  -15.63, -0.00, 243.03, 744.35, 747.78, -0.00, 747.78, 97.21, 97.21, 0.00, 1
1000000, 100.00, 100.00, 14.00, 0.79, 1.44, 0.00, 3.37, 19.00, 0.00, 3.37, -0.00,  -15.63, -0.00, 243.03, 744.35, 747.78, -0.00, 747.78, 97.21, 97.21, 0.00, 1
1000000, 100.00, 100.00, 14.00, 0.79, 1.44, 0.00, 5.37, 21.00, 0.00, 5.37, -0.00,  -15.63, -0.00, 243.03, 744.35, 747.78, -0.00, 747.78, 97.21, 97.21, 0.00, 1
1000000, 100.00, 100.00, 14.00, 0.79, 1.44, 0.00, 7.37, 23.00, 0.00, 7.37, -0.00,  -15.63, -0.00, 243.03, 744.35, 747.78, -0.00, 747.78, 97.21, 97.21, 0.00, 1
1000000, 100.00, 100.00, 14.00, 0.79, 1.44, 0.00, 9.37, 25.00, 0.00, 9.37, -0.00,  -15.63, -0.00, 243.03, 744.35, 747.78, -0.00, 747.78, 97.21, 97.21, 0.00, 1
1000000, 100.00, 100.00, 14.00, 0.79, 1.44, 0.00, 11.37, 27.00, 0.00, 11.37, -0.00,  -15.63, -0.00, 243.02, 744.35, 747.79, -0.00, 747.79, 97.21, 97.21, 0.00, 1
1000000, 100.00, 100.00, 14.00, 0.79, 1.44, 0.00, 13.37, 29.00, 0.00, 13.37, -0.00,  -15.63, -0.00, 243.02, 744.35, 747.79, -0.00, 747.79, 97.21, 97.21, 0.00, 1
1000000, 100.00, 100.00, 14.00, 0.79, 1.44, 0.00, 15.37, 31.00, 0.00, 15.37, -0.00,  -15.63, -0.00, 243.02, 744.35, 747.79, -0.00, 747.79, 97.21, 97.21, 0.00, 1
1000000, 100.00, 100.00, 14.00, 0.79, 1.44, 0.00, 17.37, 33.00, 0.00, 17.37, -0.00,  -15.63, -0.00, 243.02, 744.35, 747.79, -0.00, 747.79, 97.21, 97.21, 0.00, 1
1000000, 100.00, 100.00, 14.00, 0.79, 1.44, 0.00, 19.37, 35.00, 0.00, 19.37, -0.00,  -15.63, -0.00, 243.02, 744.36, 747.79, -0.01, 747.79, 97.21, 97.21, 0.00, 1
1000000, 100.00, 100.00, 14.00, 0.79, 1.44, 0.00, 21.37, 37.00, 0.00, 21.37, -0.00,  -15.63, -0.00, 243.02, 744.36, 747.79, -0.01, 747.79, 97.21, 97.21, 0.00, 1
1000000, 100.00, 100.00, 14.00, 0.79, 1.44, 0.00, 23.37, 39.00, 0.00, 23.37, -0.00,  -15.63, -0.00, 243.02, 744.36, 747.79, -0.01, 747.79, 97.21, 97.21, 0.00, 1
50181, 5.02, 100.00, 16.00, 0.79, 0.00, 0.00, 0.00, 1.00, 0.00, 0.00, 0.00,  -1.00, 0.00, 981.00, 344.03, 339.25, 337.26, -36.74, 46.97, 5.09, 46.70, 0
1000000, 100.00, 100.00, 16.00, 0.79, 1.38, 0.00, 0.00, 3.00, 0.00, -0.00, -0.00,  -3.00, -0.00, 954.98, 26.49, 35.83, -0.00, 35.83, 4.96, 4.96, 0.00, 1
1000000, 100.00, 100.00, 16.00, 0.79, 1.42, 0.00, 0.00, 5.00, 0.00, 0.00, -0.00,  -5.00, -0.00, 891.28, 90.77, 99.53, -0.00, 99.53, 13.78, 13.78, 0.00, 1
1000000, 100.00, 100.00, 16.00, 0.79, 1.43, 0.00, 0.00, 7.00, 0.00, -0.00, -0.00,  -7.00, -0.00, 795.73, 187.23, 195.08, -0.00, 195.08, 27.01, 27.01, 0.00, 1
1000000, 100.00, 100.00, 16.00, 0.79, 1.43, 0.00, -0.00, 9.00, 0.00, -0.00, -0.00,  -9.00, -0.00, 668.33, 315.84, 322.48, -0.00, 322.48, 44.65, 44.65, 0.00, 1
1000000, 100.00, 100.00, 16.00, 0.79, 1.43, 0.00, -0.00, 11.00, 0.00, -0.00, -0.00,  -11.00, -0.00, 509.08, 476.61, 481.73, -0.00, 481.73, 66.70, 66.70, 0.00, 1
1000000, 100.00, 100.00, 16.00, 0.79, 1.43, 0.00, 0.00, 13.00, 0.00, -0.00, -0.00,  -13.00, -0.00, 317.98, 669.53, 672.83, -0.00, 672.83, 93.16, 93.16, 0.00, 1
1000000, 100.00, 100.00, 16.00, 0.79, 1.43, 0.00, 1.40, 15.00, 0.00, 1.40, -0.00,  -13.60, -0.00, 254.78, 733.34, 736.03, -0.00, 736.03, 101.91, 101.91, 0.00, 1
1000000, 100.00, 100.00, 16.00, 0.79, 1.43, 0.00, 3.40, 17.00, 0.00, 3.40, -0.00,  -13.60, -0.00, 254.78, 733.34, 736.03, -0.00, 736.03, 101.91, 101.91, 0.00, 1
1000000, 100.00, 100.00, 16.00, 0.79, 1.43, 0.00, 5.40, 19.00, 0.00, 5.40, -0.00,  -13.60, -0.00, 254.78, 733.34, 736.03, -0.00, 736.03, 101.91, 101.91, 0.00, 1
1000000, 100.00, 100.00, 16.00, 0.79, 1.43, 0.00, 7.40, 21.00, 0.00, 7.40, -0.00,  -13.60, -0.00, 254.78, 733.34, 736.03, -0.00, 736.03, 101.91, 101.91, 0.00, 1
1000000, 100.00, 100.00, 16.00, 0.79, 1.43, 0.00, 9.40, 23.00, 0.00, 9.40, -0.00,  -13.60, -0.00, 254.78, 733.34, 736.03, -0.00, 736.03, 101.91, 101.91, 0.00, 1
1000000, 100.00, 100.00, 16.00, 0.79, 1.43, 0.00, 11.40, 25.00, 0.00, 11.40, -0.00,  -13.60, -0.00, 254.78, 733.34, 736.03, -0.00, 736.03, 101.91, 101.91, 0.00, 1
1000000, 100.00, 100.00, 16.00, 0.79, 1.43, 0.00, 13.40, 27.00, 0.00, 13.40, -0.00,  -13.60, -0.00, 254.78, 733.34, 736.03, -0.00, 736.03, 101.91, 101.91, 0.00, 1
1000000, 100.00, 100.00, 16.00, 0.79, 1.43, 0.00, 15.40, 29.00, 0.00, 15.40, -0.00,  -13.60, -0.00, 254.77, 733.34, 736.04, -0.00, 736.04, 101.91, 101.91, 0.00, 1
1000000, 100.00, 100.00, 16.00, 0.79, 1.43, 0.00, 17.40, 31.00, 0.00, 17.40, -0.00,  -13.60, -0.00, 254.77, 733.34, 736.04, -0.00, 736.04, 101.91, 101.91, 0.00, 1
1000000, 100.00, 100.00, 16.00, 0.79, 1.43, 0.00, 19.40, 33.00, 0.00, 19.40, -0.00,  -13.60, -0.00, 254.77, 733.34, 736.04, -0.00, 736.04, 101.91, 101.91, 0.00, 1
1000000, 100.00, 100.00, 16.00, 0.79, 1.43, 0.00, 21.40, 35.00, 0.00, 21.40, -0.00,  -13.60, -0.00, 254.77, 733.35, 736.04, -0.01, 736.04, 101.91, 101.91, 0.00, 1
1000000, 100.00, 100.00, 16.00, 0.79, 1.43, 0.00, 23.40, 37.00, 0.00, 23.40, -0.00,  -13.60, -0.00, 254.77, 733.35, 736.04, -0.01, 736.04, 101.91, 101.91, 0.00, 1
1000000, 100.00, 100.00, 16.00, 0.79, 1.43, 0.00, 25.40, 39.00, 0.00, 25.40, -0.00,  -13.60, -0.00, 254.77, 733.35, 736.04, -0.01, 736.04, 101.91, 101.91, 0.00, 1
50852, 5.09, 100.00, 18.00, 0.79, 0.00, 0.00, 0.00, 1.00, 0.00, 0.00, 0.00,  -1.00, 0.00, 981.00, 357.67, 352.78, 350.63, -38.88, 49.14, 5.42, 48.84, 0
1000000, 100.00, 100.00, 18.00, 0.79, 1.39, 0.00, 0.00, 3.00, 0.00, 0.00, -0.00,  -3.00, -0.00, 952.22, 29.28, 38.59, -0.00, 38.59, 5.37, 5.37, 0.00, 1
1000000, 100.00, 100.00, 18.00, 0.79, 1.42, 0.00, -0.00, 5.00, 0.00, -0.00, -0.00,  -5.00, -0.00, 883.62, 98.52, 107.19, -0.00, 107.19, 14.93, 14.93, 0.00, 1
1000000, 100.00, 100.00, 18.00, 0.79, 1.43, 0.00, -0.00, 7.00, 0.00, -0.00, -0.00,  -7.00, -0.00, 780.72, 202.40, 210.09, -0.00, 210.09, 29.26, 29.26, 0.00, 1
1000000, 100.00, 100.00, 18.00, 0.79, 1.43, 0.00, -0.00, 9.00, 0.00, -0.00, -0.00,  -9.00, -0.00, 643.52, 340.93, 347.29, -0.00, 347.29, 48.37, 48.37, 0.00, 1
1000000, 100.00, 100.00, 18.00, 0.79, 1.43, 0.00, -0.00, 11.00, 0.00, -0.00, -0.00,  -11.00, -0.00, 472.02, 514.08, 518.79, -0.00, 518.79, 72.26, 72.26, 0.00, 1
1000000, 100.00, 100.00, 18.00, 0.79, 1.43, 0.00, 0.00, 13.00, 0.00, -0.00, -0.00,  -13.00, -0.00, 266.22, 721.87, 724.59, -0.00, 724.59, 100.92, 100.92, 0.00, 1
1000000, 100.00, 100.00, 18.00, 0.79, 1.43, 0.00, 1.91, 15.00, 0.00, 1.91, -0.00,  -13.09, -0.00, 255.90, 732.29, 734.91, -0.00, 734.91, 102.36, 102.36, 0.00, 1
1000000, 100.00, 100.00, 18.00, 0.79, 1.43, 0.00, 3.91, 17.00, 0.00, 3.91, -0.00,  -13.09, -0.00, 255.90, 732.29, 734.91, -0.00, 734.91, 102.36, 102.36, 0.00, 1
1000000, 100.00, 100.00, 18.00, 0.79, 1.43, 0.00, 5.91, 19.00, 0.00, 5.91, -0.00,  -13.09, -0.00, 255.90, 732.29, 734.91, -0.00, 734.91, 102.36, 102.36, 0.00, 1
1000000, 100.00, 100.00, 18.00, 0.79, 1.43, 0.00, 7.91, 21.00, 0.00, 7.91, -0.00,  -13.09, -0.00, 255.90, 732.29, 734.91, -0.00, 734.91, 102.36, 102.36, 0.00, 1
1000000, 100.00, 100.00, 18.00, 0.79, 1.43, 0.00, 9.91, 23.00, 0.00, 9.91, -0.00,  -13.09, -0.00, 255.90, 732.29, 734.91, -0.00, 734.91, 102.36, 102.36, 0.00, 1
1000000, 100.00, 100.00, 18.00, 0.79, 1.43, 0.00, 11.91, 25.00, 0.00, 11.91, -0.00,  -13.09, -0.00, 255.90, 732.29, 734.91, -0.00, 734.91, 102.36, 102.36, 0.00, 1
1000000, 100.00, 100.00, 18.00, 0.79, 1.43, 0.00, 13.91, 27.00, 0.00, 13.91, -0.00,  -13.09, -0.00, 255.90, 732.29, 734.91, -0.00, 734.91, 102.36, 102.36, 0.00, 1
1000000, 100.00, 100.00, 18.00, 0.79, 1.43, 0.00, 15.91, 29.00, 0.00, 15.91, -0.00,  -13.09, -0.00, 255.90, 732.29, 734.91, -0.00, 734.91, 102.36, 102.36, 0.00, 1
1000000, 100.00, 100.00, 18.00, 0.79, 1.43, 0.00, 17.91, 31.00, 0.00, 17.91, -0.00,  -13.09, -0.00, 255.90, 732.29, 734.91, -0.00, 734.91, 102.36, 102.36, 0.00, 1
1000000, 100.00, 100.00, 18.00, 0.79, 1.43, 0.00, 19.91, 33.00, 0.00, 19.91, -0.00,  -13.09, -0.00, 255.90, 732.29, 734.91, -0.00, 734.91, 102.36, 102.36, 0.00, 1
1000000, 100.00, 100.00, 18.00, 0.79, 1.43, 0.00, 21.91, 35.00, 0.00, 21.91, -0.00,  -13.09, -0.00, 255.89, 732.29, 734.91, -0.01, 734.91, 102.36, 102.36, 0.00, 1
1000000, 100.00, 100.00, 18.00, 0.79, 1.43, 0.00, 23.91, 37.00, 0.00, 23.91, -0.00,  -13.09, -0.00, 255.89, 732.30, 734.92, -0.01, 734.92, 102.36, 102.36, 0.00, 1
1000000, 100.00, 100.00, 18.00, 0.79, 1.43, 0.00, 25.91, 39.00, 0.00, 25.91, -0.00,  -13.09, -0.00, 255.89, 732.30, 734.92, -0.01, 734.92, 102.36, 102.36, 0.00, 1
50181, 5.02, 100.00, 19.00, 0.79, 0.00, 0.00, 0.00, 1.00, 0.00, 0.00, 0.00,  -1.00, 0.00, 981.00, 344.03, 339.25, 337.26, -36.74, 46.97, 5.09, 46.70, 0
1000000, 100.00, 100.00, 19.00, 0.79, 1.38, 0.00, 0.00, 3.00, 0.00, -0.00, -0.00,  -3.00, -0.00, 954.98, 26.49, 35.83, -0.00, 35.83, 4.96, 4.96, 0.00, 1
1000000, 100.00, 100.00, 19.00, 0.79, 1.42, 0.00, 0.00, 5.00, 0.00, 0.00, -0.00,  -5.00, -0.00, 891.28, 90.77, 99.53, -0.00, 99.53, 13.78, 13.78, 0.00, 1
1000000, 100.00, 100.00, 19.00, 0.79, 1.43, 0.00, 0.00, 7.00, 0.00, -0.00, -0.00,  -7.00, -0.00, 795.73, 187.23, 195.08, -0.00, 195.08, 27.01, 27.01, 0.00, 1
1000000, 100.00, 100.00, 19.00, 0.79, 1.43, 0.00, -0.00, 9.00, 0.00, -0.00, -0.00,  -9.00, -0.00, 668.33, 315.84, 322.48, -0.00, 322.48, 44.65, 44.65, 0.00, 1
1000000, 100.00, 100.00, 19.00, 0.79, 1.43, 0.00, -0.00, 11.00, 0.00, -0.00, -0.00,  -11.00, -0.00, 509.08, 476.61, 481.73, -0.00, 481.73, 66.70, 66.70, 0.00, 1
1000000, 100.00, 100.00, 19.00, 0.79, 1.43, 0.00, 0.00, 13.00, 0.00, -0.00, -0.00,  -13.00, -0.00, 317.98, 669.53, 672.83, -0.00, 672.83, 93.16, 93.16, 0.00, 1
1000000, 100.00, 100.00, 19.00, 0.79, 1.43, 0.00, 1.40, 15.00, 0.00, 1.40, -0.00,  -13.60, -0.00, 254.78, 733.34, 736.03, -0.00, 736.03, 101.91, 101.91, 0.00, 1
1000000, 100.00, 100.00, 19.00, 0.79, 1.43, 0.00, 3.40, 17.00, 0.00, 3.40, -0.00,  -13.60, -0.00, 254.78, 733.34, 736.03, -0.00, 736.03, 101.91, 101.91, 0.00, 1
1000000, 100.00, 100.00, 19.00, 0.79, 1.43, 0.00, 5.40, 19.00, 0.00, 5.40, -0.00,  -13.60, -0.00, 254.78, 733.34, 736.03, -0.00, 736.03, 101.91, 101.91, 0.00, 1
1000000, 100.00, 100.00, 19.00, 0.79, 1.43, 0.00, 7.40, 21.00, 0.00, 7.40, -0.00,  -13.60, -0.00, 254.78, 733.34, 736.03, -0.00, 736.03, 101.91, 101.91, 0.00, 1
1000000, 100.00, 100.00, 19.00, 0.79, 1.43, 0.00, 9.40, 23.00, 0.00, 9.40, -0.00,  -13.60, -0.00, 254.78, 733.34, 736.03, -0.00, 736.03, 101.91, 101.91, 0.00, 1
1000000, 100.00, 100.00, 19.00, 0.79, 1.43, 0.00, 11.40, 25.00, 0.00, 11.40, -0.00,  -13.60, -0.00, 254.78, 733.34, 736.03, -0.00, 736.03, 101.91, 101.91, 0.00, 1
1000000, 100.00, 100.00, 19.00, 0.79, 1.43, 0.00, 13.40, 27.00, 0.00, 13.40, -0.00,  -13.60, -0.00, 254.78, 733.34, 736.03, -0.00, 736.03, 101.91, 101.91, 0.00, 1
1000000, 100.00, 100.00, 19.00, 0.79, 1.43, 0.00, 15.40, 29.00, 0.00, 15.40, -0.00,  -13.60, -0.00, 254.77, 733.34, 736.04, -0.00, 736.04, 101.91, 101.91, 0.00, 1
1000000, 100.00, 100.00, 19.00, 0.79, 1.43, 0.00, 17.40, 31.00, 0.00, 17.40, -0.00,  -13.60, -0.00, 254.77, 733.34, 736.04, -0.00, 736.04, 101.91, 101.91, 0.00, 1
1000000, 100.00, 100.00, 19.00, 0.79, 1.43, 0.00, 19.40, 33.00, 0.00, 19.40, -0.00,  -13.60, -0.00, 254.77, 733.34, 736.04, -0.00, 736.04, 101.91, 101.91, 0.00, 1
1000000, 100.00, 100.00, 19.00, 0.79, 1.43, 0.00, 21.40, 35.00, 0.00, 21.40, -0.00,  -13.60, -0.00, 254.77, 733.35, 736.04, -0.01, 736.04, 101.91, 101.91, 0.00, 1
1000000, 100.00, 100.00, 19.00, 0.79, 1.43, 0.00, 23.40, 37.00, 0.00, 23.40, -0.00,  -13.60, -0.00, 254.77, 733.35, 736.04, -0.01, 736.04, 101.91, 101.91, 0.00, 1
1000000, 100.00, 100.00, 19.00, 0.79, 1.43, 0.00, 25.40, 39.00, 0.00, 25.40, -0.00,  -13.60, -0.00, 254.77, 733.35, 736.04, -0.01, 736.04, 101.91, 101.91, 0.00, 1
60119, 6.01, 100.00, 20.00, 0.79, 0.00, 0.00, 0.00, 1.00, 0.00, 0.00, 0.00,  -1.00, 0.00, 981.00, 188.35, 184.21, 182.52, -24.91, 35.17, 4.75, 34.85, 0
1000000, 100.00, 100.00, 20.00, 0.79, 1.30, 0.00, 0.00, 3.00, 0.00, -0.00, -0.00,  -3.00, -0.00, 960.49, 21.31, 30.32, -0.00, 30.32, 5.79, 5.79, 0.00, 1
1000000, 100.00, 100.00, 20.00, 0.79, 1.36, 0.00, 0.00, 5.00, 0.00, 0.00, -0.00,  -5.00, -0.00, 906.59, 76.13, 84.22, -0.00, 84.22, 16.08, 16.08, 0.00, 1
1000000, 100.00, 100.00, 20.00, 0.79, 1.37, 0.00, 0.00, 7.00, 0.00, -0.00, -0.00,  -7.00, -0.00, 825.74, 158.42, 165.07, -0.00, 165.07, 31.51, 31.51, 0.00, 1
1000000, 100.00, 100.00, 20.00, 0.79, 1.38, 0.00, 0.00, 9.00, 0.00, -0.00, -0.00,  -9.00, -0.00, 717.94, 268.17, 272.87, -0.00, 272.87, 52.09, 52.09, 0.00, 1
1000000, 100.00, 100.00, 20.00, 0.79, 1.38, 0.00, -0.00, 11.00, 0.00, -0.00, -0.00,  -11.00, -0.00, 583.19, 405.35, 407.62, -0.00, 407.62, 77.82, 77.82, 0.00, 1
1000000, 100.00, 100.00, 20.00, 0.79, 1.38, 0.00, -0.00, 13.00, 0.00, -0.00, -0.00,  -13.00, -0.00, 421.49, 569.97, 569.32, -0.00, 569.32, 108.69, 108.69, 0.00, 1
1000000, 100.00, 100.00, 20.00, 0.79, 1.38, 0.00, 0.89, 15.00, 0.00, 0.89, -0.00,  -14.11, -0.00, 320.11, 673.18, 670.70, -0.00, 670.70, 128.04, 128.04, 0.00, 1
1000000, 100.00, 100.00, 20.00, 0.79, 1.38, 0.00, 2.89, 17.00, 0.00, 2.89, -0.00,  -14.11, -0.00, 320.11, 673.18, 670.70, -0.00, 670.70, 128.04, 128.04, 0.00, 1
1000000, 100.00, 100.00, 20.00, 0.79, 1.38, 0.00, 4.89, 19.00, 0.00, 4.89, -0.00,  -14.11, -0.00, 320.11, 673.18, 670.70, -0.00, 670.70, 128.04, 128.04, 0.00, 1
1000000, 100.00, 100.00, 20.00, 0.79, 1.38, 0.00, 6.89, 21.00, 0.00, 6.89, -0.00,  -14.11, -0.00, 320.11, 673.18, 670.70, -0.00, 670.70, 128.04, 128.04, 0.00, 1
1000000, 100.00, 100.00, 20.00, 0.79, 1.38, 0.00, 8.89, 23.00, 0.00, 8.89, -0.00,  -14.11, -0.00, 320.11, 673.18, 670.70, -0.00, 670.70, 128.04, 128.04, 0.00, 1
1000000, 100.00, 100.00, 20.00, 0.79, 1.38, 0.00, 10.89, 25.00, 0.00, 10.89, -0.00,  -14.11, -0.00, 320.11, 673.18, 670.70, -0.00, 670.70, 128.04, 128.04, 0.00, 1
1000000, 100.00, 100.00, 20.00, 0.79, 1.38, 0.00, 12.89, 27.00, 0.00, 12.89, -0.00,  -14.11, -0.00, 320.11, 673.18, 670.70, -0.00, 670.70, 128.04, 128.04, 0.00, 1
1000000, 100.00, 100.00, 20.00, 0.79, 1.38, 0.00, 14.89, 29.00, 0.00, 14.89, -0.00,  -14.11, -0.00, 320.11, 673.18, 670.70, -0.00, 670.70, 128.04, 128.04, 0.00, 1
1000000, 100.00, 100.00, 20.00, 0.79, 1.38, 0.00, 16.89, 31.00, 0.00, 16.89, -0.00,  -14.11, -0.00, 320.11, 673.18, 670.70, -0.00, 670.70, 128.04, 128.04, 0.00, 1
1000000, 100.00, 100.00, 20.00, 0.79, 1.38, 0.00, 18.89, 33.00, 0.00, 18.89, -0.00,  -14.11, -0.00, 320.11, 673.18, 670.70, -0.00, 670.70, 128.04, 128.04, 0.00, 1
1000000, 100.00, 100.00, 20.00, 0.79, 1.38, 0.00, 20.89, 35.00, 0.00, 20.89, -0.00,  -14.11, -0.00, 320.10, 673.18, 670.71, -0.00, 670.71, 128.04, 128.04, 0.00, 1
1000000, 100.00, 100.00, 20.00, 0.79, 1.38, 0.00, 22.89, 37.00, 0.00, 22.89, -0.00,  -14.11, -0.00, 320.10, 673.19, 670.71, -0.00, 670.71, 128.04, 128.04, 0.00, 1
1000000, 100.00, 100.00, 20.00, 0.79, 1.38, 0.00, 24.89, 39.00, 0.00, 24.89, -0.00,  -14.11, -0.00, 320.10, 673.19, 670.71, -0.00, 670.71, 128.04, 128.04, 0.00, 1
