Iter,TotTime,m_block,Alpha,Theta0,Theta_fin,V_theta_fin,V_block_fin,Wind_x,Wind_y,Vkitex,Vkitez,Vrelx,Vrelz,F_vinc,Tension,Lift,Liftz,Liftz,Drag,Dragx,Dragz,Stability
42318, 4.23, 40.00, -8.00, 0.79, 0.00, 0.00, 0.00, 1.00, 0.00, 0.00, 0.00, -1.00, 0.00, 392.40, -83.82, -88.07, 2.94, 0
62472, 6.25, 40.00, -8.00, 0.79, 0.00, 0.00, 0.00, 3.00, 0.00, 0.00, 0.00, -3.00, 0.00, 392.40, -18.77, -22.04, 0.73, 0
814666, 81.47, 40.00, -8.00, 0.79, 0.00, 0.00, 0.00, 5.00, 0.00, 0.00, 0.00, -5.00, 0.00, 392.40, 0.38, -11.48, 0.38, 0
621512, 62.15, 40.00, -8.00, 0.79, 0.00, 0.00, 0.00, 7.00, 0.00, 0.00, 0.00, -7.00, 0.00, 392.40, 0.75, -22.51, 0.75, 0
497492, 49.75, 40.00, -8.00, 0.79, 0.00, 0.00, 0.00, 9.00, 0.00, 0.00, 0.00, -9.00, 0.00, 392.40, 1.23, -37.21, 1.24, 0
416256, 41.63, 40.00, -8.00, 0.79, 0.00, 0.00, 0.00, 11.00, 0.00, 0.00, 0.00, -11.00, 0.00, 392.40, 1.85, -55.58, 1.85, 0
358685, 35.87, 40.00, -8.00, 0.79, 0.00, 0.00, 0.00, 13.00, 0.00, 0.00, 0.00, -13.00, 0.00, 392.40, 2.59, -77.63, 2.59, 0
315633, 31.56, 40.00, -8.00, 0.79, 0.00, 0.00, 0.00, 15.00, 0.00, 0.00, 0.00, -15.00, 0.00, 392.40, 3.43, -103.36, 3.45, 0
282207, 28.22, 40.00, -8.00, 0.79, 0.00, 0.00, 0.00, 17.00, 0.00, 0.00, 0.00, -17.00, 0.00, 392.40, 4.42, -132.76, 4.43, 0
255371, 25.54, 40.00, -8.00, 0.79, 0.00, 0.00, 0.00, 19.00, 0.00, 0.00, 0.00, -19.00, 0.00, 392.40, 5.53, -165.83, 5.53, 0
233464, 23.35, 40.00, -8.00, 0.79, 0.00, 0.00, 0.00, 21.00, 0.00, 0.00, 0.00, -21.00, 0.00, 392.40, 6.74, -202.58, 6.75, 0
215123, 21.51, 40.00, -8.00, 0.79, 0.00, 0.00, 0.00, 23.00, 0.00, 0.00, 0.00, -23.00, 0.00, 392.40, 8.09, -243.01, 8.10, 0
199707, 19.97, 40.00, -8.00, 0.79, 0.00, 0.00, 0.00, 25.00, 0.00, 0.00, 0.00, -25.00, 0.00, 392.40, 9.54, -287.11, 9.57, 0
186141, 18.61, 40.00, -8.00, 0.79, 0.00, 0.00, 0.00, 27.00, 0.00, 0.00, 0.00, -27.00, 0.00, 392.40, 11.15, -334.88, 11.16, 0
174697, 17.47, 40.00, -8.00, 0.79, 0.00, 0.00, 0.00, 29.00, 0.00, 0.00, 0.00, -29.00, 0.00, 392.40, 12.86, -386.33, 12.88, 0
159341, 15.93, 40.00, -8.00, 0.79, 0.00, 0.00, 0.00, 31.00, 0.00, 0.00, 0.00, -31.00, 0.00, 392.40, 14.69, -441.46, 14.72, 0
156771, 15.68, 40.00, -8.00, 0.79, 0.00, 0.00, 0.00, 33.00, 0.00, 0.00, 0.00, -33.00, 0.00, 392.40, 16.66, -500.26, 16.68, 0
147123, 14.71, 40.00, -8.00, 0.79, 0.00, 0.00, 0.00, 35.00, 0.00, 0.00, 0.00, -35.00, 0.00, 392.40, 18.74, -562.73, 18.76, 0
139929, 13.99, 40.00, -8.00, 0.79, 0.00, 0.00, 0.00, 37.00, 0.00, 0.00, 0.00, -37.00, 0.00, 392.40, 20.93, -628.88, 20.96, 0
133225, 13.32, 40.00, -8.00, 0.79, 0.00, 0.00, 0.00, 39.00, 0.00, 0.00, 0.00, -39.00, 0.00, 392.40, 23.25, -698.71, 23.29, 0
127138, 12.71, 40.00, -8.00, 0.79, 0.00, 0.00, 0.00, 41.00, 0.00, 0.00, 0.00, -41.00, 0.00, 392.40, 25.70, -772.21, 25.74, 0
37030, 3.70, 40.00, -6.00, 0.79, 0.00, 0.00, 0.00, 1.00, 0.00, 0.00, 0.00, -1.00, 0.00, 392.40, -43.22, -50.10, 5.01, 0
40976, 4.10, 40.00, -6.00, 0.79, 0.00, 0.00, 0.00, 3.00, 0.00, 0.00, 0.00, -3.00, 0.00, 392.40, -26.03, -31.29, 3.13, 0
45710, 4.57, 40.00, -6.00, 0.79, 0.00, 0.00, 0.00, 5.00, 0.00, 0.00, 0.00, -5.00, 0.00, 392.40, -15.05, -20.06, 2.01, 0
55445, 5.54, 40.00, -6.00, 0.79, 0.00, 0.00, 0.00, 7.00, 0.00, 0.00, 0.00, -7.00, 0.00, 392.40, -6.93, -13.19, 1.32, 0
492342, 49.23, 40.00, -6.00, 0.79, 0.00, 0.00, 0.00, 9.00, 0.00, 0.00, 0.00, -9.00, 0.00, 392.40, 1.24, -12.40, 1.24, 0
417330, 41.73, 40.00, -6.00, 0.79, 0.00, 0.00, 0.00, 11.00, 0.00, 0.00, 0.00, -11.00, 0.00, 392.40, 1.85, -18.53, 1.85, 0
359734, 35.97, 40.00, -6.00, 0.79, 0.00, 0.00, 0.00, 13.00, 0.00, 0.00, 0.00, -13.00, 0.00, 392.40, 2.58, -25.88, 2.59, 0
316675, 31.67, 40.00, -6.00, 0.79, 0.00, 0.00, 0.00, 15.00, 0.00, 0.00, 0.00, -15.00, 0.00, 392.40, 3.44, -34.45, 3.45, 0
283166, 28.32, 40.00, -6.00, 0.79, 0.00, 0.00, 0.00, 17.00, 0.00, 0.00, 0.00, -17.00, 0.00, 392.40, 4.43, -44.25, 4.43, 0
256331, 25.63, 40.00, -6.00, 0.79, 0.00, 0.00, 0.00, 19.00, 0.00, 0.00, 0.00, -19.00, 0.00, 392.40, 5.53, -55.28, 5.53, 0
234313, 23.43, 40.00, -6.00, 0.79, 0.00, 0.00, 0.00, 21.00, 0.00, 0.00, 0.00, -21.00, 0.00, 392.40, 6.75, -67.53, 6.75, 0
215955, 21.60, 40.00, -6.00, 0.79, 0.00, 0.00, 0.00, 23.00, 0.00, 0.00, 0.00, -23.00, 0.00, 392.40, 8.10, -81.00, 8.10, 0
200402, 20.04, 40.00, -6.00, 0.79, 0.00, 0.00, 0.00, 25.00, 0.00, 0.00, 0.00, -25.00, 0.00, 392.40, 9.57, -95.70, 9.57, 0
186996, 18.70, 40.00, -6.00, 0.79, 0.00, 0.00, 0.00, 27.00, 0.00, 0.00, 0.00, -27.00, 0.00, 392.40, 11.15, -111.63, 11.16, 0
175323, 17.53, 40.00, -6.00, 0.79, 0.00, 0.00, 0.00, 29.00, 0.00, 0.00, 0.00, -29.00, 0.00, 392.40, 12.87, -128.78, 12.88, 0
163592, 16.36, 40.00, -6.00, 0.79, 0.00, 0.00, 0.00, 31.00, 0.00, 0.00, 0.00, -31.00, 0.00, 392.40, 14.71, -147.15, 14.72, 0
154244, 15.42, 40.00, -6.00, 0.79, 0.00, 0.00, 0.00, 33.00, 0.00, 0.00, 0.00, -33.00, 0.00, 392.40, 16.68, -166.75, 16.68, 0
147903, 14.79, 40.00, -6.00, 0.79, 0.00, 0.00, 0.00, 35.00, 0.00, 0.00, 0.00, -35.00, 0.00, 392.40, 18.66, -187.58, 18.76, 0
140820, 14.08, 40.00, -6.00, 0.79, 0.00, 0.00, 0.00, 37.00, 0.00, 0.00, 0.00, -37.00, 0.00, 392.40, 20.96, -209.63, 20.96, 0
134180, 13.42, 40.00, -6.00, 0.79, 0.00, 0.00, 0.00, 39.00, 0.00, 0.00, 0.00, -39.00, 0.00, 392.40, 23.29, -232.90, 23.29, 0
128145, 12.81, 40.00, -6.00, 0.79, 0.00, 0.00, 0.00, 41.00, 0.00, 0.00, 0.00, -41.00, 0.00, 392.40, 25.74, -257.40, 25.74, 0
30762, 3.08, 40.00, -4.00, 0.79, 0.00, 0.00, 0.00, 1.00, 0.00, 0.00, 0.00, -1.00, 0.00, 392.40, 139.50, 123.40, 2.47, 0
28346, 2.83, 40.00, -4.00, 0.79, 0.00, 0.00, 0.00, 3.00, 0.00, 0.00, 0.00, -3.00, 0.00, 392.39, 216.81, 193.49, 3.87, 0
28148, 2.81, 40.00, -4.00, 0.79, 0.00, 0.00, 0.00, 5.00, 0.00, 0.00, 0.00, -5.00, 0.00, 392.39, 307.67, 276.56, 5.53, 0
35054, 3.51, 40.00, -4.00, 0.79, 0.00, 0.00, 0.00, 7.00, 0.00, 0.00, 0.00, -7.00, 0.00, 392.36, 399.46, 360.86, 7.22, 0
310046, 31.00, 40.00, -4.00, 0.79, 0.00, 0.00, 0.00, 9.00, 0.00, 0.00, 0.00, -9.00, 0.00, 392.37, 687.93, 621.96, 12.44, 0
2000000, 200.00, 40.00, -4.00, 0.79, 1.00, 0.00, 0.00, 11.00, 0.00, 5.51, -3.54, -5.49, -3.54, 396.25, -4.57, 6.52, 0.13, 0
2000000, 200.00, 40.00, -4.00, 0.79, 1.47, 0.00, -0.00, 13.00, 0.00, -3.76, 0.38, -16.76, 0.38, 359.09, 33.48, 43.02, 0.86, 1
2000000, 200.00, 40.00, -4.00, 0.79, 1.53, 0.00, 0.00, 15.00, 0.00, 1.23, -0.05, -13.77, -0.05, 373.14, 19.28, 29.05, 0.58, 1
2000000, 200.00, 40.00, -4.00, 0.79, 1.53, 0.00, -0.00, 17.00, 0.00, -0.01, 0.00, -17.01, 0.00, 357.92, 34.50, 44.31, 0.89, 1
2000000, 200.00, 40.00, -4.00, 0.79, 1.54, 0.00, 0.00, 19.00, 0.00, -0.02, 0.00, -19.02, 0.00, 346.84, 45.58, 55.38, 1.11, 1
2000000, 200.00, 40.00, -4.00, 0.79, 1.55, 0.00, -0.00, 21.00, 0.00, 0.09, -0.00, -20.91, -0.00, 335.27, 57.14, 66.94, 1.34, 1
2000000, 200.00, 40.00, -4.00, 0.79, 1.55, 0.00, 0.00, 23.00, 0.00, 0.08, -0.00, -22.92, -0.00, 321.75, 70.66, 80.45, 1.61, 1
2000000, 200.00, 40.00, -4.00, 0.79, 1.55, 0.00, 0.00, 25.00, 0.00, -0.01, 0.00, -25.01, 0.00, 306.44, 85.98, 95.77, 1.92, 1
2000000, 200.00, 40.00, -4.00, 0.79, 1.55, 0.00, 0.00, 27.00, 0.00, -0.02, 0.00, -27.02, 0.00, 290.41, 102.02, 111.80, 2.24, 1
2000000, 200.00, 40.00, -4.00, 0.79, 1.55, 0.00, -0.00, 29.00, 0.00, 0.01, -0.00, -28.99, -0.00, 273.51, 118.92, 128.70, 2.57, 1
2000000, 200.00, 40.00, -4.00, 0.79, 1.55, 0.00, 0.00, 31.00, 0.00, 0.00, -0.00, -31.00, -0.00, 255.07, 137.36, 147.14, 2.94, 1
2000000, 200.00, 40.00, -4.00, 0.79, 1.55, 0.00, 0.00, 33.00, 0.00, -0.00, 0.00, -33.00, 0.00, 235.42, 157.01, 166.79, 3.34, 1
2000000, 200.00, 40.00, -4.00, 0.79, 1.55, 0.00, -0.00, 35.00, 0.00, 0.00, -0.00, -35.00, -0.00, 214.65, 177.79, 187.56, 3.75, 1
2000000, 200.00, 40.00, -4.00, 0.79, 1.55, 0.00, -0.00, 37.00, 0.00, -0.00, -0.00, -37.00, -0.00, 192.58, 199.87, 209.63, 4.19, 1
2000000, 200.00, 40.00, -4.00, 0.79, 1.55, 0.00, 0.00, 39.00, 0.00, -0.00, -0.00, -39.00, -0.00, 169.31, 223.14, 232.90, 4.66, 1
30471, 3.05, 40.00, -4.00, 0.79, 0.00, 0.00, 0.00, 41.00, 0.00, 0.00, 0.00, -41.00, 0.00, 389.78, 8843.69, 8035.85, 160.72, 0
31720, 3.17, 40.00, -2.00, 0.79, 0.00, 0.00, 0.00, 1.00, 0.00, 0.00, 0.00, -1.00, 0.00, 392.40, 124.41, 120.59, 3.01, 0
30074, 3.01, 40.00, -2.00, 0.79, 0.00, 0.00, 0.00, 3.00, 0.00, 0.00, 0.00, -3.00, 0.00, 392.40, 69.61, 67.15, 1.68, 0
253559, 25.36, 40.00, -2.00, 0.79, 0.00, 0.00, 0.00, 5.00, 0.00, 0.00, 0.00, -5.00, 0.00, 392.40, 150.71, 145.79, 3.64, 0
2000000, 200.00, 40.00, -2.00, 0.79, 1.54, 0.00, 0.00, 7.00, 0.00, 0.01, -0.00, -6.99, -0.00, 372.27, 20.14, 29.94, 0.75, 1
2000000, 200.00, 40.00, -2.00, 0.79, 1.54, 0.00, -0.00, 9.00, 0.00, -0.00, 0.00, -9.00, 0.00, 352.59, 39.83, 49.62, 1.24, 1
2000000, 200.00, 40.00, -2.00, 0.79, 1.54, 0.00, 0.00, 11.00, 0.00, 0.00, -0.00, -11.00, -0.00, 328.10, 64.33, 74.11, 1.85, 1
2000000, 200.00, 40.00, -2.00, 0.79, 1.54, 0.00, 0.00, 13.00, 0.00, -0.00, -0.00, -13.00, -0.00, 298.70, 93.74, 103.51, 2.59, 1
2000000, 200.00, 40.00, -2.00, 0.79, 1.54, 0.00, -0.00, 15.00, 0.00, -0.00, -0.00, -15.00, -0.00, 264.40, 128.05, 137.81, 3.45, 1
2000000, 200.00, 40.00, -2.00, 0.79, 1.54, 0.00, -0.00, 17.00, 0.00, -0.00, -0.00, -17.00, -0.00, 225.20, 167.26, 177.01, 4.43, 1
90713, 9.07, 40.00, -2.00, 0.79, 0.00, 0.00, 0.00, 19.00, 0.00, 0.00, 0.00, -19.00, 0.00, 392.40, 334.77, 328.43, 8.21, 0
92545, 9.25, 40.00, -2.00, 0.79, 0.00, 0.00, 0.00, 21.00, 0.00, 0.00, 0.00, -21.00, 0.00, 392.40, 336.60, 330.46, 8.26, 0
95299, 9.53, 40.00, -2.00, 0.79, 0.00, 0.00, 0.00, 23.00, 0.00, 0.00, 0.00, -23.00, 0.00, 392.40, 308.66, 303.18, 7.58, 0
99017, 9.90, 40.00, -2.00, 0.79, 0.00, 0.00, 0.00, 25.00, 0.00, 0.00, 0.00, -25.00, 0.00, 392.40, 242.34, 238.01, 5.95, 0
104010, 10.40, 40.00, -2.00, 0.79, 0.00, 0.00, 0.00, 27.00, 0.00, 0.00, 0.00, -27.00, 0.00, 392.40, 152.56, 149.33, 3.73, 0
111043, 11.10, 40.00, -2.00, 0.79, 0.00, 0.00, 0.00, 29.00, 0.00, 0.00, 0.00, -29.00, 0.00, 392.40, 83.99, 80.77, 2.02, 0
120656, 12.07, 40.00, -2.00, 0.79, 0.00, 0.00, 0.00, 31.00, 0.00, 0.00, 0.00, -31.00, 0.00, 392.40, 72.45, 68.33, 1.71, 0
131709, 13.17, 40.00, -2.00, 0.79, 0.00, 0.00, 0.00, 33.00, 0.00, 0.00, 0.00, -33.00, 0.00, 392.40, 116.14, 111.45, 2.79, 0
144732, 14.47, 40.00, -2.00, 0.79, 0.00, 0.00, 0.00, 35.00, 0.00, 0.00, 0.00, -35.00, 0.00, 392.40, 171.60, 166.55, 4.16, 0
2000000, 200.00, 40.00, -2.00, 0.79, 1.55, 0.00, 0.00, 37.00, 0.00, -0.00, -0.00, -37.00, -0.00, -436.30, 828.97, 838.51, 20.96, 1
2000000, 200.00, 40.00, -2.00, 0.79, 1.55, 0.00, 0.00, 39.00, 0.00, -0.00, -0.00, -39.00, -0.00, -529.40, 922.10, 931.61, 23.29, 1
2000000, 200.00, 40.00, -2.00, 0.79, 1.55, 0.00, 0.00, 41.00, 0.00, -0.00, -0.00, -41.00, -0.00, -627.40, 1020.13, 1029.61, 25.74, 1
39110, 3.91, 40.00, 0.00, 0.79, 0.00, 0.00, 0.00, 1.00, 0.00, 0.00, 0.00, -1.00, 0.00, 392.40, 187.23, 184.67, 5.28, 0
51613, 5.16, 40.00, 0.00, 0.79, 0.00, 0.00, 0.00, 3.00, 0.00, 0.00, 0.00, -3.00, 0.00, 392.40, 236.71, 234.49, 6.70, 0
2000000, 200.00, 40.00, 0.00, 0.79, 1.53, 0.00, 0.00, 5.00, 0.00, -0.00, 0.00, -5.00, 0.00, 375.36, 17.06, 26.85, 0.77, 1
2000000, 200.00, 40.00, 0.00, 0.79, 1.54, 0.00, -0.00, 7.00, 0.00, 0.00, -0.00, -7.00, -0.00, 349.69, 42.74, 52.52, 1.50, 1
2000000, 200.00, 40.00, 0.00, 0.79, 1.54, 0.00, -0.00, 9.00, 0.00, -0.00, -0.00, -9.00, -0.00, 315.39, 77.05, 86.82, 2.48, 1
2000000, 200.00, 40.00, 0.00, 0.79, 1.54, 0.00, 0.00, 11.00, 0.00, -0.00, -0.00, -11.00, -0.00, 272.51, 119.94, 129.70, 3.71, 1
2000000, 200.00, 40.00, 0.00, 0.79, 1.54, 0.00, -0.00, 13.00, 0.00, -0.00, -0.00, -13.00, -0.00, 221.06, 171.42, 181.15, 5.18, 1
2000000, 200.00, 40.00, 0.00, 0.79, 1.54, 0.00, -0.00, 15.00, 0.00, -0.00, -0.00, -15.00, -0.00, 161.04, 231.46, 241.17, 6.89, 1
2000000, 200.00, 40.00, 0.00, 0.79, 1.54, 0.00, -0.00, 17.00, 0.00, -0.00, -0.00, -17.00, -0.00, 92.44, 300.09, 309.77, 8.85, 1
2000000, 200.00, 40.00, 0.00, 0.79, 1.54, 0.00, 0.29, 19.00, 0.00, 0.29, -0.00, -18.71, -0.00, 26.81, 365.75, 375.40, 10.73, 1
2000000, 200.00, 40.00, 0.00, 0.79, 1.54, 0.00, -0.00, 21.00, 0.00, -0.00, -0.00, -21.00, -0.00, -70.49, 463.08, 472.70, 13.51, 1
2000000, 200.00, 40.00, 0.00, 0.79, 1.54, 0.00, -0.00, 23.00, 0.00, -0.00, -0.00, -23.00, -0.00, -164.81, 557.45, 567.02, 16.20, 1
2000000, 200.00, 40.00, 0.00, 0.79, 1.54, 0.00, -0.00, 25.00, 0.00, -0.00, -0.00, -25.00, -0.00, -267.71, 660.39, 669.92, 19.14, 1
2000000, 200.00, 40.00, 0.00, 0.79, 1.54, 0.00, -0.00, 27.00, 0.00, -0.00, -0.00, -27.00, -0.00, -379.19, 771.91, 781.40, 22.33, 1
2000000, 200.00, 40.00, 0.00, 0.79, 1.54, 0.00, -0.00, 29.00, 0.00, -0.00, -0.00, -29.00, -0.00, -499.24, 892.01, 901.45, 25.76, 1
2000000, 200.00, 40.00, 0.00, 0.79, 1.54, 0.00, 0.00, 31.00, 0.00, -0.00, -0.00, -31.00, -0.00, -627.86, 1020.69, 1030.07, 29.43, 1
2000000, 200.00, 40.00, 0.00, 0.79, 1.54, 0.00, 0.00, 33.00, 0.00, -0.00, -0.00, -33.00, -0.00, -765.06, 1157.94, 1167.27, 33.35, 1
2000000, 200.00, 40.00, 0.00, 0.79, 1.54, 0.00, -0.00, 35.00, 0.00, -0.00, -0.00, -35.00, -0.00, -910.84, 1303.78, 1313.05, 37.52, 1
2000000, 200.00, 40.00, 0.00, 0.79, 1.54, 0.00, 0.00, 37.00, 0.00, -0.00, -0.00, -37.00, -0.00, -1065.19, 1458.19, 1467.40, 41.93, 1
2000000, 200.00, 40.00, 0.00, 0.79, 1.54, 0.00, 0.00, 39.00, 0.00, -0.00, -0.00, -39.00, -0.00, -1228.11, 1621.18, 1630.32, 46.58, 1
2000000, 200.00, 40.00, 0.00, 0.79, 1.54, 0.00, -0.00, 41.00, 0.00, -0.00, -0.00, -41.00, -0.00, -1399.61, 1792.75, 1801.82, 51.48, 1
42371, 4.24, 40.00, 2.00, 0.79, 0.00, 0.00, 0.00, 1.00, 0.00, 0.00, 0.00, -1.00, 0.00, 392.40, 150.21, 148.13, 6.58, 0
228409, 22.84, 40.00, 2.00, 0.79, 0.00, 0.00, 0.00, 3.00, 0.00, 0.00, 0.00, -3.00, 0.00, 392.40, 160.64, 158.61, 7.05, 0
2000000, 200.00, 40.00, 2.00, 0.79, 1.51, 0.00, -0.00, 5.00, 0.00, -0.00, -0.00, -5.00, -0.00, 367.76, 24.69, 34.45, 1.53, 1
2000000, 200.00, 40.00, 2.00, 0.79, 1.52, 0.00, 0.00, 7.00, 0.00, 0.00, -0.00, -7.00, -0.00, 334.68, 57.80, 67.53, 3.00, 1
2000000, 200.00, 40.00, 2.00, 0.79, 1.52, 0.00, 0.00, 9.00, 0.00, -0.00, -0.00, -9.00, -0.00, 290.58, 101.94, 111.63, 4.96, 1
2000000, 200.00, 40.00, 2.00, 0.79, 1.52, 0.00, -0.00, 11.00, 0.00, -0.00, -0.00, -11.00, -0.00, 235.46, 157.12, 166.75, 7.41, 1
2000000, 200.00, 40.00, 2.00, 0.79, 1.52, 0.00, 0.00, 13.00, 0.00, -0.00, -0.00, -13.00, -0.00, 169.31, 223.33, 232.90, 10.35, 1
2000000, 200.00, 40.00, 2.00, 0.79, 1.52, 0.00, 0.00, 15.00, 0.00, -0.00, -0.00, -15.00, -0.00, 92.13, 300.58, 310.08, 13.78, 1
2000000, 200.00, 40.00, 2.00, 0.79, 1.53, 0.00, 0.79, 17.00, 0.00, 0.79, -0.00, -16.21, -0.00, 40.22, 352.55, 361.99, 16.09, 1
2000000, 200.00, 40.00, 2.00, 0.79, 1.53, 0.00, -0.00, 19.00, 0.00, -0.00, -0.00, -19.00, -0.00, -95.29, 488.19, 497.50, 22.11, 1
2000000, 200.00, 40.00, 2.00, 0.79, 1.53, 0.00, -0.00, 21.00, 0.00, -0.00, -0.00, -21.00, -0.00, -205.54, 598.55, 607.75, 27.01, 1
2000000, 200.00, 40.00, 2.00, 0.79, 1.53, 0.00, 0.00, 23.00, 0.00, -0.00, -0.00, -23.00, -0.00, -326.82, 719.95, 729.03, 32.40, 1
2000000, 200.00, 40.00, 2.00, 0.79, 1.53, 0.00, 0.00, 25.00, 0.00, -0.00, -0.00, -25.00, -0.00, -459.12, 852.38, 861.33, 38.28, 1
2000000, 200.00, 40.00, 2.00, 0.79, 1.53, 0.00, 0.00, 27.00, 0.00, -0.00, -0.00, -27.00, -0.00, -602.44, 995.84, 1004.65, 44.65, 1
2000000, 200.00, 40.00, 2.00, 0.79, 1.53, 0.00, -0.00, 29.00, 0.00, -0.00, -0.00, -29.00, -0.00, -756.79, 1150.35, 1159.00, 51.51, 1
2000000, 200.00, 40.00, 2.00, 0.79, 1.53, 0.00, -0.00, 31.00, 0.00, -0.00, -0.00, -31.00, -0.00, -922.17, 1315.89, 1324.38, 58.86, 1
2000000, 200.00, 40.00, 2.00, 0.79, 1.53, 0.00, -0.00, 33.00, 0.00, -0.00, -0.00, -33.00, -0.00, -1098.57, 1492.46, 1500.78, 66.70, 1
2000000, 200.00, 40.00, 2.00, 0.79, 1.53, 0.00, -0.00, 35.00, 0.00, -0.00, -0.00, -35.00, -0.00, -1285.99, 1680.07, 1688.20, 75.03, 1
2000000, 200.00, 40.00, 2.00, 0.79, 1.53, 0.00, -0.00, 37.00, 0.00, -0.00, -0.00, -37.00, -0.00, -1484.44, 1878.72, 1886.65, 83.85, 1
2000000, 200.00, 40.00, 2.00, 0.79, 1.53, 0.00, -0.00, 39.00, 0.00, -0.00, -0.00, -39.00, -0.00, -1693.92, 2088.40, 2096.13, 93.16, 1
2000000, 200.00, 40.00, 2.00, 0.79, 1.53, 0.00, 0.00, 41.00, 0.00, -0.00, -0.00, -41.00, -0.00, -1914.42, 2309.12, 2316.63, 102.96, 1
45836, 4.58, 40.00, 4.00, 0.79, 0.00, 0.00, 0.00, 1.00, 0.00, 0.00, 0.00, -1.00, 0.00, 392.40, 153.48, 151.64, 8.27, 0
208205, 20.82, 40.00, 4.00, 0.79, 0.00, 0.00, 0.00, 3.00, 0.00, 0.00, 0.00, -3.00, 0.00, 392.40, 154.01, 152.19, 8.30, 0
2000000, 200.00, 40.00, 4.00, 0.79, 1.50, 0.00, 0.00, 5.00, 0.00, -0.00, -0.00, -5.00, -0.00, 360.10, 32.38, 42.11, 2.30, 1
2000000, 200.00, 40.00, 4.00, 0.79, 1.51, 0.00, 0.00, 7.00, 0.00, -0.00, -0.00, -7.00, -0.00, 319.68, 72.86, 82.53, 4.50, 1
2000000, 200.00, 40.00, 4.00, 0.79, 1.51, 0.00, 0.00, 9.00, 0.00, -0.00, -0.00, -9.00, -0.00, 265.78, 126.84, 136.43, 7.44, 1
2000000, 200.00, 40.00, 4.00, 0.79, 1.51, 0.00, -0.00, 11.00, 0.00, -0.00, -0.00, -11.00, -0.00, 198.40, 194.32, 203.81, 11.12, 1
2000000, 200.00, 40.00, 4.00, 0.79, 1.51, 0.00, -0.00, 13.00, 0.00, -0.00, -0.00, -13.00, -0.00, 117.55, 275.29, 284.66, 15.53, 1
2000000, 200.00, 40.00, 4.00, 0.79, 1.51, 0.00, 0.50, 15.00, 0.00, 0.50, -0.00, -14.50, -0.00, 48.26, 344.68, 353.95, 19.31, 1
2000000, 200.00, 40.00, 4.00, 0.79, 1.51, 0.00, 2.50, 17.00, 0.00, 2.50, -0.00, -14.50, -0.00, 48.26, 344.68, 353.95, 19.31, 1
2000000, 200.00, 40.00, 4.00, 0.79, 1.51, 0.00, 4.50, 19.00, 0.00, 4.50, -0.00, -14.50, -0.00, 48.26, 344.68, 353.95, 19.31, 1
2000000, 200.00, 40.00, 4.00, 0.79, 1.51, 0.00, 6.50, 21.00, 0.00, 6.50, -0.00, -14.50, -0.00, 48.26, 344.68, 353.95, 19.31, 1
2000000, 200.00, 40.00, 4.00, 0.79, 1.51, 0.00, 8.50, 23.00, 0.00, 8.50, -0.00, -14.50, -0.00, 48.26, 344.68, 353.95, 19.31, 1
2000000, 200.00, 40.00, 4.00, 0.79, 1.51, 0.00, 10.50, 25.00, 0.00, 10.50, -0.00, -14.50, -0.00, 48.26, 344.68, 353.95, 19.31, 1
2000000, 200.00, 40.00, 4.00, 0.79, 1.51, 0.00, 12.50, 27.00, 0.00, 12.50, -0.00, -14.50, -0.00, 48.26, 344.68, 353.95, 19.31, 1
2000000, 200.00, 40.00, 4.00, 0.79, 1.51, 0.00, 14.50, 29.00, 0.00, 14.50, -0.00, -14.50, -0.00, 48.26, 344.68, 353.95, 19.31, 1
2000000, 200.00, 40.00, 4.00, 0.79, 1.51, 0.00, 16.50, 31.00, 0.00, 16.50, -0.00, -14.50, -0.00, 48.26, 344.68, 353.95, 19.31, 1
2000000, 200.00, 40.00, 4.00, 0.79, 1.51, 0.00, 18.50, 33.00, 0.00, 18.50, -0.00, -14.50, -0.00, 48.26, 344.69, 353.95, 19.31, 1
2000000, 200.00, 40.00, 4.00, 0.79, 1.51, 0.00, 20.50, 35.00, 0.00, 20.50, -0.00, -14.50, -0.00, 48.25, 344.69, 353.96, 19.31, 1
2000000, 200.00, 40.00, 4.00, 0.79, 1.51, 0.00, 22.50, 37.00, 0.00, 22.50, -0.00, -14.50, -0.00, 48.25, 344.69, 353.96, 19.31, 1
2000000, 200.00, 40.00, 4.00, 0.79, 1.51, 0.00, 24.50, 39.00, 0.00, 24.50, -0.00, -14.50, -0.00, 48.25, 344.69, 353.96, 19.31, 1
2000000, 200.00, 40.00, 4.00, 0.79, 1.52, 0.00, 0.00, 41.00, 0.00, -0.00, -0.00, -41.00, -0.00, -2429.23, 2825.85, 2831.44, 154.44, 1
48891, 4.89, 40.00, 6.00, 0.79, 0.00, 0.00, 0.00, 1.00, 0.00, 0.00, 0.00, -1.00, 0.00, 392.40, 156.41, 154.69, 11.90, 0
197001, 19.70, 40.00, 6.00, 0.79, 0.00, 0.00, 0.00, 3.00, 0.00, 0.00, 0.00, -3.00, 0.00, 392.40, 155.67, 153.94, 11.84, 0
2000000, 200.00, 40.00, 6.00, 0.79, 1.48, 0.00, 0.00, 5.00, 0.00, 0.00, -0.00, -5.00, -0.00, 352.44, 40.14, 49.77, 3.83, 1
2000000, 200.00, 40.00, 6.00, 0.79, 1.49, 0.00, 0.00, 7.00, 0.00, 0.00, -0.00, -7.00, -0.00, 304.67, 88.05, 97.54, 7.50, 1
2000000, 200.00, 40.00, 6.00, 0.79, 1.49, 0.00, 0.00, 9.00, 0.00, -0.00, -0.00, -9.00, -0.00, 240.97, 151.94, 161.24, 12.40, 1
2000000, 200.00, 40.00, 6.00, 0.79, 1.49, 0.00, 0.00, 11.00, 0.00, -0.00, -0.00, -11.00, -0.00, 161.34, 231.80, 240.87, 18.53, 1
2000000, 200.00, 40.00, 6.00, 0.79, 1.49, 0.00, -0.00, 13.00, 0.00, -0.00, -0.00, -13.00, -0.00, 65.79, 327.63, 336.42, 25.88, 1
2000000, 200.00, 40.00, 6.00, 0.79, 1.49, 0.00, 1.98, 15.00, 0.00, 1.98, -0.00, -13.02, -0.00, 64.87, 328.55, 337.34, 25.95, 1
2000000, 200.00, 40.00, 6.00, 0.79, 1.49, 0.00, 3.98, 17.00, 0.00, 3.98, -0.00, -13.02, -0.00, 64.87, 328.55, 337.34, 25.95, 1
2000000, 200.00, 40.00, 6.00, 0.79, 1.49, 0.00, 5.98, 19.00, 0.00, 5.98, -0.00, -13.02, -0.00, 64.87, 328.55, 337.34, 25.95, 1
2000000, 200.00, 40.00, 6.00, 0.79, 1.49, 0.00, 7.98, 21.00, 0.00, 7.98, -0.00, -13.02, -0.00, 64.87, 328.56, 337.34, 25.95, 1
2000000, 200.00, 40.00, 6.00, 0.79, 1.49, 0.00, 9.98, 23.00, 0.00, 9.98, -0.00, -13.02, -0.00, 64.87, 328.56, 337.34, 25.95, 1
2000000, 200.00, 40.00, 6.00, 0.79, 1.49, 0.00, 11.98, 25.00, 0.00, 11.98, -0.00, -13.02, -0.00, 64.87, 328.56, 337.34, 25.95, 1
2000000, 200.00, 40.00, 6.00, 0.79, 1.49, 0.00, 13.98, 27.00, 0.00, 13.98, -0.00, -13.02, -0.00, 64.87, 328.56, 337.34, 25.95, 1
2000000, 200.00, 40.00, 6.00, 0.79, 1.49, 0.00, 15.98, 29.00, 0.00, 15.98, -0.00, -13.02, -0.00, 64.87, 328.56, 337.34, 25.95, 1
2000000, 200.00, 40.00, 6.00, 0.79, 1.49, 0.00, 17.98, 31.00, 0.00, 17.98, -0.00, -13.02, -0.00, 64.87, 328.56, 337.34, 25.95, 1
2000000, 200.00, 40.00, 6.00, 0.79, 1.49, 0.00, 19.98, 33.00, 0.00, 19.98, -0.00, -13.02, -0.00, 64.87, 328.56, 337.34, 25.95, 1
2000000, 200.00, 40.00, 6.00, 0.79, 1.49, 0.00, 21.98, 35.00, 0.00, 21.98, -0.00, -13.02, -0.00, 64.87, 328.56, 337.34, 25.95, 1
2000000, 200.00, 40.00, 6.00, 0.79, 1.49, 0.00, 23.98, 37.00, 0.00, 23.98, -0.00, -13.02, -0.00, 64.86, 328.56, 337.34, 25.95, 1
2000000, 200.00, 40.00, 6.00, 0.79, 1.49, 0.00, 25.98, 39.00, 0.00, 25.98, -0.00, -13.02, -0.00, 64.86, 328.56, 337.35, 25.95, 1
2000000, 200.00, 40.00, 6.00, 0.79, 1.49, 0.00, 27.98, 41.00, 0.00, 27.98, -0.00, -13.02, -0.00, 64.86, 328.56, 337.35, 25.95, 1
51786, 5.18, 40.00, 8.00, 0.79, 0.00, 0.00, 0.00, 1.00, 0.00, 0.00, 0.00, -1.00, 0.00, 392.40, 155.50, 153.76, 14.35, 0
219440, 21.94, 40.00, 8.00, 0.79, 0.00, 0.00, 0.00, 3.00, 0.00, 0.00, 0.00, -3.00, 0.00, 392.40, 155.55, 153.81, 14.36, 0
2000000, 200.00, 40.00, 8.00, 0.79, 1.46, 0.00, 0.00, 5.00, 0.00, 0.00, -0.00, -5.00, -0.00, 344.79, 47.91, 57.42, 5.36, 1
2000000, 200.00, 40.00, 8.00, 0.79, 1.47, 0.00, 0.00, 7.00, 0.00, -0.00, -0.00, -7.00, -0.00, 289.66, 103.27, 112.55, 10.50, 1
2000000, 200.00, 40.00, 8.00, 0.79, 1.47, 0.00, 0.00, 9.00, 0.00, -0.00, -0.00, -9.00, -0.00, 216.16, 177.09, 186.05, 17.36, 1
2000000, 200.00, 40.00, 8.00, 0.79, 1.47, 0.00, -0.00, 11.00, 0.00, -0.00, -0.00, -11.00, -0.00, 124.29, 269.36, 277.92, 25.94, 1
2000000, 200.00, 40.00, 8.00, 0.79, 1.47, 0.00, 1.08, 13.00, 0.00, 1.08, -0.00, -11.92, -0.00, 76.09, 317.77, 326.12, 30.44, 1
2000000, 200.00, 40.00, 8.00, 0.79, 1.47, 0.00, 3.08, 15.00, 0.00, 3.08, -0.00, -11.92, -0.00, 76.09, 317.77, 326.12, 30.44, 1
2000000, 200.00, 40.00, 8.00, 0.79, 1.47, 0.00, 5.08, 17.00, 0.00, 5.08, -0.00, -11.92, -0.00, 76.09, 317.77, 326.12, 30.44, 1
2000000, 200.00, 40.00, 8.00, 0.79, 1.47, 0.00, 7.08, 19.00, 0.00, 7.08, -0.00, -11.92, -0.00, 76.09, 317.77, 326.12, 30.44, 1
2000000, 200.00, 40.00, 8.00, 0.79, 1.47, 0.00, 9.08, 21.00, 0.00, 9.08, -0.00, -11.92, -0.00, 76.09, 317.77, 326.12, 30.44, 1
2000000, 200.00, 40.00, 8.00, 0.79, 1.47, 0.00, 11.08, 23.00, 0.00, 11.08, -0.00, -11.92, -0.00, 76.09, 317.77, 326.12, 30.44, 1
2000000, 200.00, 40.00, 8.00, 0.79, 1.47, 0.00, 13.08, 25.00, 0.00, 13.08, -0.00, -11.92, -0.00, 76.09, 317.77, 326.12, 30.44, 1
2000000, 200.00, 40.00, 8.00, 0.79, 1.47, 0.00, 15.08, 27.00, 0.00, 15.08, -0.00, -11.92, -0.00, 76.09, 317.77, 326.12, 30.44, 1
2000000, 200.00, 40.00, 8.00, 0.79, 1.47, 0.00, 17.08, 29.00, 0.00, 17.08, -0.00, -11.92, -0.00, 76.09, 317.77, 326.12, 30.44, 1
2000000, 200.00, 40.00, 8.00, 0.79, 1.47, 0.00, 19.08, 31.00, 0.00, 19.08, -0.00, -11.92, -0.00, 76.09, 317.77, 326.12, 30.44, 1
2000000, 200.00, 40.00, 8.00, 0.79, 1.47, 0.00, 21.08, 33.00, 0.00, 21.08, -0.00, -11.92, -0.00, 76.09, 317.77, 326.12, 30.44, 1
2000000, 200.00, 40.00, 8.00, 0.79, 1.47, 0.00, 23.08, 35.00, 0.00, 23.08, -0.00, -11.92, -0.00, 76.09, 317.77, 326.12, 30.44, 1
2000000, 200.00, 40.00, 8.00, 0.79, 1.47, 0.00, 25.08, 37.00, 0.00, 25.08, -0.00, -11.92, -0.00, 76.09, 317.77, 326.12, 30.44, 1
2000000, 200.00, 40.00, 8.00, 0.79, 1.47, 0.00, 27.08, 39.00, 0.00, 27.08, -0.00, -11.92, -0.00, 76.09, 317.77, 326.12, 30.44, 1
2000000, 200.00, 40.00, 8.00, 0.79, 1.47, 0.00, 29.08, 41.00, 0.00, 29.08, -0.00, -11.92, -0.00, 76.09, 317.77, 326.12, 30.44, 1
53757, 5.38, 40.00, 10.00, 0.79, 0.00, 0.00, 0.00, 1.00, 0.00, 0.00, 0.00, -1.00, 0.00, 392.40, 155.58, 153.70, 16.87, 0
2000000, 200.00, 40.00, 10.00, 0.79, 1.38, 0.00, 0.00, 3.00, 0.00, 0.00, -0.00, -3.00, -0.00, 379.61, 13.03, 22.60, 2.48, 1
2000000, 200.00, 40.00, 10.00, 0.79, 1.44, 0.00, 0.00, 5.00, 0.00, 0.00, -0.00, -5.00, -0.00, 339.43, 53.42, 62.78, 6.89, 1
2000000, 200.00, 40.00, 10.00, 0.79, 1.45, 0.00, -0.00, 7.00, 0.00, -0.00, -0.00, -7.00, -0.00, 279.16, 114.04, 123.05, 13.51, 1
2000000, 200.00, 40.00, 10.00, 0.79, 1.46, 0.00, -0.00, 9.00, 0.00, -0.00, -0.00, -9.00, -0.00, 198.80, 194.88, 203.41, 22.33, 1
2000000, 200.00, 40.00, 10.00, 0.79, 1.46, 0.00, -0.00, 11.00, 0.00, -0.00, -0.00, -11.00, -0.00, 98.35, 295.94, 303.86, 33.35, 1
2000000, 200.00, 40.00, 10.00, 0.79, 1.46, 0.00, 1.79, 13.00, 0.00, 1.79, -0.00, -11.21, -0.00, 86.60, 307.76, 315.61, 34.64, 1
2000000, 200.00, 40.00, 10.00, 0.79, 1.46, 0.00, 3.79, 15.00, 0.00, 3.79, -0.00, -11.21, -0.00, 86.60, 307.76, 315.61, 34.64, 1
2000000, 200.00, 40.00, 10.00, 0.79, 1.46, 0.00, 5.79, 17.00, 0.00, 5.79, -0.00, -11.21, -0.00, 86.60, 307.76, 315.61, 34.64, 1
2000000, 200.00, 40.00, 10.00, 0.79, 1.46, 0.00, 7.79, 19.00, 0.00, 7.79, -0.00, -11.21, -0.00, 86.60, 307.76, 315.61, 34.64, 1
2000000, 200.00, 40.00, 10.00, 0.79, 1.46, 0.00, 9.79, 21.00, 0.00, 9.79, -0.00, -11.21, -0.00, 86.60, 307.76, 315.61, 34.64, 1
2000000, 200.00, 40.00, 10.00, 0.79, 1.46, 0.00, 11.79, 23.00, 0.00, 11.79, -0.00, -11.21, -0.00, 86.60, 307.76, 315.61, 34.64, 1
2000000, 200.00, 40.00, 10.00, 0.79, 1.46, 0.00, 13.79, 25.00, 0.00, 13.79, -0.00, -11.21, -0.00, 86.60, 307.76, 315.61, 34.64, 1
2000000, 200.00, 40.00, 10.00, 0.79, 1.46, 0.00, 15.79, 27.00, 0.00, 15.79, -0.00, -11.21, -0.00, 86.60, 307.76, 315.61, 34.64, 1
2000000, 200.00, 40.00, 10.00, 0.79, 1.46, 0.00, 17.79, 29.00, 0.00, 17.79, -0.00, -11.21, -0.00, 86.60, 307.76, 315.61, 34.64, 1
2000000, 200.00, 40.00, 10.00, 0.79, 1.46, 0.00, 19.79, 31.00, 0.00, 19.79, -0.00, -11.21, -0.00, 86.60, 307.76, 315.61, 34.64, 1
2000000, 200.00, 40.00, 10.00, 0.79, 1.46, 0.00, 21.79, 33.00, 0.00, 21.79, -0.00, -11.21, -0.00, 86.60, 307.76, 315.61, 34.64, 1
2000000, 200.00, 40.00, 10.00, 0.79, 1.46, 0.00, 23.79, 35.00, 0.00, 23.79, -0.00, -11.21, -0.00, 86.60, 307.76, 315.61, 34.64, 1
2000000, 200.00, 40.00, 10.00, 0.79, 1.46, 0.00, 25.79, 37.00, 0.00, 25.79, -0.00, -11.21, -0.00, 86.60, 307.76, 315.61, 34.64, 1
2000000, 200.00, 40.00, 10.00, 0.79, 1.46, 0.00, 27.79, 39.00, 0.00, 27.79, -0.00, -11.21, -0.00, 86.60, 307.76, 315.61, 34.64, 1
2000000, 200.00, 40.00, 10.00, 0.79, 1.46, 0.00, 29.79, 41.00, 0.00, 29.79, -0.00, -11.21, -0.00, 86.59, 307.76, 315.62, 34.64, 1
55820, 5.58, 40.00, 12.00, 0.79, 0.00, 0.00, 0.00, 1.00, 0.00, 0.00, 0.00, -1.00, 0.00, 392.40, 155.73, 153.94, 17.10, 0
2000000, 200.00, 40.00, 12.00, 0.79, 1.39, 0.00, 0.00, 3.00, 0.00, 0.00, -0.00, -3.00, -0.00, 377.40, 15.25, 24.81, 2.76, 1
2000000, 200.00, 40.00, 12.00, 0.79, 1.44, 0.00, -0.00, 5.00, 0.00, -0.00, -0.00, -5.00, -0.00, 333.30, 59.59, 68.91, 7.66, 1
2000000, 200.00, 40.00, 12.00, 0.79, 1.45, 0.00, 0.00, 7.00, 0.00, 0.00, -0.00, -7.00, -0.00, 267.15, 126.14, 135.06, 15.01, 1
2000000, 200.00, 40.00, 12.00, 0.79, 1.46, 0.00, -0.00, 9.00, 0.00, -0.00, -0.00, -9.00, -0.00, 178.95, 214.88, 223.26, 24.81, 1
2000000, 200.00, 40.00, 12.00, 0.79, 1.46, 0.00, 0.31, 11.00, 0.00, 0.31, -0.00, -10.69, -0.00, 87.44, 306.96, 314.77, 34.97, 1
2000000, 200.00, 40.00, 12.00, 0.79, 1.46, 0.00, 2.31, 13.00, 0.00, 2.31, -0.00, -10.69, -0.00, 87.44, 306.96, 314.77, 34.97, 1
2000000, 200.00, 40.00, 12.00, 0.79, 1.46, 0.00, 4.31, 15.00, 0.00, 4.31, -0.00, -10.69, -0.00, 87.44, 306.96, 314.77, 34.97, 1
2000000, 200.00, 40.00, 12.00, 0.79, 1.46, 0.00, 6.31, 17.00, 0.00, 6.31, -0.00, -10.69, -0.00, 87.44, 306.96, 314.77, 34.97, 1
2000000, 200.00, 40.00, 12.00, 0.79, 1.46, 0.00, 8.31, 19.00, 0.00, 8.31, -0.00, -10.69, -0.00, 87.44, 306.96, 314.77, 34.97, 1
2000000, 200.00, 40.00, 12.00, 0.79, 1.46, 0.00, 10.31, 21.00, 0.00, 10.31, -0.00, -10.69, -0.00, 87.44, 306.96, 314.77, 34.97, 1
2000000, 200.00, 40.00, 12.00, 0.79, 1.46, 0.00, 12.31, 23.00, 0.00, 12.31, -0.00, -10.69, -0.00, 87.44, 306.96, 314.77, 34.97, 1
2000000, 200.00, 40.00, 12.00, 0.79, 1.46, 0.00, 14.31, 25.00, 0.00, 14.31, -0.00, -10.69, -0.00, 87.44, 306.96, 314.77, 34.97, 1
2000000, 200.00, 40.00, 12.00, 0.79, 1.46, 0.00, 16.31, 27.00, 0.00, 16.31, -0.00, -10.69, -0.00, 87.44, 306.96, 314.77, 34.97, 1
2000000, 200.00, 40.00, 12.00, 0.79, 1.46, 0.00, 18.31, 29.00, 0.00, 18.31, -0.00, -10.69, -0.00, 87.43, 306.96, 314.77, 34.97, 1
2000000, 200.00, 40.00, 12.00, 0.79, 1.46, 0.00, 20.31, 31.00, 0.00, 20.31, -0.00, -10.69, -0.00, 87.43, 306.96, 314.78, 34.98, 1
2000000, 200.00, 40.00, 12.00, 0.79, 1.46, 0.00, 22.31, 33.00, 0.00, 22.31, -0.00, -10.69, -0.00, 87.43, 306.96, 314.78, 34.98, 1
2000000, 200.00, 40.00, 12.00, 0.79, 1.46, 0.00, 24.31, 35.00, 0.00, 24.31, -0.00, -10.69, -0.00, 87.43, 306.97, 314.78, 34.98, 1
2000000, 200.00, 40.00, 12.00, 0.79, 1.46, 0.00, 26.31, 37.00, 0.00, 26.31, -0.00, -10.69, -0.00, 87.43, 306.97, 314.78, 34.98, 1
2000000, 200.00, 40.00, 12.00, 0.79, 1.46, 0.00, 28.31, 39.00, 0.00, 28.31, -0.00, -10.69, -0.00, 87.43, 306.97, 314.78, 34.98, 1
2000000, 200.00, 40.00, 12.00, 0.79, 1.46, 0.00, 30.31, 41.00, 0.00, 30.31, -0.00, -10.69, -0.00, 87.43, 306.97, 314.78, 34.98, 1
58397, 5.84, 40.00, 14.00, 0.79, 0.00, 0.00, 0.00, 1.00, 0.00, 0.00, 0.00, -1.00, 0.00, 392.40, 155.77, 153.75, 19.99, 0
2000000, 200.00, 40.00, 14.00, 0.79, 1.37, 0.00, -0.00, 3.00, 0.00, -0.00, -0.00, -3.00, -0.00, 374.65, 18.11, 27.56, 3.58, 1
2000000, 200.00, 40.00, 14.00, 0.79, 1.42, 0.00, -0.00, 5.00, 0.00, -0.00, -0.00, -5.00, -0.00, 325.65, 67.49, 76.56, 9.95, 1
2000000, 200.00, 40.00, 14.00, 0.79, 1.43, 0.00, 0.00, 7.00, 0.00, 0.00, -0.00, -7.00, -0.00, 252.15, 141.60, 150.06, 19.51, 1
2000000, 200.00, 40.00, 14.00, 0.79, 1.44, 0.00, 0.00, 9.00, 0.00, 0.00, -0.00, -9.00, -0.00, 154.15, 240.43, 248.06, 32.25, 1
2000000, 200.00, 40.00, 14.00, 0.79, 1.44, 0.00, 1.04, 11.00, 0.00, 1.04, -0.00, -9.96, -0.00, 98.66, 296.38, 303.55, 39.46, 1
2000000, 200.00, 40.00, 14.00, 0.79, 1.44, 0.00, 3.04, 13.00, 0.00, 3.04, -0.00, -9.96, -0.00, 98.66, 296.38, 303.55, 39.46, 1
2000000, 200.00, 40.00, 14.00, 0.79, 1.44, 0.00, 5.04, 15.00, 0.00, 5.04, -0.00, -9.96, -0.00, 98.66, 296.38, 303.55, 39.46, 1
2000000, 200.00, 40.00, 14.00, 0.79, 1.44, 0.00, 7.04, 17.00, 0.00, 7.04, -0.00, -9.96, -0.00, 98.66, 296.38, 303.55, 39.46, 1
2000000, 200.00, 40.00, 14.00, 0.79, 1.44, 0.00, 9.04, 19.00, 0.00, 9.04, -0.00, -9.96, -0.00, 98.65, 296.38, 303.56, 39.46, 1
2000000, 200.00, 40.00, 14.00, 0.79, 1.44, 0.00, 11.04, 21.00, 0.00, 11.04, -0.00, -9.96, -0.00, 98.65, 296.38, 303.56, 39.46, 1
2000000, 200.00, 40.00, 14.00, 0.79, 1.44, 0.00, 13.04, 23.00, 0.00, 13.04, -0.00, -9.96, -0.00, 98.65, 296.38, 303.56, 39.46, 1
2000000, 200.00, 40.00, 14.00, 0.79, 1.44, 0.00, 15.04, 25.00, 0.00, 15.04, -0.00, -9.96, -0.00, 98.65, 296.38, 303.56, 39.46, 1
2000000, 200.00, 40.00, 14.00, 0.79, 1.44, 0.00, 17.04, 27.00, 0.00, 17.04, -0.00, -9.96, -0.00, 98.65, 296.38, 303.56, 39.46, 1
2000000, 200.00, 40.00, 14.00, 0.79, 1.44, 0.00, 19.04, 29.00, 0.00, 19.04, -0.00, -9.96, -0.00, 98.65, 296.38, 303.56, 39.46, 1
2000000, 200.00, 40.00, 14.00, 0.79, 1.44, 0.00, 21.04, 31.00, 0.00, 21.04, -0.00, -9.96, -0.00, 98.65, 296.39, 303.56, 39.46, 1
2000000, 200.00, 40.00, 14.00, 0.79, 1.44, 0.00, 23.04, 33.00, 0.00, 23.04, -0.00, -9.96, -0.00, 98.65, 296.39, 303.56, 39.46, 1
2000000, 200.00, 40.00, 14.00, 0.79, 1.44, 0.00, 25.04, 35.00, 0.00, 25.04, -0.00, -9.96, -0.00, 98.65, 296.39, 303.56, 39.46, 1
2000000, 200.00, 40.00, 14.00, 0.79, 1.44, 0.00, 27.04, 37.00, 0.00, 27.04, -0.00, -9.96, -0.00, 98.65, 296.39, 303.56, 39.46, 1
2000000, 200.00, 40.00, 14.00, 0.79, 1.44, 0.00, 29.04, 39.00, 0.00, 29.04, -0.00, -9.96, -0.00, 98.65, 296.39, 303.56, 39.46, 1
2000000, 200.00, 40.00, 14.00, 0.79, 1.44, 0.00, 31.04, 41.00, 0.00, 31.04, -0.00, -9.96, -0.00, 98.65, 296.39, 303.56, 39.46, 1
60846, 6.08, 40.00, 16.00, 0.79, 0.00, 0.00, 0.00, 1.00, 0.00, 0.00, 0.00, -1.00, 0.00, 392.40, 155.73, 152.99, 25.50, 0
2000000, 200.00, 40.00, 16.00, 0.79, 1.33, 0.00, 0.00, 3.00, 0.00, 0.00, -0.00, -3.00, -0.00, 372.44, 20.56, 29.77, 4.96, 1
2000000, 200.00, 40.00, 16.00, 0.79, 1.38, 0.00, -0.00, 5.00, 0.00, -0.00, -0.00, -5.00, -0.00, 319.52, 74.17, 82.69, 13.78, 1
2000000, 200.00, 40.00, 16.00, 0.79, 1.40, 0.00, -0.00, 7.00, 0.00, -0.00, -0.00, -7.00, -0.00, 240.14, 154.63, 162.07, 27.01, 1
2000000, 200.00, 40.00, 16.00, 0.79, 1.40, 0.00, 0.00, 9.00, 0.00, -0.00, -0.00, -9.00, -0.00, 134.30, 261.93, 267.91, 44.65, 1
2000000, 200.00, 40.00, 16.00, 0.79, 1.40, 0.00, 1.74, 11.00, 0.00, 1.74, -0.00, -9.26, -0.00, 118.30, 278.16, 283.91, 47.32, 1
2000000, 200.00, 40.00, 16.00, 0.79, 1.40, 0.00, 3.74, 13.00, 0.00, 3.74, -0.00, -9.26, -0.00, 118.30, 278.16, 283.91, 47.32, 1
2000000, 200.00, 40.00, 16.00, 0.79, 1.40, 0.00, 5.74, 15.00, 0.00, 5.74, -0.00, -9.26, -0.00, 118.30, 278.16, 283.91, 47.32, 1
2000000, 200.00, 40.00, 16.00, 0.79, 1.40, 0.00, 7.74, 17.00, 0.00, 7.74, -0.00, -9.26, -0.00, 118.30, 278.16, 283.91, 47.32, 1
2000000, 200.00, 40.00, 16.00, 0.79, 1.40, 0.00, 9.74, 19.00, 0.00, 9.74, -0.00, -9.26, -0.00, 118.30, 278.16, 283.91, 47.32, 1
2000000, 200.00, 40.00, 16.00, 0.79, 1.40, 0.00, 11.74, 21.00, 0.00, 11.74, -0.00, -9.26, -0.00, 118.30, 278.16, 283.91, 47.32, 1
2000000, 200.00, 40.00, 16.00, 0.79, 1.40, 0.00, 13.74, 23.00, 0.00, 13.74, -0.00, -9.26, -0.00, 118.30, 278.16, 283.91, 47.32, 1
2000000, 200.00, 40.00, 16.00, 0.79, 1.40, 0.00, 15.74, 25.00, 0.00, 15.74, -0.00, -9.26, -0.00, 118.30, 278.16, 283.91, 47.32, 1
2000000, 200.00, 40.00, 16.00, 0.79, 1.40, 0.00, 17.74, 27.00, 0.00, 17.74, -0.00, -9.26, -0.00, 118.30, 278.16, 283.91, 47.32, 1
2000000, 200.00, 40.00, 16.00, 0.79, 1.40, 0.00, 19.74, 29.00, 0.00, 19.74, -0.00, -9.26, -0.00, 118.30, 278.16, 283.91, 47.32, 1
2000000, 200.00, 40.00, 16.00, 0.79, 1.40, 0.00, 21.74, 31.00, 0.00, 21.74, -0.00, -9.26, -0.00, 118.30, 278.16, 283.91, 47.32, 1
2000000, 200.00, 40.00, 16.00, 0.79, 1.40, 0.00, 23.74, 33.00, 0.00, 23.74, -0.00, -9.26, -0.00, 118.30, 278.16, 283.91, 47.32, 1
2000000, 200.00, 40.00, 16.00, 0.79, 1.40, 0.00, 25.74, 35.00, 0.00, 25.74, -0.00, -9.26, -0.00, 118.30, 278.16, 283.91, 47.32, 1
2000000, 200.00, 40.00, 16.00, 0.79, 1.40, 0.00, 27.74, 37.00, 0.00, 27.74, -0.00, -9.26, -0.00, 118.30, 278.16, 283.91, 47.32, 1
2000000, 200.00, 40.00, 16.00, 0.79, 1.40, 0.00, 29.74, 39.00, 0.00, 29.74, -0.00, -9.26, -0.00, 118.30, 278.16, 283.91, 47.32, 1
2000000, 200.00, 40.00, 16.00, 0.79, 1.40, 0.00, 31.74, 41.00, 0.00, 31.74, -0.00, -9.26, -0.00, 118.29, 278.16, 283.92, 47.32, 1
61190, 6.12, 40.00, 18.00, 0.79, 0.00, 0.00, 0.00, 1.00, 0.00, 0.00, 0.00, -1.00, 0.00, 392.40, 155.76, 153.10, 25.05, 0
2000000, 200.00, 40.00, 18.00, 0.79, 1.33, 0.00, -0.00, 3.00, 0.00, -0.00, -0.00, -3.00, -0.00, 371.89, 21.10, 30.32, 4.96, 1
2000000, 200.00, 40.00, 18.00, 0.79, 1.39, 0.00, -0.00, 5.00, 0.00, -0.00, -0.00, -5.00, -0.00, 317.99, 75.67, 84.22, 13.78, 1
2000000, 200.00, 40.00, 18.00, 0.79, 1.40, 0.00, 0.00, 7.00, 0.00, 0.00, -0.00, -7.00, -0.00, 237.14, 157.59, 165.07, 27.01, 1
2000000, 200.00, 40.00, 18.00, 0.79, 1.40, 0.00, 0.00, 9.00, 0.00, -0.00, -0.00, -9.00, -0.00, 129.34, 266.82, 272.87, 44.65, 1
2000000, 200.00, 40.00, 18.00, 0.79, 1.40, 0.00, 1.80, 11.00, 0.00, 1.80, -0.00, -9.20, -0.00, 116.77, 279.56, 285.44, 46.71, 1
2000000, 200.00, 40.00, 18.00, 0.79, 1.40, 0.00, 3.80, 13.00, 0.00, 3.80, -0.00, -9.20, -0.00, 116.77, 279.56, 285.44, 46.71, 1
2000000, 200.00, 40.00, 18.00, 0.79, 1.40, 0.00, 5.80, 15.00, 0.00, 5.80, -0.00, -9.20, -0.00, 116.77, 279.56, 285.44, 46.71, 1
2000000, 200.00, 40.00, 18.00, 0.79, 1.40, 0.00, 7.80, 17.00, 0.00, 7.80, -0.00, -9.20, -0.00, 116.77, 279.56, 285.44, 46.71, 1
2000000, 200.00, 40.00, 18.00, 0.79, 1.40, 0.00, 9.80, 19.00, 0.00, 9.80, -0.00, -9.20, -0.00, 116.77, 279.56, 285.44, 46.71, 1
2000000, 200.00, 40.00, 18.00, 0.79, 1.40, 0.00, 11.80, 21.00, 0.00, 11.80, -0.00, -9.20, -0.00, 116.77, 279.56, 285.44, 46.71, 1
2000000, 200.00, 40.00, 18.00, 0.79, 1.40, 0.00, 13.80, 23.00, 0.00, 13.80, -0.00, -9.20, -0.00, 116.77, 279.56, 285.44, 46.71, 1
2000000, 200.00, 40.00, 18.00, 0.79, 1.40, 0.00, 15.80, 25.00, 0.00, 15.80, -0.00, -9.20, -0.00, 116.77, 279.56, 285.44, 46.71, 1
2000000, 200.00, 40.00, 18.00, 0.79, 1.40, 0.00, 17.80, 27.00, 0.00, 17.80, -0.00, -9.20, -0.00, 116.77, 279.56, 285.44, 46.71, 1
2000000, 200.00, 40.00, 18.00, 0.79, 1.40, 0.00, 19.80, 29.00, 0.00, 19.80, -0.00, -9.20, -0.00, 116.77, 279.56, 285.44, 46.71, 1
2000000, 200.00, 40.00, 18.00, 0.79, 1.40, 0.00, 21.80, 31.00, 0.00, 21.80, -0.00, -9.20, -0.00, 116.77, 279.56, 285.44, 46.71, 1
2000000, 200.00, 40.00, 18.00, 0.79, 1.40, 0.00, 23.80, 33.00, 0.00, 23.80, -0.00, -9.20, -0.00, 116.77, 279.56, 285.44, 46.71, 1
2000000, 200.00, 40.00, 18.00, 0.79, 1.40, 0.00, 25.80, 35.00, 0.00, 25.80, -0.00, -9.20, -0.00, 116.77, 279.56, 285.44, 46.71, 1
2000000, 200.00, 40.00, 18.00, 0.79, 1.40, 0.00, 27.80, 37.00, 0.00, 27.80, -0.00, -9.20, -0.00, 116.77, 279.56, 285.44, 46.71, 1
2000000, 200.00, 40.00, 18.00, 0.79, 1.40, 0.00, 29.80, 39.00, 0.00, 29.79, -0.00, -9.21, -0.00, 116.77, 279.56, 285.44, 46.71, 1
2000000, 200.00, 40.00, 18.00, 0.79, 1.40, 0.00, 31.79, 41.00, 0.00, 31.79, -0.00, -9.21, -0.00, 116.77, 279.56, 285.44, 46.71, 1
62365, 6.24, 40.00, 20.00, 0.79, 0.00, 0.00, 0.00, 1.00, 0.00, 0.00, 0.00, -1.00, 0.00, 392.40, 155.62, 151.96, 30.39, 0
2000000, 200.00, 40.00, 20.00, 0.79, 1.28, 0.00, -0.00, 3.00, 0.00, -0.00, -0.00, -3.00, -0.00, 373.27, 19.99, 28.94, 5.79, 1
2000000, 200.00, 40.00, 20.00, 0.79, 1.35, 0.00, 0.00, 5.00, 0.00, 0.00, -0.00, -5.00, -0.00, 321.82, 72.39, 80.39, 16.08, 1
2000000, 200.00, 40.00, 20.00, 0.79, 1.36, 0.00, -0.00, 7.00, 0.00, -0.00, -0.00, -7.00, -0.00, 244.64, 151.08, 157.57, 31.51, 1
2000000, 200.00, 40.00, 20.00, 0.79, 1.37, 0.00, -0.00, 9.00, 0.00, -0.00, -0.00, -9.00, -0.00, 141.74, 256.01, 260.47, 52.09, 1
2000000, 200.00, 40.00, 20.00, 0.79, 1.37, 0.00, 1.87, 11.00, 0.00, 1.87, -0.00, -9.13, -0.00, 134.07, 263.84, 268.14, 53.63, 1
2000000, 200.00, 40.00, 20.00, 0.79, 1.37, 0.00, 3.87, 13.00, 0.00, 3.87, -0.00, -9.13, -0.00, 134.07, 263.84, 268.14, 53.63, 1
2000000, 200.00, 40.00, 20.00, 0.79, 1.37, 0.00, 5.87, 15.00, 0.00, 5.87, -0.00, -9.13, -0.00, 134.07, 263.84, 268.14, 53.63, 1
2000000, 200.00, 40.00, 20.00, 0.79, 1.37, 0.00, 7.87, 17.00, 0.00, 7.87, -0.00, -9.13, -0.00, 134.07, 263.84, 268.14, 53.63, 1
2000000, 200.00, 40.00, 20.00, 0.79, 1.37, 0.00, 9.87, 19.00, 0.00, 9.87, -0.00, -9.13, -0.00, 134.07, 263.84, 268.14, 53.63, 1
2000000, 200.00, 40.00, 20.00, 0.79, 1.37, 0.00, 11.87, 21.00, 0.00, 11.87, -0.00, -9.13, -0.00, 134.07, 263.84, 268.14, 53.63, 1
2000000, 200.00, 40.00, 20.00, 0.79, 1.37, 0.00, 13.87, 23.00, 0.00, 13.87, -0.00, -9.13, -0.00, 134.07, 263.84, 268.14, 53.63, 1
2000000, 200.00, 40.00, 20.00, 0.79, 1.37, 0.00, 15.87, 25.00, 0.00, 15.87, -0.00, -9.13, -0.00, 134.07, 263.84, 268.14, 53.63, 1
2000000, 200.00, 40.00, 20.00, 0.79, 1.37, 0.00, 17.87, 27.00, 0.00, 17.87, -0.00, -9.13, -0.00, 134.07, 263.84, 268.14, 53.63, 1
2000000, 200.00, 40.00, 20.00, 0.79, 1.37, 0.00, 19.87, 29.00, 0.00, 19.87, -0.00, -9.13, -0.00, 134.07, 263.84, 268.14, 53.63, 1
2000000, 200.00, 40.00, 20.00, 0.79, 1.37, 0.00, 21.87, 31.00, 0.00, 21.87, -0.00, -9.13, -0.00, 134.07, 263.84, 268.14, 53.63, 1
2000000, 200.00, 40.00, 20.00, 0.79, 1.37, 0.00, 23.87, 33.00, 0.00, 23.87, -0.00, -9.13, -0.00, 134.07, 263.84, 268.14, 53.63, 1
2000000, 200.00, 40.00, 20.00, 0.79, 1.37, 0.00, 25.87, 35.00, 0.00, 25.87, -0.00, -9.13, -0.00, 134.07, 263.84, 268.14, 53.63, 1
2000000, 200.00, 40.00, 20.00, 0.79, 1.37, 0.00, 27.87, 37.00, 0.00, 27.87, -0.00, -9.13, -0.00, 134.07, 263.84, 268.14, 53.63, 1
2000000, 200.00, 40.00, 20.00, 0.79, 1.37, 0.00, 29.87, 39.00, 0.00, 29.87, -0.00, -9.13, -0.00, 134.07, 263.84, 268.14, 53.63, 1
2000000, 200.00, 40.00, 20.00, 0.79, 1.37, 0.00, 31.87, 41.00, 0.00, 31.87, -0.00, -9.13, -0.00, 134.07, 263.84, 268.14, 53.63, 1
