Iter,TotTime,Alpha,Theta0,Theta_fin,V_theta_fin,V_block_fin,Wind_x,Wind_y,Vrelx,Vrely,F_vinc,Tension,Lift,Drag,Stability
49790, 4.98, -8.00, 0.00, 0.00, 0.00, 0.00, 0.00, 0.00,  0.00, 0.00, 9810.02, -873.89, -957.24, 31.91, 0
34109, 3.41, -8.00, 0.00, 0.00, 0.00, 0.00, 2.00, 0.00,  -2.00, 0.00, 9809.99, 994.64, -917.13, 30.57, 0
23742, 2.37, -8.00, 0.00, 0.00, 0.00, 0.00, 4.00, 0.00,  -4.00, 0.00, 9810.00, 1245.90, -1159.75, 38.66, 0
17861, 1.79, -8.00, 0.00, 0.00, 0.00, 0.00, 6.00, 0.00,  -6.00, 0.00, 9809.99, 1309.33, -1239.94, 41.33, 0
13715, 1.37, -8.00, 0.00, 0.00, 0.00, 0.00, 8.00, 0.00,  -8.00, 0.00, 9809.99, 1380.58, -1337.75, 44.59, 0
10749, 1.07, -8.00, 0.00, 0.00, 0.00, 0.00, 10.00, 0.00,  -10.00, 0.00, 9809.98, 1457.61, -1451.74, 48.39, 0
8592, 0.86, -8.00, 0.00, 0.00, 0.00, 0.00, 12.00, 0.00,  -12.00, 0.00, 9809.99, 1538.72, -1580.84, 52.69, 0
6991, 0.70, -8.00, 0.00, 0.00, 0.00, 0.00, 14.00, 0.00,  -14.00, 0.00, 9809.93, 1621.36, -1723.25, 57.44, 0
5780, 0.58, -8.00, 0.00, 0.00, 0.00, 0.00, 16.00, 0.00,  -16.00, 0.00, 9809.93, 1707.01, -1880.85, 62.70, 0
4846, 0.48, -8.00, 0.00, 0.00, 0.00, 0.00, 18.00, 0.00,  -18.00, 0.00, 9809.92, 1794.72, -2053.31, 68.44, 0
4114, 0.41, -8.00, 0.00, 0.00, 0.00, 0.00, 20.00, 0.00,  -20.00, 0.00, 9809.98, 1886.24, -2242.67, 74.76, 0
3530, 0.35, -8.00, 0.00, 0.00, 0.00, 0.00, 22.00, 0.00,  -22.00, 0.00, 9809.97, 1978.53, -2446.69, 81.56, 0
3058, 0.31, -8.00, 0.00, 0.00, 0.00, 0.00, 24.00, 0.00,  -24.00, 0.00, 9809.94, 2072.71, -2666.83, 88.89, 0
2672, 0.27, -8.00, 0.00, 0.00, 0.00, 0.00, 26.00, 0.00,  -26.00, 0.00, 9809.93, 2169.51, -2904.08, 96.80, 0
2353, 0.24, -8.00, 0.00, 0.00, 0.00, 0.00, 28.00, 0.00,  -28.00, 0.00, 9809.95, 2269.58, -3159.34, 105.31, 0
2086, 0.21, -8.00, 0.00, 0.00, 0.00, 0.00, 30.00, 0.00,  -30.00, 0.00, 9809.92, 2370.19, -3430.59, 114.35, 0
1861, 0.19, -8.00, 0.00, 0.00, 0.00, 0.00, 32.00, 0.00,  -32.00, 0.00, 9809.92, 2473.47, -3719.90, 124.00, 0
1670, 0.17, -8.00, 0.00, 0.00, 0.00, 0.00, 34.00, 0.00,  -34.00, 0.00, 9809.95, 2580.23, -4028.12, 134.27, 0
1506, 0.15, -8.00, 0.00, 0.00, 0.00, 0.00, 36.00, 0.00,  -36.00, 0.00, 9809.94, 2687.01, -4352.66, 145.09, 0
1365, 0.14, -8.00, 0.00, 0.00, 0.00, 0.00, 38.00, 0.00,  -38.00, 0.00, 9809.99, 2798.46, -4697.36, 156.58, 0
1242, 0.12, -8.00, 0.00, 0.00, 0.00, 0.00, 40.00, 0.00,  -40.00, 0.00, 9809.96, 2907.89, -5057.17, 168.57, 0
49790, 4.98, -6.00, 0.00, 0.00, 0.00, 0.00, 0.00, 0.00,  0.00, 0.00, 9810.00, -235.73, -319.08, 31.91, 0
43290, 4.33, -6.00, 0.00, 0.00, 0.00, 0.00, 2.00, 0.00,  -2.00, 0.00, 9810.00, 348.84, -276.14, 27.61, 0
35323, 3.53, -6.00, 0.00, 0.00, 0.00, 0.00, 4.00, 0.00,  -4.00, 0.00, 9809.99, 445.23, -355.22, 35.52, 0
30067, 3.01, -6.00, 0.00, 0.00, 0.00, 0.00, 6.00, 0.00,  -6.00, 0.00, 9810.00, 462.27, -375.30, 37.53, 0
25562, 2.56, -6.00, 0.00, 0.00, 0.00, 0.00, 8.00, 0.00,  -8.00, 0.00, 9809.99, 482.95, -402.00, 40.20, 0
21740, 2.17, -6.00, 0.00, 0.00, 0.00, 0.00, 10.00, 0.00,  -10.00, 0.00, 9810.00, 508.14, -436.08, 43.61, 0
18538, 1.85, -6.00, 0.00, 0.00, 0.00, 0.00, 12.00, 0.00,  -12.00, 0.00, 9809.99, 537.22, -477.17, 47.72, 0
15878, 1.59, -6.00, 0.00, 0.00, 0.00, 0.00, 14.00, 0.00,  -14.00, 0.00, 9810.00, 569.45, -524.82, 52.48, 0
13674, 1.37, -6.00, 0.00, 0.00, 0.00, 0.00, 16.00, 0.00,  -16.00, 0.00, 9809.99, 603.89, -578.42, 57.84, 0
11847, 1.18, -6.00, 0.00, 0.00, 0.00, 0.00, 18.00, 0.00,  -18.00, 0.00, 9809.99, 640.11, -637.76, 63.78, 0
10328, 1.03, -6.00, 0.00, 0.00, 0.00, 0.00, 20.00, 0.00,  -20.00, 0.00, 9809.99, 677.84, -702.76, 70.28, 0
9058, 0.91, -6.00, 0.00, 0.00, 0.00, 0.00, 22.00, 0.00,  -22.00, 0.00, 9809.97, 716.50, -773.07, 77.31, 0
7992, 0.80, -6.00, 0.00, 0.00, 0.00, 0.00, 24.00, 0.00,  -24.00, 0.00, 9809.98, 756.52, -849.15, 84.91, 0
7091, 0.71, -6.00, 0.00, 0.00, 0.00, 0.00, 26.00, 0.00,  -26.00, 0.00, 9809.99, 797.44, -930.72, 93.07, 0
6325, 0.63, -6.00, 0.00, 0.00, 0.00, 0.00, 28.00, 0.00,  -28.00, 0.00, 9809.99, 839.25, -1017.87, 101.79, 0
5670, 0.57, -6.00, 0.00, 0.00, 0.00, 0.00, 30.00, 0.00,  -30.00, 0.00, 9810.00, 881.94, -1110.69, 111.07, 0
5106, 0.51, -6.00, 0.00, 0.00, 0.00, 0.00, 32.00, 0.00,  -32.00, 0.00, 9809.98, 925.10, -1208.93, 120.89, 0
4619, 0.46, -6.00, 0.00, 0.00, 0.00, 0.00, 34.00, 0.00,  -34.00, 0.00, 9809.99, 969.56, -1313.26, 131.33, 0
4195, 0.42, -6.00, 0.00, 0.00, 0.00, 0.00, 36.00, 0.00,  -36.00, 0.00, 9809.97, 1014.43, -1423.11, 142.31, 0
3825, 0.38, -6.00, 0.00, 0.00, 0.00, 0.00, 38.00, 0.00,  -38.00, 0.00, 9809.98, 1060.49, -1539.05, 153.91, 0
3500, 0.35, -6.00, 0.00, 0.00, 0.00, 0.00, 40.00, 0.00,  -40.00, 0.00, 9809.98, 1107.23, -1660.80, 166.08, 0
56034, 5.60, -4.00, 0.00, 0.00, 0.00, 0.00, 0.00, 0.00,  0.00, 0.00, 9809.98, 548.10, 434.58, 8.69, 0
77141, 7.71, -4.00, 0.00, 0.00, 0.00, 0.00, 2.00, 0.00,  -2.00, 0.00, 9810.02, -525.54, 713.62, 14.27, 0
85269, 8.53, -4.00, 0.00, 0.00, 0.00, 0.00, 4.00, 0.00,  -4.00, 0.00, 9810.00, 465.07, 377.26, 7.55, 0
62413, 6.24, -4.00, 0.00, 0.00, 0.00, 0.00, 6.00, 0.00,  -6.00, 0.00, 9809.99, 395.28, 331.80, 6.64, 0
52470, 5.25, -4.00, 0.00, 0.00, 0.00, 0.00, 8.00, 0.00,  -8.00, 0.00, 9809.99, 326.66, 291.37, 5.83, 0
46566, 4.66, -4.00, 0.00, 0.00, 0.00, 0.00, 10.00, 0.00,  -10.00, 0.00, 9810.00, 258.14, 255.79, 5.12, 0
42837, 4.28, -4.00, 0.00, 0.00, 0.00, 0.00, 12.00, 0.00,  -12.00, 0.00, 9810.00, 187.49, 224.99, 4.50, 0
41118, 4.11, -4.00, 0.00, 0.00, 0.00, 0.00, 14.00, 0.00,  -14.00, 0.00, 9810.00, 105.55, 197.37, 3.95, 0
3000000, 300.00, -4.00, 0.00, 1.92, 0.17, 0.00, 16.00, 0.00,  -23.93, -2.91, 9478.21, 353.47, 445.11, 8.90, 0
3000000, 300.00, -4.00, 0.00, 1.42, 0.07, -0.00, 18.00, 0.00,  -21.70, 0.57, 9548.43, 264.62, 360.73, 7.21, 0
3000000, 300.00, -4.00, 0.00, 1.48, 0.02, -0.00, 20.00, 0.00,  -21.13, 0.10, 9567.11, 243.84, 341.93, 6.84, 0
3000000, 300.00, -4.00, 0.00, 1.56, -0.02, -0.00, 22.00, 0.00,  -21.04, -0.01, 9568.81, 241.20, 339.06, 6.78, 0
3000000, 300.00, -4.00, 0.00, 1.53, 0.00, -0.00, 24.00, 0.00,  -24.08, 0.00, 9464.40, 345.90, 443.92, 8.88, 0
3000000, 300.00, -4.00, 0.00, 1.55, 0.01, -0.00, 26.00, 0.00,  -26.38, 0.01, 9375.25, 434.88, 532.82, 10.66, 0
3000000, 300.00, -4.00, 0.00, 1.55, 0.00, 0.00, 28.00, 0.00,  -28.13, 0.00, 9302.08, 508.02, 605.98, 12.12, 0
3000000, 300.00, -4.00, 0.00, 1.55, 0.00, 0.00, 30.00, 0.00,  -30.02, 0.00, 9218.19, 591.94, 689.88, 13.80, 0
3000000, 300.00, -4.00, 0.00, 1.55, -0.00, 0.00, 32.00, 0.00,  -31.99, -0.00, 9124.32, 685.83, 783.75, 15.68, 0
3000000, 300.00, -4.00, 0.00, 1.55, 0.00, 0.00, 34.00, 0.00,  -34.00, 0.00, 9023.01, 787.17, 885.07, 17.70, 0
3000000, 300.00, -4.00, 0.00, 1.55, 0.00, 0.00, 36.00, 0.00,  -36.01, 0.00, 8915.35, 894.86, 992.74, 19.85, 0
3000000, 300.00, -4.00, 0.00, 1.55, 0.00, -0.00, 38.00, 0.00,  -38.01, 0.00, 8801.74, 1008.49, 1106.35, 22.13, 0
3000000, 300.00, -4.00, 0.00, 1.55, 0.00, -0.00, 40.00, 0.00,  -40.01, 0.00, 8682.31, 1127.95, 1225.79, 24.52, 0
49790, 4.98, -2.00, 0.00, 0.00, 0.00, 0.00, 0.00, 0.00,  0.00, 0.00, 9809.98, 1359.67, 1276.32, 31.91, 0
85392, 8.54, -2.00, 0.00, 0.00, 0.00, 0.00, 2.00, 0.00,  -2.00, 0.00, 9809.99, 562.99, 536.92, 13.42, 0
97269, 9.73, -2.00, 0.00, 0.00, 0.00, 0.00, 4.00, 0.00,  -4.00, 0.00, 9810.00, 145.08, 166.31, 4.16, 0
622957, 62.30, -2.00, 0.00, 0.00, 0.00, 0.00, 6.00, 0.00,  -6.00, 0.00, 9810.64, -12222.24, 13284.96, 332.12, 0
150282, 15.03, -2.00, 0.00, 0.00, 0.00, 0.00, 8.00, 0.00,  -8.00, 0.00, 9812.62, -17648.87, 19162.04, 479.05, 0
3000000, 300.00, -2.00, 0.00, 1.53, 0.00, 0.00, 10.00, 0.00,  -10.02, 0.00, 9600.39, 209.76, 307.72, 7.69, 0
3000000, 300.00, -2.00, 0.00, 1.54, 0.00, -0.00, 12.00, 0.00,  -12.00, 0.00, 9467.08, 343.10, 441.02, 11.03, 1
3000000, 300.00, -2.00, 0.00, 1.54, 0.00, -0.00, 14.00, 0.00,  -14.00, 0.00, 9307.85, 502.38, 600.25, 15.01, 1
3000000, 300.00, -2.00, 0.00, 1.54, -0.00, -0.00, 16.00, 0.00,  -16.00, -0.00, 9124.10, 686.18, 784.00, 19.60, 1
3000000, 300.00, -2.00, 0.00, 1.54, 0.00, -0.00, 18.00, 0.00,  -18.00, 0.00, 8915.85, 894.49, 992.25, 24.81, 1
3000000, 300.00, -2.00, 0.00, 1.54, 0.00, -0.00, 20.00, 0.00,  -20.00, 0.00, 8683.10, 1127.32, 1225.00, 30.63, 1
3000000, 300.00, -2.00, 0.00, 1.54, 0.00, 0.00, 22.00, 0.00,  -22.00, 0.00, 8425.85, 1384.65, 1482.25, 37.06, 1
3000000, 300.00, -2.00, 0.00, 1.54, -0.00, -0.00, 24.00, 0.00,  -24.00, -0.00, 8144.10, 1666.48, 1764.00, 44.10, 1
3000000, 300.00, -2.00, 0.00, 1.54, -0.00, -0.00, 26.00, 0.00,  -26.00, -0.00, 7837.85, 1972.83, 2070.25, 51.76, 1
3000000, 300.00, -2.00, 0.00, 1.54, -0.00, 0.00, 28.00, 0.00,  -28.00, -0.00, 7507.10, 2303.68, 2401.00, 60.02, 1
3000000, 300.00, -2.00, 0.00, 1.54, -0.00, -0.00, 30.00, 0.00,  -30.00, -0.00, 7151.85, 2659.04, 2756.25, 68.91, 1
3000000, 300.00, -2.00, 0.00, 1.54, -0.00, -0.00, 32.00, 0.00,  -32.00, -0.00, 6771.42, 3039.59, 3136.00, 78.40, 1
3000000, 300.00, -2.00, 0.00, 1.55, 0.00, 0.00, 34.00, 0.00,  -34.00, 0.00, 6368.53, 3442.61, 3540.25, 88.51, 1
3000000, 300.00, -2.00, 0.00, 1.55, 0.00, 0.00, 36.00, 0.00,  -36.00, 0.00, 5939.74, 3871.54, 3969.00, 99.22, 1
3000000, 300.00, -2.00, 0.00, 1.55, 0.00, 0.00, 38.00, 0.00,  -38.00, 0.00, 5486.44, 4324.97, 4422.25, 110.56, 1
3000000, 300.00, -2.00, 0.00, 1.55, 0.00, 0.00, 40.00, 0.00,  -40.00, 0.00, 5008.64, 4802.92, 4900.00, 122.50, 1
45011, 4.50, 0.00, 0.00, 0.00, 0.00, 0.00, 0.00, 0.00,  0.00, 0.00, 9809.95, 1744.00, 1681.26, 48.04, 0
131729, 13.17, 0.00, 0.00, 0.00, 0.00, 0.00, 2.00, 0.00,  -2.00, 0.00, 9810.00, 340.36, 341.75, 9.76, 0
1073327, 107.33, 0.00, 0.00, 0.00, 0.00, 0.00, 4.00, 0.00,  -4.00, 0.00, 9810.00, 44.54, 106.13, 3.03, 0
3000000, 300.00, 0.00, 0.00, 1.38, -0.08, 0.00, 6.00, 0.00,  -1.90, -0.80, 9882.16, -73.53, 22.78, 0.65, 0
3000000, 300.00, 0.00, 0.00, 1.53, 0.00, -0.00, 8.00, 0.00,  -8.00, 0.00, 9565.09, 245.11, 343.01, 9.80, 1
3000000, 300.00, 0.00, 0.00, 1.54, -0.00, -0.00, 10.00, 0.00,  -10.00, -0.00, 9372.16, 438.11, 535.94, 15.31, 1
3000000, 300.00, 0.00, 0.00, 1.54, 0.00, 0.00, 12.00, 0.00,  -12.00, 0.00, 9136.35, 674.01, 771.75, 22.05, 1
3000000, 300.00, 0.00, 0.00, 1.54, 0.00, -0.00, 14.00, 0.00,  -14.00, 0.00, 8857.66, 952.81, 1050.44, 30.01, 1
3000000, 300.00, 0.00, 0.00, 1.54, -0.00, -0.00, 16.00, 0.00,  -16.00, -0.00, 8536.10, 1274.50, 1372.00, 39.20, 1
3000000, 300.00, 0.00, 0.00, 1.54, 0.00, 0.00, 18.00, 0.00,  -18.00, 0.00, 8171.66, 1639.09, 1736.44, 49.61, 1
3000000, 300.00, 0.00, 0.00, 1.54, -0.00, -0.00, 20.00, 0.00,  -20.00, -0.00, 7764.35, 2046.57, 2143.75, 61.25, 1
3000000, 300.00, 0.00, 0.00, 1.54, -0.00, -0.00, 22.00, 0.00,  -22.00, -0.00, 7314.16, 2496.94, 2593.94, 74.11, 1
3000000, 300.00, 0.00, 0.00, 1.54, 0.00, 0.00, 24.00, 0.00,  -24.00, 0.00, 6821.93, 2989.37, 3087.00, 88.20, 1
3000000, 300.00, 0.00, 0.00, 1.54, -0.00, -0.00, 26.00, 0.00,  -26.00, -0.00, 6284.46, 3527.06, 3622.93, 103.51, 1
3000000, 300.00, 0.00, 0.00, 1.54, 0.00, 0.00, 28.00, 0.00,  -28.00, 0.00, 5707.06, 4104.70, 4201.75, 120.05, 1
3000000, 300.00, 0.00, 0.00, 1.54, 0.00, 0.00, 30.00, 0.00,  -30.00, 0.00, 5085.30, 4726.71, 4823.43, 137.81, 1
3000000, 300.00, 0.00, 0.00, 1.54, -0.00, -0.00, 32.00, 0.00,  -32.00, -0.00, 4419.64, 5392.64, 5487.99, 156.80, 1
3000000, 300.00, 0.00, 0.00, 1.54, 0.00, 0.00, 34.00, 0.00,  -34.00, 0.00, 3713.15, 6099.42, 6195.43, 177.01, 1
3000000, 300.00, 0.00, 0.00, 1.54, 0.00, 0.00, 36.00, 0.00,  -36.00, 0.00, 2962.76, 6850.12, 6945.74, 198.45, 1
3000000, 300.00, 0.00, 0.00, 1.54, -0.00, 0.00, 38.00, 0.00,  -38.00, -0.00, 2168.98, 7644.21, 7738.93, 221.11, 1
3000000, 300.00, 0.00, 0.00, 1.54, -0.00, 0.00, 40.00, 0.00,  -40.00, -0.00, 1333.03, 8480.51, 8574.99, 245.00, 1
39300, 3.93, 2.00, 0.00, 0.00, 0.00, 0.00, 0.00, 0.00,  0.00, 0.00, 9809.99, 1394.84, 1352.77, 64.42, 0
203208, 20.32, 2.00, 0.00, 0.00, 0.00, 0.00, 2.00, 0.00,  -2.00, 0.00, 9810.00, 260.96, 270.50, 12.88, 0
278743, 27.87, 2.00, 0.00, 0.00, 0.00, 0.00, 4.00, 0.00,  -4.00, 0.00, 9809.90, 3802.25, 3695.13, 175.96, 0
3000000, 300.00, 2.00, 0.00, 1.72, -0.06, 0.00, 6.00, 0.00,  -2.98, 0.46, 9849.76, -40.21, 58.41, 2.78, 0
3000000, 300.00, 2.00, 0.00, 1.51, 0.00, 0.00, 8.00, 0.00,  -8.00, 0.00, 9496.50, 314.11, 411.60, 19.60, 1
3000000, 300.00, 2.00, 0.00, 1.51, -0.00, 0.00, 10.00, 0.00,  -10.00, -0.00, 9264.98, 545.88, 643.12, 30.62, 1
3000000, 300.00, 2.00, 0.00, 1.52, 0.00, -0.00, 12.00, 0.00,  -12.00, 0.00, 8982.00, 829.17, 926.10, 44.10, 1
3000000, 300.00, 2.00, 0.00, 1.52, -0.00, 0.00, 14.00, 0.00,  -14.00, -0.00, 8647.58, 1163.97, 1260.52, 60.02, 1
3000000, 300.00, 2.00, 0.00, 1.52, 0.00, 0.00, 16.00, 0.00,  -16.00, 0.00, 8261.70, 1550.28, 1646.40, 78.40, 1
3000000, 300.00, 2.00, 0.00, 1.52, -0.00, -0.00, 18.00, 0.00,  -18.00, -0.00, 7824.37, 1988.10, 2083.73, 99.23, 1
3000000, 300.00, 2.00, 0.00, 1.52, 0.00, -0.00, 20.00, 0.00,  -20.00, 0.00, 7335.60, 2477.43, 2572.50, 122.50, 1
3000000, 300.00, 2.00, 0.00, 1.52, 0.00, 0.00, 22.00, 0.00,  -22.00, 0.00, 6796.79, 3016.85, 3112.72, 148.22, 1
3000000, 300.00, 2.00, 0.00, 1.52, 0.00, 0.00, 24.00, 0.00,  -24.00, 0.00, 6205.00, 3609.31, 3704.39, 176.40, 1
3000000, 300.00, 2.00, 0.00, 1.52, 0.00, 0.00, 26.00, 0.00,  -26.00, 0.00, 5561.76, 4253.27, 4347.52, 207.02, 1
3000000, 300.00, 2.00, 0.00, 1.52, -0.00, -0.00, 28.00, 0.00,  -28.00, -0.00, 4865.18, 4950.65, 5042.09, 240.10, 1
3000000, 300.00, 2.00, 0.00, 1.52, -0.00, -0.00, 30.00, 0.00,  -30.00, -0.00, 4119.32, 5697.35, 5788.11, 275.62, 1
3000000, 300.00, 2.00, 0.00, 1.52, 0.00, 0.00, 32.00, 0.00,  -32.00, 0.00, 3323.31, 6494.27, 6585.59, 313.60, 1
3000000, 300.00, 2.00, 0.00, 1.52, 0.00, 0.00, 34.00, 0.00,  -34.00, 0.00, 2473.28, 7345.25, 7434.51, 354.02, 1
3000000, 300.00, 2.00, 0.00, 1.52, 0.00, 0.00, 36.00, 0.00,  -36.00, 0.00, 1573.11, 8246.45, 8334.88, 396.90, 1
3000000, 300.00, 2.00, 0.00, 1.52, 0.00, 0.90, 38.00, 0.00,  -37.10, 0.00, 1054.05, 8766.09, 8854.05, 421.62, 1
3000000, 300.00, 2.00, 0.00, 1.52, 0.00, 2.90, 40.00, 0.00,  -37.10, 0.00, 1054.05, 8766.09, 8854.05, 421.62, 1
35517, 3.55, 4.00, 0.00, 0.00, 0.00, 0.00, 0.00, 0.00,  0.00, 0.00, 9810.00, 1381.95, 1350.45, 72.35, 0
312411, 31.24, 4.00, 0.00, 0.00, 0.00, 0.00, 2.00, 0.00,  -2.00, 0.00, 9810.00, 196.22, 214.51, 11.49, 0
204889, 20.49, 4.00, 0.00, 0.00, 0.00, 0.00, 4.00, 0.00,  -4.00, 0.00, 9810.01, -1914.82, 2025.42, 108.50, 0
3000000, 300.00, 4.00, 0.00, 1.49, -0.00, 0.00, 6.00, 0.00,  -6.00, -0.00, 9599.40, 211.25, 308.70, 16.54, 1
3000000, 300.00, 4.00, 0.00, 1.51, 0.00, -0.00, 8.00, 0.00,  -8.00, 0.00, 9359.30, 451.66, 548.80, 29.40, 1
37061, 3.71, 4.00, 0.00, 0.00, 0.00, 0.00, 10.00, 0.00,  -10.00, 0.00, 9809.84, 4129.40, 4045.76, 216.74, 0
38341, 3.83, 4.00, 0.00, 0.00, 0.00, 0.00, 12.00, 0.00,  -12.00, 0.00, 9809.95, 3893.55, 3810.44, 204.13, 0
40276, 4.03, 4.00, 0.00, 0.00, 0.00, 0.00, 14.00, 0.00,  -14.00, 0.00, 9809.95, 3548.15, 3468.98, 185.84, 0
42430, 4.24, 4.00, 0.00, 0.00, 0.00, 0.00, 16.00, 0.00,  -16.00, 0.00, 9809.97, 3189.13, 3114.29, 166.84, 0
44594, 4.46, 4.00, 0.00, 0.00, 0.00, 0.00, 18.00, 0.00,  -18.00, 0.00, 9809.91, 2894.36, 2822.84, 151.22, 0
46776, 4.68, 4.00, 0.00, 0.00, 0.00, 0.00, 20.00, 0.00,  -20.00, 0.00, 9809.93, 2653.30, 2584.29, 138.44, 0
48983, 4.90, 4.00, 0.00, 0.00, 0.00, 0.00, 22.00, 0.00,  -22.00, 0.00, 9809.94, 2456.59, 2389.44, 128.01, 0
51223, 5.12, 4.00, 0.00, 0.00, 0.00, 0.00, 24.00, 0.00,  -24.00, 0.00, 9809.95, 2295.93, 2230.16, 119.47, 0
53503, 5.35, 4.00, 0.00, 0.00, 0.00, 0.00, 26.00, 0.00,  -26.00, 0.00, 9809.98, 2164.79, 2100.01, 112.50, 0
55829, 5.58, 4.00, 0.00, 0.00, 0.00, 0.00, 28.00, 0.00,  -28.00, 0.00, 9809.98, 2057.88, 1993.82, 106.81, 0
58207, 5.82, 4.00, 0.00, 0.00, 0.00, 0.00, 30.00, 0.00,  -30.00, 0.00, 9809.97, 1970.85, 1907.29, 102.18, 0
60645, 6.06, 4.00, 0.00, 0.00, 0.00, 0.00, 32.00, 0.00,  -32.00, 0.00, 9810.03, -1736.60, 1836.24, 98.37, 0
63153, 6.32, 4.00, 0.00, 0.00, 0.00, 0.00, 34.00, 0.00,  -34.00, 0.00, 9810.00, -1669.79, 1768.16, 94.72, 0
65745, 6.57, 4.00, 0.00, 0.00, 0.00, 0.00, 36.00, 0.00,  -36.00, 0.00, 9810.03, -1598.83, 1695.92, 90.85, 0
68444, 6.84, 4.00, 0.00, 0.00, 0.00, 0.00, 38.00, 0.00,  -38.00, 0.00, 9810.01, -1521.33, 1617.05, 86.63, 0
71279, 7.13, 4.00, 0.00, 0.00, 0.00, 0.00, 40.00, 0.00,  -40.00, 0.00, 9810.01, -1434.85, 1529.04, 81.91, 0
30998, 3.10, 6.00, 0.00, 0.00, 0.00, 0.00, 0.00, 0.00,  0.00, 0.00, 9809.98, 1069.38, 1048.32, 80.64, 0
146016, 14.60, 6.00, 0.00, 0.00, 0.00, 0.00, 2.00, 0.00,  -2.00, 0.00, 9810.05, -2017.89, 2152.23, 165.56, 0
167179, 16.72, 6.00, 0.00, 0.00, 0.00, 0.00, 4.00, 0.00,  -4.00, 0.00, 9810.01, -1458.76, 1579.25, 121.48, 0
3000000, 300.00, 6.00, 0.00, 1.47, -0.00, 0.00, 6.00, 0.00,  -6.00, -0.00, 9549.79, 261.67, 358.31, 27.56, 1
3000000, 300.00, 6.00, 0.00, 1.48, -0.00, 0.00, 8.00, 0.00,  -8.00, -0.00, 9271.10, 541.12, 637.00, 49.00, 1
3000000, 300.00, 6.00, 0.00, 1.49, -0.00, -0.00, 10.00, 0.00,  -10.00, -0.00, 8912.79, 900.47, 995.31, 76.56, 1
3000000, 300.00, 6.00, 0.00, 1.49, 0.00, -0.00, 12.00, 0.00,  -12.00, 0.00, 8474.85, 1339.69, 1433.25, 110.25, 1
34671, 3.47, 6.00, 0.00, 0.00, 0.00, 0.00, 14.00, 0.00,  -14.00, 0.00, 9810.07, -3355.03, 3506.87, 269.76, 0
35274, 3.53, 6.00, 0.00, 0.00, 0.00, 0.00, 16.00, 0.00,  -16.00, 0.00, 9810.07, -3217.27, 3368.56, 259.12, 0
36174, 3.62, 6.00, 0.00, 0.00, 0.00, 0.00, 18.00, 0.00,  -18.00, 0.00, 9810.03, -3102.71, 3252.06, 250.16, 0
37363, 3.74, 6.00, 0.00, 0.00, 0.00, 0.00, 20.00, 0.00,  -20.00, 0.00, 9810.05, -2978.55, 3124.15, 240.32, 0
38613, 3.86, 6.00, 0.00, 0.00, 0.00, 0.00, 22.00, 0.00,  -22.00, 0.00, 9810.06, -2855.29, 2997.14, 230.55, 0
39872, 3.99, 6.00, 0.00, 0.00, 0.00, 0.00, 24.00, 0.00,  -24.00, 0.00, 9810.04, -2740.14, 2878.65, 221.43, 0
41139, 4.11, 6.00, 0.00, 0.00, 0.00, 0.00, 26.00, 0.00,  -26.00, 0.00, 9810.06, -2633.33, 2768.90, 212.99, 0
42417, 4.24, 6.00, 0.00, 0.00, 0.00, 0.00, 28.00, 0.00,  -28.00, 0.00, 9810.01, -2532.88, 2665.83, 205.06, 0
43706, 4.37, 6.00, 0.00, 0.00, 0.00, 0.00, 30.00, 0.00,  -30.00, 0.00, 9810.00, -2438.68, 2569.31, 197.64, 0
45007, 4.50, 6.00, 0.00, 0.00, 0.00, 0.00, 32.00, 0.00,  -32.00, 0.00, 9810.04, -2350.37, 2478.94, 190.69, 0
46323, 4.63, 6.00, 0.00, 0.00, 0.00, 0.00, 34.00, 0.00,  -34.00, 0.00, 9810.01, -2266.79, 2393.53, 184.12, 0
47652, 4.77, 6.00, 0.00, 0.00, 0.00, 0.00, 36.00, 0.00,  -36.00, 0.00, 9810.05, -2187.61, 2312.73, 177.90, 0
48997, 4.90, 6.00, 0.00, 0.00, 0.00, 0.00, 38.00, 0.00,  -38.00, 0.00, 9810.03, -2112.44, 2236.12, 172.01, 0
50358, 5.04, 6.00, 0.00, 0.00, 0.00, 0.00, 40.00, 0.00,  -40.00, 0.00, 9810.01, -2040.23, 2162.63, 166.36, 0
27992, 2.80, 8.00, 0.00, 0.00, 0.00, 0.00, 0.00, 0.00,  0.00, 0.00, 9809.99, 946.87, 931.08, 84.64, 0
131011, 13.10, 8.00, 0.00, 0.00, 0.00, 0.00, 2.00, 0.00,  -2.00, 0.00, 9810.01, -1039.18, 1072.01, 97.46, 0
168079, 16.81, 8.00, 0.00, 0.00, 0.00, 0.00, 4.00, 0.00,  -4.00, 0.00, 9810.00, -607.57, 735.06, 66.82, 0
3000000, 300.00, 8.00, 0.00, 1.45, 0.00, 0.00, 6.00, 0.00,  -6.00, 0.00, 9483.64, 328.64, 424.46, 38.59, 1
3000000, 300.00, 8.00, 0.00, 1.47, 0.00, -0.00, 8.00, 0.00,  -8.00, 0.00, 9153.50, 660.07, 754.60, 68.60, 1
3000000, 300.00, 8.00, 0.00, 1.47, 0.00, -0.00, 10.00, 0.00,  -10.00, 0.00, 8729.04, 1086.26, 1179.06, 107.19, 1
3000000, 300.00, 8.00, 0.00, 1.47, -0.00, -0.00, 12.00, 0.00,  -12.00, -0.00, 8210.25, 1607.18, 1697.85, 154.35, 1
3000000, 300.00, 8.00, 0.00, 1.48, -0.00, 0.00, 14.00, 0.00,  -14.00, -0.00, 7597.14, 2222.81, 2310.96, 210.09, 1
3000000, 300.00, 8.00, 0.00, 1.48, -0.00, -0.00, 16.00, 0.00,  -16.00, -0.00, 6887.40, 2935.47, 3018.39, 274.40, 1
32231, 3.22, 8.00, 0.00, 0.00, 0.00, 0.00, 18.00, 0.00,  -18.00, 0.00, 9810.05, -2073.20, 2207.78, 200.71, 0
32767, 3.28, 8.00, 0.00, 0.00, 0.00, 0.00, 20.00, 0.00,  -20.00, 0.00, 9810.01, -1959.19, 2093.05, 190.28, 0
33594, 3.36, 8.00, 0.00, 0.00, 0.00, 0.00, 22.00, 0.00,  -22.00, 0.00, 9810.05, -1894.44, 2026.71, 184.25, 0
34518, 3.45, 8.00, 0.00, 0.00, 0.00, 0.00, 24.00, 0.00,  -24.00, 0.00, 9810.04, -1832.59, 1963.01, 178.46, 0
35458, 3.55, 8.00, 0.00, 0.00, 0.00, 0.00, 26.00, 0.00,  -26.00, 0.00, 9810.01, -1768.20, 1896.88, 172.44, 0
36409, 3.64, 8.00, 0.00, 0.00, 0.00, 0.00, 28.00, 0.00,  -28.00, 0.00, 9810.03, -1704.67, 1831.77, 166.52, 0
37369, 3.74, 8.00, 0.00, 0.00, 0.00, 0.00, 30.00, 0.00,  -30.00, 0.00, 9810.04, -1642.96, 1768.65, 160.79, 0
38341, 3.83, 8.00, 0.00, 0.00, 0.00, 0.00, 32.00, 0.00,  -32.00, 0.00, 9810.01, -1579.93, 1704.33, 154.94, 0
39321, 3.93, 8.00, 0.00, 0.00, 0.00, 0.00, 34.00, 0.00,  -34.00, 0.00, 9810.00, -1520.35, 1643.63, 149.42, 0
40311, 4.03, 8.00, 0.00, 0.00, 0.00, 0.00, 36.00, 0.00,  -36.00, 0.00, 9810.02, -1461.82, 1584.10, 144.01, 0
41311, 4.13, 8.00, 0.00, 0.00, 0.00, 0.00, 38.00, 0.00,  -38.00, 0.00, 9810.02, -1404.31, 1525.73, 138.70, 0
42321, 4.23, 8.00, 0.00, 0.00, 0.00, 0.00, 40.00, 0.00,  -40.00, 0.00, 9810.01, -1348.45, 1469.13, 133.56, 0
26014, 2.60, 10.00, 0.00, 0.00, 0.00, 0.00, 0.00, 0.00,  0.00, 0.00, 9809.99, 808.35, 795.67, 87.33, 0
116987, 11.70, 10.00, 0.00, 0.00, 0.00, 0.00, 2.00, 0.00,  -2.00, 0.00, 9810.00, -452.37, 466.93, 51.25, 0
179350, 17.94, 10.00, 0.00, 0.00, 0.00, 0.00, 4.00, 0.00,  -4.00, 0.00, 9810.00, -98.84, 231.92, 25.45, 0
3000000, 300.00, 10.00, 0.00, 1.43, -0.00, 0.00, 6.00, 0.00,  -6.00, -0.00, 9456.08, 357.39, 452.02, 49.61, 1
3000000, 300.00, 10.00, 0.00, 1.45, -0.00, 0.00, 8.00, 0.00,  -8.00, -0.00, 9104.50, 710.99, 803.60, 88.20, 1
3000000, 300.00, 10.00, 0.00, 1.45, -0.00, 0.00, 10.00, 0.00,  -10.00, -0.00, 8652.48, 1165.70, 1255.62, 137.81, 1
3000000, 300.00, 10.00, 0.00, 1.46, 0.00, -0.00, 12.00, 0.00,  -12.00, 0.00, 8100.00, 1721.48, 1808.10, 198.45, 1
3000000, 300.00, 10.00, 0.00, 1.46, 0.00, 0.00, 14.00, 0.00,  -14.00, 0.00, 7447.08, 2378.31, 2461.02, 270.11, 1
3000000, 300.00, 10.00, 0.00, 1.46, -0.00, -0.00, 16.00, 0.00,  -16.00, -0.00, 6691.12, 3138.81, 3214.39, 352.80, 1
3000000, 300.00, 10.00, 0.00, 1.46, -0.00, -0.00, 18.00, 0.00,  -18.00, -0.00, 5837.80, 3997.24, 4068.20, 446.51, 1
3000000, 300.00, 10.00, 0.00, 1.46, 0.00, 0.00, 20.00, 0.00,  -20.00, 0.00, 4884.08, 4956.69, 5022.47, 551.25, 1
3000000, 300.00, 10.00, 0.00, 1.46, -0.00, -0.00, 22.00, 0.00,  -22.00, -0.00, 3829.96, 6017.14, 6077.19, 667.01, 1
3000000, 300.00, 10.00, 0.00, 1.46, -0.00, 0.00, 24.00, 0.00,  -24.00, -0.00, 2675.44, 7178.58, 7232.35, 793.79, 1
3000000, 300.00, 10.00, 0.00, 1.46, 0.00, 1.12, 26.00, 0.00,  -24.88, 0.00, 2133.32, 7723.96, 7774.78, 853.33, 1
3000000, 300.00, 10.00, 0.00, 1.46, 0.00, 3.12, 28.00, 0.00,  -24.88, 0.00, 2133.32, 7723.96, 7774.78, 853.33, 1
33711, 3.37, 10.00, 0.00, 0.00, 0.00, 0.00, 30.00, 0.00,  -30.00, 0.00, 9810.00, -551.50, 683.75, 75.05, 0
33968, 3.40, 10.00, 0.00, 0.00, 0.00, 0.00, 32.00, 0.00,  -32.00, 0.00, 9810.01, -516.69, 650.17, 71.36, 0
34258, 3.43, 10.00, 0.00, 0.00, 0.00, 0.00, 34.00, 0.00,  -34.00, 0.00, 9810.00, -490.17, 624.68, 68.56, 0
34603, 3.46, 10.00, 0.00, 0.00, 0.00, 0.00, 36.00, 0.00,  -36.00, 0.00, 9810.00, -471.98, 607.15, 66.64, 0
35013, 3.50, 10.00, 0.00, 0.00, 0.00, 0.00, 38.00, 0.00,  -38.00, 0.00, 9810.00, -459.32, 594.81, 65.28, 0
35481, 3.55, 10.00, 0.00, 0.00, 0.00, 0.00, 40.00, 0.00,  -40.00, 0.00, 9810.00, -449.98, 585.52, 64.26, 0
25051, 2.51, 12.00, 0.00, 0.00, 0.00, 0.00, 0.00, 0.00,  0.00, 0.00, 9809.99, 804.30, 792.79, 88.09, 0
124894, 12.49, 12.00, 0.00, 0.00, 0.00, 0.00, 2.00, 0.00,  -2.00, 0.00, 9810.00, -268.03, 315.34, 35.04, 0
3000000, 300.00, 12.00, 0.00, 1.37, 0.00, 0.00, 4.00, 0.00,  -4.00, 0.00, 9687.60, 124.83, 220.50, 24.50, 1
3000000, 300.00, 12.00, 0.00, 1.43, -0.00, 0.00, 6.00, 0.00,  -6.00, -0.00, 9411.98, 401.82, 496.12, 55.12, 1
3000000, 300.00, 12.00, 0.00, 1.45, -0.00, 0.00, 8.00, 0.00,  -8.00, -0.00, 9026.10, 790.00, 882.00, 98.00, 1
3000000, 300.00, 12.00, 0.00, 1.45, 0.00, -0.00, 10.00, 0.00,  -10.00, 0.00, 8529.97, 1289.15, 1378.13, 153.13, 1
3000000, 300.00, 12.00, 0.00, 1.45, -0.00, 0.00, 12.00, 0.00,  -12.00, -0.00, 7923.60, 1899.24, 1984.50, 220.50, 1
3000000, 300.00, 12.00, 0.00, 1.46, -0.00, -0.00, 14.00, 0.00,  -14.00, -0.00, 7206.97, 2620.27, 2701.13, 300.13, 1
3000000, 300.00, 12.00, 0.00, 1.46, -0.00, 0.00, 16.00, 0.00,  -16.00, -0.00, 6377.68, 3454.66, 3527.98, 392.00, 1
3000000, 300.00, 12.00, 0.00, 1.46, 0.00, 0.00, 18.00, 0.00,  -18.00, 0.00, 5446.00, 4392.07, 4465.10, 496.12, 1
3000000, 300.00, 12.00, 0.00, 1.46, 0.00, 0.00, 20.00, 0.00,  -20.00, 0.00, 4398.28, 5446.24, 5512.47, 612.50, 1
3000000, 300.00, 12.00, 0.00, 1.46, 0.00, 0.00, 22.00, 0.00,  -22.00, 0.00, 3237.40, 6614.26, 6670.08, 741.12, 1
3000000, 300.00, 12.00, 0.00, 1.46, 0.00, 0.28, 24.00, 0.00,  -23.72, 0.00, 2153.93, 7704.39, 7754.17, 861.57, 1
3000000, 300.00, 12.00, 0.00, 1.46, 0.00, 2.28, 26.00, 0.00,  -23.72, 0.00, 2153.93, 7704.39, 7754.17, 861.57, 1
32238, 3.22, 12.00, 0.00, 0.00, 0.00, 0.00, 28.00, 0.00,  -28.00, 0.00, 9810.00, -331.11, 471.74, 52.42, 0
32528, 3.25, 12.00, 0.00, 0.00, 0.00, 0.00, 30.00, 0.00,  -30.00, 0.00, 9810.00, -294.14, 438.11, 48.68, 0
32885, 3.29, 12.00, 0.00, 0.00, 0.00, 0.00, 32.00, 0.00,  -32.00, 0.00, 9810.00, -271.60, 417.83, 46.43, 0
33335, 3.33, 12.00, 0.00, 0.00, 0.00, 0.00, 34.00, 0.00,  -34.00, 0.00, 9810.00, -260.39, 407.58, 45.29, 0
33847, 3.38, 12.00, 0.00, 0.00, 0.00, 0.00, 36.00, 0.00,  -36.00, 0.00, 9810.00, -251.95, 399.68, 44.41, 0
34368, 3.44, 12.00, 0.00, 0.00, 0.00, 0.00, 38.00, 0.00,  -38.00, 0.00, 9810.00, -244.07, 392.34, 43.59, 0
34904, 3.49, 12.00, 0.00, 0.00, 0.00, 0.00, 40.00, 0.00,  -40.00, 0.00, 9810.00, -234.77, 383.82, 42.65, 0
23051, 2.31, 14.00, 0.00, 0.00, 0.00, 0.00, 0.00, 0.00,  0.00, 0.00, 9810.00, 702.52, 693.47, 90.15, 0
126466, 12.65, 14.00, 0.00, 0.00, 0.00, 0.00, 2.00, 0.00,  -2.00, 0.00, 9810.00, -93.77, 141.87, 18.44, 0
3000000, 300.00, 14.00, 0.00, 1.36, -0.00, 0.00, 4.00, 0.00,  -4.00, -0.00, 9663.10, 150.31, 245.00, 31.85, 1
3000000, 300.00, 14.00, 0.00, 1.41, 0.00, 0.00, 6.00, 0.00,  -6.00, 0.00, 9356.85, 458.78, 551.25, 71.66, 1
3000000, 300.00, 14.00, 0.00, 1.43, -0.00, -0.00, 8.00, 0.00,  -8.00, -0.00, 8928.10, 891.05, 980.00, 127.40, 1
3000000, 300.00, 14.00, 0.00, 1.43, 0.00, 0.00, 10.00, 0.00,  -10.00, 0.00, 8376.85, 1446.91, 1531.25, 199.06, 1
3000000, 300.00, 14.00, 0.00, 1.44, -0.00, -0.00, 12.00, 0.00,  -12.00, -0.00, 7703.10, 2126.31, 2205.00, 286.65, 1
3000000, 300.00, 14.00, 0.00, 1.44, 0.00, 0.00, 14.00, 0.00,  -14.00, 0.00, 6911.03, 2925.03, 3001.23, 390.16, 1
3000000, 300.00, 14.00, 0.00, 1.44, 0.00, 0.00, 16.00, 0.00,  -16.00, 0.00, 5991.93, 3851.86, 3919.98, 509.60, 1
3000000, 300.00, 14.00, 0.00, 1.44, 0.00, 0.00, 18.00, 0.00,  -18.00, 0.00, 4950.31, 4902.25, 4961.22, 644.96, 1
3000000, 300.00, 14.00, 0.00, 1.44, -0.00, -0.00, 20.00, 0.00,  -20.00, -0.00, 3782.22, 6080.16, 6124.95, 796.24, 1
3000000, 300.00, 14.00, 0.00, 1.44, -0.00, 0.00, 22.00, 0.00,  -22.00, -0.00, 2496.87, 7376.32, 7411.19, 963.45, 1
3000000, 300.00, 14.00, 0.00, 1.44, 0.00, 1.90, 24.00, 0.00,  -22.10, 0.00, 2430.29, 7443.46, 7477.81, 972.12, 1
3000000, 300.00, 14.00, 0.00, 1.44, 0.00, 3.90, 26.00, 0.00,  -22.10, 0.00, 2430.29, 7443.46, 7477.81, 972.12, 1
3000000, 300.00, 14.00, 0.00, 1.44, 0.00, 5.90, 28.00, 0.00,  -22.10, 0.00, 2430.29, 7443.46, 7477.81, 972.12, 1
3000000, 300.00, 14.00, 0.00, 1.44, 0.00, 7.90, 30.00, 0.00,  -22.10, 0.00, 2430.29, 7443.46, 7477.81, 972.12, 1
3000000, 300.00, 14.00, 0.00, 1.44, 0.00, 9.90, 32.00, 0.00,  -22.10, 0.00, 2430.29, 7443.46, 7477.81, 972.12, 1
3000000, 300.00, 14.00, 0.00, 1.44, 0.00, 11.90, 34.00, 0.00,  -22.10, 0.00, 2430.29, 7443.46, 7477.81, 972.12, 1
3000000, 300.00, 14.00, 0.00, 1.44, 0.00, 13.90, 36.00, 0.00,  -22.10, 0.00, 2430.29, 7443.46, 7477.81, 972.12, 1
3000000, 300.00, 14.00, 0.00, 1.44, 0.00, 15.90, 38.00, 0.00,  -22.10, 0.00, 2430.29, 7443.46, 7477.81, 972.12, 1
3000000, 300.00, 14.00, 0.00, 1.44, 0.00, 17.90, 40.00, 0.00,  -22.10, 0.00, 2430.29, 7443.46, 7477.81, 972.12, 1
20394, 2.04, 16.00, 0.00, 0.00, 0.00, 0.00, 0.00, 0.00,  0.00, 0.00, 9810.00, 669.39, 662.73, 91.76, 0
163383, 16.34, 16.00, 0.00, 0.00, 0.00, 0.00, 2.00, 0.00,  -2.00, 0.00, 9810.00, -38.83, 105.11, 14.55, 0
3000000, 300.00, 16.00, 0.00, 1.37, -0.00, -0.00, 4.00, 0.00,  -4.00, -0.00, 9589.60, 224.77, 318.50, 44.10, 1
3000000, 300.00, 16.00, 0.00, 1.41, 0.00, -0.00, 6.00, 0.00,  -6.00, 0.00, 9191.47, 626.43, 716.63, 99.23, 1
3000000, 300.00, 16.00, 0.00, 1.42, -0.00, 0.00, 8.00, 0.00,  -8.00, -0.00, 8634.10, 1189.06, 1274.00, 176.40, 1
3000000, 300.00, 16.00, 0.00, 1.43, -0.00, -0.00, 10.00, 0.00,  -10.00, -0.00, 7917.47, 1912.49, 1990.63, 275.63, 1
3000000, 300.00, 16.00, 0.00, 1.43, 0.00, -0.00, 12.00, 0.00,  -12.00, 0.00, 7041.60, 2796.71, 2866.50, 396.90, 1
3000000, 300.00, 16.00, 0.00, 1.43, -0.00, -0.00, 14.00, 0.00,  -14.00, -0.00, 6003.92, 3844.28, 3901.59, 540.22, 1
3000000, 300.00, 16.00, 0.00, 1.43, -0.00, -0.00, 16.00, 0.00,  -16.00, -0.00, 4810.46, 5049.12, 5095.95, 705.59, 1
3000000, 300.00, 16.00, 0.00, 1.43, -0.00, -0.00, 18.00, 0.00,  -18.00, -0.00, 3457.86, 6414.62, 6449.56, 893.02, 1
3000000, 300.00, 16.00, 0.00, 1.43, 0.00, 0.77, 20.00, 0.00,  -19.23, 0.00, 2547.80, 7333.36, 7360.30, 1019.12, 1
3000000, 300.00, 16.00, 0.00, 1.43, 0.00, 2.77, 22.00, 0.00,  -19.23, 0.00, 2547.80, 7333.36, 7360.30, 1019.12, 1
3000000, 300.00, 16.00, 0.00, 1.43, 0.00, 4.77, 24.00, 0.00,  -19.23, 0.00, 2547.80, 7333.36, 7360.30, 1019.12, 1
3000000, 300.00, 16.00, 0.00, 1.43, 0.00, 6.77, 26.00, 0.00,  -19.23, 0.00, 2547.80, 7333.36, 7360.30, 1019.12, 1
3000000, 300.00, 16.00, 0.00, 1.43, 0.00, 8.77, 28.00, 0.00,  -19.23, 0.00, 2547.80, 7333.36, 7360.30, 1019.12, 1
3000000, 300.00, 16.00, 0.00, 1.43, 0.00, 10.77, 30.00, 0.00,  -19.23, 0.00, 2547.80, 7333.36, 7360.30, 1019.12, 1
3000000, 300.00, 16.00, 0.00, 1.43, 0.00, 12.77, 32.00, 0.00,  -19.23, 0.00, 2547.80, 7333.36, 7360.30, 1019.12, 1
3000000, 300.00, 16.00, 0.00, 1.43, 0.00, 14.77, 34.00, 0.00,  -19.23, 0.00, 2547.80, 7333.36, 7360.30, 1019.12, 1
3000000, 300.00, 16.00, 0.00, 1.43, 0.00, 16.77, 36.00, 0.00,  -19.23, 0.00, 2547.80, 7333.36, 7360.30, 1019.12, 1
3000000, 300.00, 16.00, 0.00, 1.43, 0.00, 18.77, 38.00, 0.00,  -19.23, 0.00, 2547.80, 7333.36, 7360.30, 1019.12, 1
3000000, 300.00, 16.00, 0.00, 1.43, 0.00, 20.77, 40.00, 0.00,  -19.23, 0.00, 2547.80, 7333.36, 7360.30, 1019.12, 1
19732, 1.97, 18.00, 0.00, 0.00, 0.00, 0.00, 0.00, 0.00,  0.00, 0.00, 9810.00, 667.01, 660.85, 92.05, 0
179265, 17.93, 18.00, 0.00, 0.00, 0.00, 0.00, 2.00, 0.00,  -2.00, 0.00, 9810.00, -26.00, 100.90, 14.05, 0
3000000, 300.00, 18.00, 0.00, 1.38, -0.00, -0.00, 4.00, 0.00,  -4.00, -0.00, 9565.10, 249.52, 343.00, 47.78, 1
3000000, 300.00, 18.00, 0.00, 1.41, -0.00, -0.00, 6.00, 0.00,  -6.00, -0.00, 9136.35, 682.17, 771.75, 107.49, 1
3000000, 300.00, 18.00, 0.00, 1.42, 0.00, 0.00, 8.00, 0.00,  -8.00, 0.00, 8536.10, 1288.15, 1372.00, 191.10, 1
3000000, 300.00, 18.00, 0.00, 1.43, 0.00, -0.00, 10.00, 0.00,  -10.00, 0.00, 7764.35, 2067.33, 2143.75, 298.59, 1
3000000, 300.00, 18.00, 0.00, 1.43, 0.00, 0.00, 12.00, 0.00,  -12.00, 0.00, 6825.57, 3015.15, 3086.98, 429.97, 1
3000000, 300.00, 18.00, 0.00, 1.43, -0.00, 0.00, 14.00, 0.00,  -14.00, -0.00, 5704.02, 4147.53, 4201.71, 585.24, 1
3000000, 300.00, 18.00, 0.00, 1.43, 0.00, 0.00, 16.00, 0.00,  -16.00, 0.00, 4423.67, 5440.23, 5487.95, 764.39, 1
3000000, 300.00, 18.00, 0.00, 1.43, -0.00, 0.00, 18.00, 0.00,  -18.00, -0.00, 2962.12, 6915.88, 6945.68, 967.43, 1
3000000, 300.00, 18.00, 0.00, 1.43, 0.00, 1.48, 20.00, 0.00,  -18.52, 0.00, 2559.05, 7322.85, 7349.05, 1023.62, 1
3000000, 300.00, 18.00, 0.00, 1.43, 0.00, 3.48, 22.00, 0.00,  -18.52, 0.00, 2559.05, 7322.85, 7349.05, 1023.62, 1
3000000, 300.00, 18.00, 0.00, 1.43, 0.00, 5.48, 24.00, 0.00,  -18.52, 0.00, 2559.05, 7322.85, 7349.05, 1023.62, 1
3000000, 300.00, 18.00, 0.00, 1.43, 0.00, 7.48, 26.00, 0.00,  -18.52, 0.00, 2559.05, 7322.85, 7349.05, 1023.62, 1
3000000, 300.00, 18.00, 0.00, 1.43, 0.00, 9.48, 28.00, 0.00,  -18.52, 0.00, 2559.05, 7322.85, 7349.05, 1023.62, 1
3000000, 300.00, 18.00, 0.00, 1.43, 0.00, 11.48, 30.00, 0.00,  -18.52, 0.00, 2559.05, 7322.85, 7349.05, 1023.62, 1
3000000, 300.00, 18.00, 0.00, 1.43, 0.00, 13.48, 32.00, 0.00,  -18.52, 0.00, 2559.05, 7322.85, 7349.05, 1023.62, 1
3000000, 300.00, 18.00, 0.00, 1.43, 0.00, 15.48, 34.00, 0.00,  -18.52, 0.00, 2559.05, 7322.85, 7349.05, 1023.62, 1
3000000, 300.00, 18.00, 0.00, 1.43, 0.00, 17.48, 36.00, 0.00,  -18.52, 0.00, 2559.05, 7322.85, 7349.05, 1023.62, 1
3000000, 300.00, 18.00, 0.00, 1.43, 0.00, 19.48, 38.00, 0.00,  -18.52, 0.00, 2559.05, 7322.85, 7349.05, 1023.62, 1
3000000, 300.00, 18.00, 0.00, 1.43, 0.00, 21.48, 40.00, 0.00,  -18.52, 0.00, 2559.05, 7322.85, 7349.05, 1023.62, 1
20394, 2.04, 19.00, 0.00, 0.00, 0.00, 0.00, 0.00, 0.00,  0.00, 0.00, 9810.00, 669.39, 662.73, 91.76, 0
163383, 16.34, 19.00, 0.00, 0.00, 0.00, 0.00, 2.00, 0.00,  -2.00, 0.00, 9810.00, -38.83, 105.11, 14.55, 0
3000000, 300.00, 19.00, 0.00, 1.37, -0.00, -0.00, 4.00, 0.00,  -4.00, -0.00, 9589.60, 224.77, 318.50, 44.10, 1
3000000, 300.00, 19.00, 0.00, 1.41, 0.00, -0.00, 6.00, 0.00,  -6.00, 0.00, 9191.47, 626.43, 716.63, 99.23, 1
3000000, 300.00, 19.00, 0.00, 1.42, -0.00, 0.00, 8.00, 0.00,  -8.00, -0.00, 8634.10, 1189.06, 1274.00, 176.40, 1
3000000, 300.00, 19.00, 0.00, 1.43, -0.00, -0.00, 10.00, 0.00,  -10.00, -0.00, 7917.47, 1912.49, 1990.63, 275.63, 1
3000000, 300.00, 19.00, 0.00, 1.43, 0.00, -0.00, 12.00, 0.00,  -12.00, 0.00, 7041.60, 2796.71, 2866.50, 396.90, 1
3000000, 300.00, 19.00, 0.00, 1.43, -0.00, -0.00, 14.00, 0.00,  -14.00, -0.00, 6003.92, 3844.28, 3901.59, 540.22, 1
3000000, 300.00, 19.00, 0.00, 1.43, -0.00, -0.00, 16.00, 0.00,  -16.00, -0.00, 4810.46, 5049.12, 5095.95, 705.59, 1
3000000, 300.00, 19.00, 0.00, 1.43, -0.00, -0.00, 18.00, 0.00,  -18.00, -0.00, 3457.86, 6414.62, 6449.56, 893.02, 1
3000000, 300.00, 19.00, 0.00, 1.43, 0.00, 0.77, 20.00, 0.00,  -19.23, 0.00, 2547.80, 7333.36, 7360.30, 1019.12, 1
3000000, 300.00, 19.00, 0.00, 1.43, 0.00, 2.77, 22.00, 0.00,  -19.23, 0.00, 2547.80, 7333.36, 7360.30, 1019.12, 1
3000000, 300.00, 19.00, 0.00, 1.43, 0.00, 4.77, 24.00, 0.00,  -19.23, 0.00, 2547.80, 7333.36, 7360.30, 1019.12, 1
3000000, 300.00, 19.00, 0.00, 1.43, 0.00, 6.77, 26.00, 0.00,  -19.23, 0.00, 2547.80, 7333.36, 7360.30, 1019.12, 1
3000000, 300.00, 19.00, 0.00, 1.43, 0.00, 8.77, 28.00, 0.00,  -19.23, 0.00, 2547.80, 7333.36, 7360.30, 1019.12, 1
3000000, 300.00, 19.00, 0.00, 1.43, 0.00, 10.77, 30.00, 0.00,  -19.23, 0.00, 2547.80, 7333.36, 7360.30, 1019.12, 1
3000000, 300.00, 19.00, 0.00, 1.43, 0.00, 12.77, 32.00, 0.00,  -19.23, 0.00, 2547.80, 7333.36, 7360.30, 1019.12, 1
3000000, 300.00, 19.00, 0.00, 1.43, 0.00, 14.77, 34.00, 0.00,  -19.23, 0.00, 2547.80, 7333.36, 7360.30, 1019.12, 1
3000000, 300.00, 19.00, 0.00, 1.43, 0.00, 16.77, 36.00, 0.00,  -19.23, 0.00, 2547.80, 7333.36, 7360.30, 1019.12, 1
3000000, 300.00, 19.00, 0.00, 1.43, 0.00, 18.77, 38.00, 0.00,  -19.23, 0.00, 2547.80, 7333.36, 7360.30, 1019.12, 1
3000000, 300.00, 19.00, 0.00, 1.43, 0.00, 20.77, 40.00, 0.00,  -19.23, 0.00, 2547.80, 7333.36, 7360.30, 1019.12, 1
19851, 1.99, 20.00, 0.00, 0.00, 0.00, 0.00, 0.00, 0.00,  0.00, 0.00, 9810.00, 493.79, 487.99, 93.16, 0
186607, 18.66, 20.00, 0.00, 0.00, 0.00, 0.00, 2.00, 0.00,  -2.00, 0.00, 9810.00, -50.82, 109.31, 20.87, 0
3000000, 300.00, 20.00, 0.00, 1.28, -0.00, -0.00, 4.00, 0.00,  -4.00, -0.00, 9638.60, 178.96, 269.50, 51.45, 1
3000000, 300.00, 20.00, 0.00, 1.35, 0.00, 0.00, 6.00, 0.00,  -6.00, 0.00, 9301.73, 521.29, 606.37, 115.76, 1
3000000, 300.00, 20.00, 0.00, 1.36, -0.00, -0.00, 8.00, 0.00,  -8.00, -0.00, 8830.10, 1001.28, 1078.00, 205.80, 1
3000000, 300.00, 20.00, 0.00, 1.37, -0.00, -0.00, 10.00, 0.00,  -10.00, -0.00, 8223.72, 1618.54, 1684.38, 321.56, 1
3000000, 300.00, 20.00, 0.00, 1.37, -0.00, -0.00, 12.00, 0.00,  -12.00, -0.00, 7482.60, 2373.02, 2425.50, 463.05, 1
3000000, 300.00, 20.00, 0.00, 1.38, -0.00, -0.00, 14.00, 0.00,  -14.00, -0.00, 6602.95, 3268.54, 3301.35, 630.26, 1
3000000, 300.00, 20.00, 0.00, 1.38, 0.00, 0.00, 16.00, 0.00,  -16.00, 0.00, 5601.90, 4287.64, 4311.96, 823.19, 1
3000000, 300.00, 20.00, 0.00, 1.38, 0.00, 0.00, 18.00, 0.00,  -18.00, 0.00, 4449.41, 5460.95, 5457.31, 1041.85, 1
3000000, 300.00, 20.00, 0.00, 1.38, 0.00, 0.05, 20.00, 0.00,  -19.95, 0.00, 3201.08, 6731.82, 6707.02, 1280.43, 1
3000000, 300.00, 20.00, 0.00, 1.38, 0.00, 2.05, 22.00, 0.00,  -19.95, 0.00, 3201.08, 6731.82, 6707.02, 1280.43, 1
3000000, 300.00, 20.00, 0.00, 1.38, 0.00, 4.05, 24.00, 0.00,  -19.95, 0.00, 3201.08, 6731.82, 6707.02, 1280.43, 1
3000000, 300.00, 20.00, 0.00, 1.38, 0.00, 6.05, 26.00, 0.00,  -19.95, 0.00, 3201.08, 6731.82, 6707.02, 1280.43, 1
3000000, 300.00, 20.00, 0.00, 1.38, 0.00, 8.05, 28.00, 0.00,  -19.95, 0.00, 3201.08, 6731.82, 6707.02, 1280.43, 1
3000000, 300.00, 20.00, 0.00, 1.38, 0.00, 10.05, 30.00, 0.00,  -19.95, 0.00, 3201.08, 6731.82, 6707.02, 1280.43, 1
3000000, 300.00, 20.00, 0.00, 1.38, 0.00, 12.05, 32.00, 0.00,  -19.95, 0.00, 3201.08, 6731.82, 6707.02, 1280.43, 1
3000000, 300.00, 20.00, 0.00, 1.38, 0.00, 14.05, 34.00, 0.00,  -19.95, 0.00, 3201.08, 6731.82, 6707.02, 1280.43, 1
3000000, 300.00, 20.00, 0.00, 1.38, 0.00, 16.05, 36.00, 0.00,  -19.95, 0.00, 3201.08, 6731.82, 6707.02, 1280.43, 1
3000000, 300.00, 20.00, 0.00, 1.38, 0.00, 18.05, 38.00, 0.00,  -19.95, 0.00, 3201.08, 6731.82, 6707.02, 1280.43, 1
3000000, 300.00, 20.00, 0.00, 1.38, 0.00, 20.05, 40.00, 0.00,  -19.95, 0.00, 3201.08, 6731.82, 6707.02, 1280.43, 1
