Iter,TotTime,m_block,Alpha,mu,Theta0,Theta_fin,V_theta_fin,V_block_finx,V_block_finy,Wind_x,Wind_y,Windz,Vkitex,Vkitey,Vkitez,Vrelx,Vrely,Vrelz,F_vinc,Tension,Lift,Liftx,Lifty,Liftz,Drag,Dragx,Dragy,Dragz
42318, 4.23, 40.00, -8.00, 0.00, 0.79, 1.57, 0.00, 0.00, 0.00, 1.00,  0.00, 0.00, 0.00, 0.00, 0.00, -1.00, 0.00, 0.00, 476.22, -83.82, -88.07, -87.84, -0.00, 6.36, 2.94, 0.21, -0.00, 2.93
62472, 6.25, 40.00, -8.00, 0.00, 0.79, 1.57, 0.00, 0.00, 0.00, 3.00,  0.00, 0.00, 0.00, 0.00, 0.00, -3.00, 0.00, 0.00, 411.17, -18.77, -22.04, -19.86, -0.00, 9.54, 0.73, 0.32, -0.00, 0.66
814666, 81.47, 40.00, -8.00, 0.00, 0.79, 1.57, 0.00, 0.00, 0.00, 5.00,  0.00, 0.00, 0.00, 0.00, 0.00, -5.00, 0.00, 0.00, 392.02, 0.38, -11.48, -0.00, -0.00, 11.48, 0.38, 0.38, -0.00, 0.00
621512, 62.15, 40.00, -8.00, 0.00, 0.79, 1.57, 0.00, 0.00, 0.00, 7.00,  0.00, 0.00, 0.00, 0.00, 0.00, -7.00, 0.00, 0.00, 391.65, 0.75, -22.51, -0.00, -0.00, -22.51, 0.75, 0.75, -0.00, -0.00
497492, 49.75, 40.00, -8.00, 0.00, 0.79, 1.57, 0.00, 0.00, 0.00, 9.00,  0.00, 0.00, 0.00, 0.00, 0.00, -9.00, 0.00, 0.00, 391.17, 1.23, -37.21, -0.01, -0.00, -37.21, 1.24, 1.24, -0.00, -0.00
416256, 41.63, 40.00, -8.00, 0.00, 0.79, 1.57, 0.00, 0.00, 0.00, 11.00,  0.00, 0.00, 0.00, 0.00, 0.00, -11.00, 0.00, 0.00, 390.55, 1.85, -55.58, -0.00, -0.00, -55.58, 1.85, 1.85, -0.00, -0.00
358685, 35.87, 40.00, -8.00, 0.00, 0.79, 1.57, 0.00, 0.00, 0.00, 13.00,  0.00, 0.00, 0.00, 0.00, 0.00, -13.00, 0.00, 0.00, 389.81, 2.59, -77.63, -0.00, -0.00, -77.63, 2.59, 2.59, -0.00, -0.00
315633, 31.56, 40.00, -8.00, 0.00, 0.79, 1.57, 0.00, 0.00, 0.00, 15.00,  0.00, 0.00, 0.00, 0.00, 0.00, -15.00, 0.00, 0.00, 388.97, 3.43, -103.36, -0.01, -0.00, -103.36, 3.45, 3.45, -0.00, -0.00
282207, 28.22, 40.00, -8.00, 0.00, 0.79, 1.57, 0.00, 0.00, 0.00, 17.00,  0.00, 0.00, 0.00, 0.00, 0.00, -17.00, 0.00, 0.00, 387.98, 4.42, -132.76, -0.01, -0.00, -132.76, 4.43, 4.43, -0.00, -0.00
255371, 25.54, 40.00, -8.00, 0.00, 0.79, 1.57, 0.00, 0.00, 0.00, 19.00,  0.00, 0.00, 0.00, 0.00, 0.00, -19.00, 0.00, 0.00, 386.87, 5.53, -165.83, -0.00, -0.00, -165.83, 5.53, 5.53, -0.00, -0.00
233464, 23.35, 40.00, -8.00, 0.00, 0.79, 1.57, 0.00, 0.00, 0.00, 21.00,  0.00, 0.00, 0.00, 0.00, 0.00, -21.00, 0.00, 0.00, 385.66, 6.74, -202.58, -0.01, -0.00, -202.58, 6.75, 6.75, -0.00, -0.00
215123, 21.51, 40.00, -8.00, 0.00, 0.79, 1.57, 0.00, 0.00, 0.00, 23.00,  0.00, 0.00, 0.00, 0.00, 0.00, -23.00, 0.00, 0.00, 384.31, 8.09, -243.01, -0.01, -0.00, -243.01, 8.10, 8.10, -0.00, -0.00
199707, 19.97, 40.00, -8.00, 0.00, 0.79, 1.57, 0.00, 0.00, 0.00, 25.00,  0.00, 0.00, 0.00, 0.00, 0.00, -25.00, 0.00, 0.00, 382.86, 9.54, -287.11, -0.03, -0.00, -287.11, 9.57, 9.57, -0.00, -0.00
186141, 18.61, 40.00, -8.00, 0.00, 0.79, 1.57, 0.00, 0.00, 0.00, 27.00,  0.00, 0.00, 0.00, 0.00, 0.00, -27.00, 0.00, 0.00, 381.25, 11.15, -334.88, -0.02, -0.00, -334.88, 11.16, 11.16, -0.00, -0.00
174697, 17.47, 40.00, -8.00, 0.00, 0.79, 1.57, 0.00, 0.00, 0.00, 29.00,  0.00, 0.00, 0.00, 0.00, 0.00, -29.00, 0.00, 0.00, 379.54, 12.86, -386.33, -0.01, -0.00, -386.33, 12.88, 12.88, -0.00, -0.00
159341, 15.93, 40.00, -8.00, 0.00, 0.79, 1.57, 0.00, 0.00, 0.00, 31.00,  0.00, 0.00, 0.00, 0.00, 0.00, -31.00, 0.00, 0.00, 377.71, 14.69, -441.46, -0.03, -0.00, -441.46, 14.72, 14.72, -0.00, -0.00
156771, 15.68, 40.00, -8.00, 0.00, 0.79, 1.57, 0.00, 0.00, 0.00, 33.00,  0.00, 0.00, 0.00, 0.00, 0.00, -33.00, 0.00, 0.00, 375.74, 16.66, -500.26, -0.01, -0.00, -500.26, 16.68, 16.68, -0.00, -0.00
147123, 14.71, 40.00, -8.00, 0.00, 0.79, 1.57, 0.00, 0.00, 0.00, 35.00,  0.00, 0.00, 0.00, 0.00, 0.00, -35.00, 0.00, 0.00, 373.66, 18.74, -562.73, -0.02, -0.00, -562.73, 18.76, 18.76, -0.00, -0.00
139929, 13.99, 40.00, -8.00, 0.00, 0.79, 1.57, 0.00, 0.00, 0.00, 37.00,  0.00, 0.00, 0.00, 0.00, 0.00, -37.00, 0.00, 0.00, 371.47, 20.93, -628.88, -0.03, -0.00, -628.88, 20.96, 20.96, -0.00, -0.00
133225, 13.32, 40.00, -8.00, 0.00, 0.79, 1.57, 0.00, 0.00, 0.00, 39.00,  0.00, 0.00, 0.00, 0.00, 0.00, -39.00, 0.00, 0.00, 369.15, 23.25, -698.71, -0.04, -0.00, -698.71, 23.29, 23.29, -0.00, -0.00
37030, 3.70, 40.00, -6.00, 0.00, 0.79, 1.57, 0.00, 0.00, 0.00, 1.00,  0.00, 0.00, 0.00, 0.00, 0.00, -1.00, 0.00, 0.00, 435.62, -43.22, -50.10, -50.02, -0.00, 2.77, 5.01, 0.28, -0.00, 5.00
40976, 4.10, 40.00, -6.00, 0.00, 0.79, 1.57, 0.00, 0.00, 0.00, 3.00,  0.00, 0.00, 0.00, 0.00, 0.00, -3.00, 0.00, 0.00, 418.43, -26.03, -31.29, -30.60, -0.00, 6.57, 3.13, 0.66, -0.00, 3.06
45710, 4.57, 40.00, -6.00, 0.00, 0.79, 1.57, 0.00, 0.00, 0.00, 5.00,  0.00, 0.00, 0.00, 0.00, 0.00, -5.00, 0.00, 0.00, 407.45, -15.05, -20.06, -18.05, -0.00, 8.76, 2.01, 0.88, -0.00, 1.80
55445, 5.54, 40.00, -6.00, 0.00, 0.79, 1.57, 0.00, 0.00, 0.00, 7.00,  0.00, 0.00, 0.00, 0.00, 0.00, -7.00, 0.00, 0.00, 399.33, -6.93, -13.19, -8.66, -0.00, 9.95, 1.32, 0.99, -0.00, 0.87
492342, 49.23, 40.00, -6.00, 0.00, 0.79, 1.57, 0.00, 0.00, 0.00, 9.00,  0.00, 0.00, 0.00, 0.00, 0.00, -9.00, 0.00, 0.00, 391.16, 1.24, -12.40, -0.00, -0.00, 12.40, 1.24, 1.24, -0.00, 0.00
417330, 41.73, 40.00, -6.00, 0.00, 0.79, 1.57, 0.00, 0.00, 0.00, 11.00,  0.00, 0.00, 0.00, 0.00, 0.00, -11.00, 0.00, 0.00, 390.55, 1.85, -18.53, -0.00, -0.00, -18.53, 1.85, 1.85, -0.00, -0.00
359734, 35.97, 40.00, -6.00, 0.00, 0.79, 1.57, 0.00, 0.00, 0.00, 13.00,  0.00, 0.00, 0.00, 0.00, 0.00, -13.00, 0.00, 0.00, 389.82, 2.58, -25.88, -0.01, -0.00, 25.88, 2.59, 2.59, -0.00, 0.00
316675, 31.67, 40.00, -6.00, 0.00, 0.79, 1.57, 0.00, 0.00, 0.00, 15.00,  0.00, 0.00, 0.00, 0.00, 0.00, -15.00, 0.00, 0.00, 388.96, 3.44, -34.45, -0.01, -0.00, 34.45, 3.45, 3.45, -0.00, 0.00
283166, 28.32, 40.00, -6.00, 0.00, 0.79, 1.57, 0.00, 0.00, 0.00, 17.00,  0.00, 0.00, 0.00, 0.00, 0.00, -17.00, 0.00, 0.00, 387.97, 4.43, -44.25, -0.00, -0.00, -44.25, 4.43, 4.43, -0.00, -0.00
256331, 25.63, 40.00, -6.00, 0.00, 0.79, 1.57, 0.00, 0.00, 0.00, 19.00,  0.00, 0.00, 0.00, 0.00, 0.00, -19.00, 0.00, 0.00, 386.87, 5.53, -55.28, -0.00, -0.00, -55.28, 5.53, 5.53, -0.00, -0.00
234313, 23.43, 40.00, -6.00, 0.00, 0.79, 1.57, 0.00, 0.00, 0.00, 21.00,  0.00, 0.00, 0.00, 0.00, 0.00, -21.00, 0.00, 0.00, 385.65, 6.75, -67.53, -0.00, -0.00, -67.53, 6.75, 6.75, -0.00, -0.00
215955, 21.60, 40.00, -6.00, 0.00, 0.79, 1.57, 0.00, 0.00, 0.00, 23.00,  0.00, 0.00, 0.00, 0.00, 0.00, -23.00, 0.00, 0.00, 384.30, 8.10, -81.00, -0.00, -0.00, -81.00, 8.10, 8.10, -0.00, -0.00
200402, 20.04, 40.00, -6.00, 0.00, 0.79, 1.57, 0.00, 0.00, 0.00, 25.00,  0.00, 0.00, 0.00, 0.00, 0.00, -25.00, 0.00, 0.00, 382.83, 9.57, -95.70, -0.00, -0.00, -95.70, 9.57, 9.57, -0.00, -0.00
186996, 18.70, 40.00, -6.00, 0.00, 0.79, 1.57, 0.00, 0.00, 0.00, 27.00,  0.00, 0.00, 0.00, 0.00, 0.00, -27.00, 0.00, 0.00, 381.25, 11.15, -111.63, -0.01, -0.00, -111.63, 11.16, 11.16, -0.00, -0.00
175323, 17.53, 40.00, -6.00, 0.00, 0.79, 1.57, 0.00, 0.00, 0.00, 29.00,  0.00, 0.00, 0.00, 0.00, 0.00, -29.00, 0.00, 0.00, 379.53, 12.87, -128.78, -0.01, -0.00, -128.78, 12.88, 12.88, -0.00, -0.00
163592, 16.36, 40.00, -6.00, 0.00, 0.79, 1.57, 0.00, 0.00, 0.00, 31.00,  0.00, 0.00, 0.00, 0.00, 0.00, -31.00, 0.00, 0.00, 377.69, 14.71, -147.15, -0.00, -0.00, -147.15, 14.72, 14.72, -0.00, -0.00
154244, 15.42, 40.00, -6.00, 0.00, 0.79, 1.57, 0.00, 0.00, 0.00, 33.00,  0.00, 0.00, 0.00, 0.00, 0.00, -33.00, 0.00, 0.00, 375.72, 16.68, -166.75, -0.00, -0.00, -166.75, 16.68, 16.68, -0.00, -0.00
147903, 14.79, 40.00, -6.00, 0.00, 0.79, 1.57, 0.00, 0.00, 0.00, 35.00,  0.00, 0.00, 0.00, 0.00, 0.00, -35.00, 0.00, 0.00, 373.74, 18.66, -187.58, -0.10, -0.00, 187.58, 18.76, 18.76, -0.00, 0.01
140820, 14.08, 40.00, -6.00, 0.00, 0.79, 1.57, 0.00, 0.00, 0.00, 37.00,  0.00, 0.00, 0.00, 0.00, 0.00, -37.00, 0.00, 0.00, 371.44, 20.96, -209.63, -0.00, -0.00, -209.63, 20.96, 20.96, -0.00, -0.00
134180, 13.42, 40.00, -6.00, 0.00, 0.79, 1.57, 0.00, 0.00, 0.00, 39.00,  0.00, 0.00, 0.00, 0.00, 0.00, -39.00, 0.00, 0.00, 369.11, 23.29, -232.90, -0.00, -0.00, -232.90, 23.29, 23.29, -0.00, -0.00
30762, 3.08, 40.00, -4.00, 0.00, 0.79, 1.57, 0.00, 0.00, 0.00, 1.00,  0.00, 0.00, 0.00, 0.00, 0.00, -1.00, 0.00, 0.00, 252.90, 139.50, 123.40, 123.32, 0.00, -4.34, 2.47, 0.09, -0.00, 2.47
28346, 2.83, 40.00, -4.00, 0.00, 0.79, 1.57, 0.00, 0.00, 0.00, 3.00,  0.00, 0.00, 0.00, 0.00, 0.00, -3.00, 0.00, 0.00, 175.59, 216.81, 193.49, 192.89, 0.00, -15.23, 3.87, 0.30, -0.00, 3.86
28148, 2.81, 40.00, -4.00, 0.00, 0.79, 1.57, 0.00, 0.00, 0.00, 5.00,  0.00, 0.00, 0.00, 0.00, 0.00, -5.00, 0.00, 0.00, 84.73, 307.67, 276.56, 275.13, 0.00, -28.03, 5.53, 0.56, -0.00, 5.50
35054, 3.51, 40.00, -4.00, 0.00, 0.79, 1.57, 0.00, 0.00, 0.00, 7.00,  0.00, 0.00, 0.00, 0.00, 0.00, -7.00, 0.00, 0.00, -7.06, 399.46, 360.86, 358.21, 0.00, -43.65, 7.22, 0.87, -0.00, 7.16
310046, 31.00, 40.00, -4.00, 0.00, 0.79, 1.57, 0.00, 0.00, 0.00, 9.00,  0.00, 0.00, 0.00, 0.00, 0.00, -9.00, 0.00, 0.00, -295.55, 687.95, 621.98, 619.51, 4.04, -55.21, 12.44, 1.10, -0.06, 12.39
496954, 49.70, 40.00, -4.00, 0.00, 0.79, 1.57, 0.00, 0.00, 0.00, 11.00,  0.00, 0.00, 0.00, 0.00, 0.00, -11.00, 0.00, 0.00, 191.81, 200.59, 179.25, 34.00, 175.67, -10.66, 3.58, 0.78, 0.06, 3.50
508381, 50.84, 40.00, -4.00, 0.00, 0.79, 1.57, 0.00, 0.00, 0.00, 13.00,  0.00, 0.00, 0.00, 0.00, 0.00, -13.00, 0.00, 0.00, 72.20, 320.20, 297.92, 58.53, -290.94, 26.13, 5.96, 3.43, 1.12, 4.74
517570, 51.76, 40.00, -4.00, 0.00, 0.79, 1.57, 0.00, 0.00, 0.00, 15.00,  0.00, 0.00, 0.00, 0.00, 0.00, -15.00, 0.00, 0.00, 318.33, 74.07, 65.72, -4.28, -65.12, 7.78, 1.31, 0.64, 0.10, 1.15
281158, 28.12, 40.00, -4.00, 0.00, 0.79, 1.57, 0.00, 0.00, 0.00, 17.00,  0.00, 0.00, 0.00, 0.00, 0.00, -17.00, 0.00, 0.00, 345.08, 47.32, 38.24, 1.98, -38.14, 1.90, 0.76, 0.31, 0.05, 0.70
435743, 43.57, 40.00, -4.00, 0.00, 0.79, 1.57, 0.00, 0.00, 0.00, 19.00,  0.00, 0.00, 0.00, 0.00, 0.00, -19.00, 0.00, 0.00, 262.74, 129.66, 121.19, 8.83, 119.71, 16.72, 2.42, 1.43, -0.37, 1.92
429030, 42.90, 40.00, -4.00, 0.00, 0.79, 1.57, 0.00, 0.00, 0.00, 21.00,  0.00, 0.00, 0.00, 0.00, 0.00, -21.00, 0.00, 0.00, -5.40, 397.80, 369.20, 58.63, -364.50, -3.23, 7.38, 4.00, 0.59, 6.18
432954, 43.30, 40.00, -4.00, 0.00, 0.79, 1.57, 0.00, 0.00, 0.00, 23.00,  0.00, 0.00, 0.00, 0.00, 0.00, -23.00, 0.00, 0.00, 73.82, 318.58, 295.20, 40.38, -292.01, -15.60, 5.90, 3.14, 0.17, 5.00
367276, 36.73, 40.00, -4.00, 0.00, 0.79, 1.57, 0.00, 0.00, 0.00, 25.00,  0.00, 0.00, 0.00, 0.00, 0.00, -25.00, 0.00, 0.00, 281.29, 111.11, 102.07, 12.70, 100.75, 10.34, 2.04, 1.29, -0.32, 1.55
493273, 49.33, 40.00, -4.00, 0.00, 0.79, 1.57, 0.00, 0.00, 0.00, 27.00,  0.00, 0.00, 0.00, 0.00, 0.00, -27.00, 0.00, 0.00, 100.72, 291.68, 273.14, 23.70, 271.96, -9.01, 5.46, 3.39, -0.15, 4.28
365442, 36.54, 40.00, -4.00, 0.00, 0.79, 1.57, 0.00, 0.00, 0.00, 29.00,  0.00, 0.00, 0.00, 0.00, 0.00, -29.00, 0.00, 0.00, 194.36, 198.04, 183.90, 26.80, -181.37, -14.35, 3.68, 2.29, 0.11, 2.87
357760, 35.78, 40.00, -4.00, 0.00, 0.79, 1.57, 0.00, 0.00, 0.00, 31.00,  0.00, 0.00, 0.00, 0.00, 0.00, -31.00, 0.00, 0.00, 95.71, 296.69, 283.30, 33.27, 281.04, 12.99, 5.67, 4.02, -0.66, 3.94
459639, 45.96, 40.00, -4.00, 0.00, 0.79, 1.57, 0.00, 0.00, 0.00, 33.00,  0.00, 0.00, 0.00, 0.00, 0.00, -33.00, 0.00, 0.00, 168.12, 224.28, 211.06, 31.62, 208.49, -8.90, 4.22, 2.94, -0.32, 3.02
436932, 43.69, 40.00, -4.00, 0.00, 0.79, 1.57, 0.00, 0.00, 0.00, 35.00,  0.00, 0.00, 0.00, 0.00, 0.00, -35.00, 0.00, 0.00, 75.98, 316.42, 301.72, 53.69, 296.70, -10.90, 6.03, 4.33, -0.63, 4.15
466807, 46.68, 40.00, -4.00, 0.00, 0.79, 1.57, 0.00, 0.00, 0.00, 37.00,  0.00, 0.00, 0.00, 0.00, 0.00, -37.00, 0.00, 0.00, 152.87, 239.53, 227.37, 39.43, -223.86, -5.67, 4.55, 3.37, 0.52, 3.01
32188, 3.22, 40.00, -4.00, 0.00, 0.79, 1.57, 0.00, 0.00, 0.00, 39.00,  0.00, 0.00, 0.00, 0.00, 0.00, -39.00, 0.00, 0.00, -7587.50, 7979.90, 7251.77, 7191.89, 689.82, -623.74, 145.04, 13.44, -9.85, 144.08
31720, 3.17, 40.00, -2.00, 0.00, 0.79, 1.57, 0.00, 0.00, 0.00, 1.00,  0.00, 0.00, 0.00, 0.00, 0.00, -1.00, 0.00, 0.00, 267.99, 124.41, 120.59, 120.00, 0.00, 12.00, 3.01, -0.30, -0.00, 3.00
30074, 3.01, 40.00, -2.00, 0.00, 0.79, 1.57, 0.00, 0.00, 0.00, 3.00,  0.00, 0.00, 0.00, 0.00, 0.00, -3.00, 0.00, 0.00, 322.79, 69.61, 67.15, 65.67, 0.00, 13.99, 1.68, -0.35, -0.00, 1.64
253559, 25.36, 40.00, -2.00, 0.00, 0.79, 1.57, 0.00, 0.00, 0.00, 5.00,  0.00, 0.00, 0.00, 0.00, 0.00, -5.00, 0.00, 0.00, 241.69, 150.71, 145.80, 145.63, -0.00, -6.88, 3.64, 0.17, 0.00, 3.64
297587, 29.76, 40.00, -2.00, 0.00, 0.79, 1.57, 0.00, 0.00, 0.00, 7.00,  0.00, 0.00, 0.00, 0.00, 0.00, -7.00, 0.00, 0.00, 259.28, 133.12, 128.83, 44.89, 120.17, 11.84, 3.22, 0.31, -0.43, 3.18
471838, 47.18, 40.00, -2.00, 0.00, 0.79, 1.57, 0.00, 0.00, 0.00, 9.00,  0.00, 0.00, 0.00, 0.00, 0.00, -9.00, 0.00, 0.00, 164.92, 227.48, 221.63, 67.00, -211.26, 1.05, 5.54, 0.88, 0.31, 5.46
424618, 42.46, 40.00, -2.00, 0.00, 0.79, 1.57, 0.00, 0.00, 0.00, 11.00,  0.00, 0.00, 0.00, 0.00, 0.00, -11.00, 0.00, 0.00, 152.35, 240.05, 234.00, 72.95, 222.34, 0.63, 5.85, 1.17, -0.40, 5.72
376818, 37.68, 40.00, -2.00, 0.00, 0.79, 1.57, 0.00, 0.00, 0.00, 13.00,  0.00, 0.00, 0.00, 0.00, 0.00, -13.00, 0.00, 0.00, 169.59, 222.81, 216.84, 68.55, -205.69, 3.64, 5.42, 1.34, 0.54, 5.22
403634, 40.36, 40.00, -2.00, 0.00, 0.79, 1.57, 0.00, 0.00, 0.00, 15.00,  0.00, 0.00, 0.00, 0.00, 0.00, -15.00, 0.00, 0.00, 156.03, 236.37, 230.20, 86.03, 213.51, 2.67, 5.76, 1.63, -0.72, 5.47
416724, 41.67, 40.00, -2.00, 0.00, 0.79, 1.57, 0.00, 0.00, 0.00, 17.00,  0.00, 0.00, 0.00, 0.00, 0.00, -17.00, 0.00, 0.00, 135.25, 257.15, 250.83, 107.01, 226.85, 1.25, 6.27, 1.98, -0.97, 5.87
90657, 9.07, 40.00, -2.00, 0.00, 0.79, 1.57, 0.00, 0.00, 0.00, 19.00,  0.00, 0.00, 0.00, 0.00, 0.00, -19.00, 0.00, 0.00, 57.63, 334.77, 328.44, 328.34, -7.98, -2.42, 8.21, 0.06, -0.02, 8.21
92520, 9.25, 40.00, -2.00, 0.00, 0.79, 1.57, 0.00, 0.00, 0.00, 21.00,  0.00, 0.00, 0.00, 0.00, 0.00, -21.00, 0.00, 0.00, 55.87, 336.53, 330.39, 330.27, 7.16, 4.79, 8.26, -0.12, 0.01, 8.26
95221, 9.52, 40.00, -2.00, 0.00, 0.79, 1.57, 0.00, 0.00, 0.00, 23.00,  0.00, 0.00, 0.00, 0.00, 0.00, -23.00, 0.00, 0.00, 83.95, 308.45, 302.97, 302.35, 14.25, 13.03, 7.57, -0.33, 0.00, 7.57
98978, 9.90, 40.00, -2.00, 0.00, 0.79, 1.57, 0.00, 0.00, 0.00, 25.00,  0.00, 0.00, 0.00, 0.00, 0.00, -25.00, 0.00, 0.00, 150.02, 242.38, 238.05, 237.09, 9.27, 19.17, 5.95, -0.48, -0.01, 5.93
103934, 10.39, 40.00, -2.00, 0.00, 0.79, 1.57, 0.00, 0.00, 0.00, 27.00,  0.00, 0.00, 0.00, 0.00, 0.00, -27.00, 0.00, 0.00, 239.42, 152.98, 149.74, 148.28, 8.93, 18.91, 3.74, -0.47, -0.02, 3.71
110966, 11.10, 40.00, -2.00, 0.00, 0.79, 1.57, 0.00, 0.00, 0.00, 29.00,  0.00, 0.00, 0.00, 0.00, 0.00, -29.00, 0.00, 0.00, 308.07, 84.33, 81.12, 80.08, -4.87, 11.98, 2.03, -0.30, 0.02, 2.01
120395, 12.04, 40.00, -2.00, 0.00, 0.79, 1.57, 0.00, 0.00, 0.00, 31.00,  0.00, 0.00, 0.00, 0.00, 0.00, -31.00, 0.00, 0.00, 320.00, 72.40, 68.30, 67.78, 7.26, 4.20, 1.71, -0.10, -0.01, 1.70
131180, 13.12, 40.00, -2.00, 0.00, 0.79, 1.57, 0.00, 0.00, 0.00, 33.00,  0.00, 0.00, 0.00, 0.00, 0.00, -33.00, 0.00, 0.00, 278.60, 113.80, 109.09, 107.92, -15.75, -2.67, 2.73, 0.07, 0.01, 2.73
140664, 14.07, 40.00, -2.00, 0.00, 0.79, 1.57, 0.00, 0.00, 0.00, 35.00,  0.00, 0.00, 0.00, 0.00, 0.00, -35.00, 0.00, 0.00, 209.22, 183.18, 177.52, 164.32, -66.63, -8.57, 4.44, 0.24, 0.03, 4.43
146035, 14.60, 40.00, -2.00, 0.00, 0.79, 1.57, 0.00, 0.00, 0.00, 37.00,  0.00, 0.00, 0.00, 0.00, 0.00, -37.00, 0.00, 0.00, 157.07, 235.33, 227.53, 132.46, 184.98, -2.89, 5.69, 0.65, -0.38, 5.64
170955, 17.10, 40.00, -2.00, 0.00, 0.79, 1.57, 0.00, 0.00, 0.00, 39.00,  0.00, 0.00, 0.00, 0.00, 0.00, -39.00, 0.00, 0.00, 324.56, 67.84, 55.84, 45.64, 28.18, -15.52, 1.40, 0.43, 0.04, 1.33
39110, 3.91, 40.00, 0.00, 0.00, 0.79, 1.57, 0.00, 0.00, 0.00, 1.00,  0.00, 0.00, 0.00, 0.00, 0.00, -1.00, 0.00, 0.00, 205.17, 187.23, 184.67, 184.64, 0.00, 3.48, 5.28, -0.10, -0.00, 5.28
51613, 5.16, 40.00, 0.00, 0.00, 0.79, 1.57, 0.00, 0.00, 0.00, 3.00,  0.00, 0.00, 0.00, 0.00, 0.00, -3.00, 0.00, 0.00, 155.69, 236.71, 234.49, 234.45, 0.00, 4.20, 6.70, -0.12, -0.00, 6.70
598599, 59.86, 40.00, 0.00, 0.00, 0.79, 1.57, 0.00, 0.00, 0.00, 5.00,  0.00, 0.00, 0.00, 0.00, 0.00, -5.00, 0.00, 0.00, 227.72, 164.68, 161.67, 63.99, 148.43, 3.42, 4.62, 0.18, -0.18, 4.61
385934, 38.59, 40.00, 0.00, 0.00, 0.79, 1.57, 0.00, 0.00, 0.00, 7.00,  0.00, 0.00, 0.00, 0.00, 0.00, -7.00, 0.00, 0.00, 217.45, 174.95, 171.76, 64.60, -159.08, 4.36, 4.91, 0.30, 0.26, 4.89
503146, 50.31, 40.00, 0.00, 0.00, 0.79, 1.57, 0.00, 0.00, 0.00, 9.00,  0.00, 0.00, 0.00, 0.00, 0.00, -9.00, 0.00, 0.00, 188.51, 203.89, 200.50, 93.48, 177.36, 2.73, 5.73, 0.49, -0.35, 5.70
495849, 49.58, 40.00, 0.00, 0.00, 0.79, 1.57, 0.00, 0.00, 0.00, 11.00,  0.00, 0.00, 0.00, 0.00, 0.00, -11.00, 0.00, 0.00, 168.66, 223.74, 220.19, 118.15, 185.78, 3.11, 6.29, 0.69, -0.54, 6.23
533815, 53.38, 40.00, 0.00, 0.00, 0.79, 1.57, 0.00, 0.00, 0.00, 13.00,  0.00, 0.00, 0.00, 0.00, 0.00, -13.00, 0.00, 0.00, 156.23, 236.17, 232.38, 143.04, -183.12, 2.41, 6.64, 0.86, 0.76, 6.54
497581, 49.76, 40.00, 0.00, 0.00, 0.79, 1.57, 0.00, 0.00, 0.00, 15.00,  0.00, 0.00, 0.00, 0.00, 0.00, -15.00, 0.00, 0.00, 134.17, 258.23, 254.35, 179.68, -180.02, 1.65, 7.27, 1.04, 1.10, 7.11
450301, 45.03, 40.00, 0.00, 0.00, 0.79, 1.57, 0.00, 0.00, 0.00, 17.00,  0.00, 0.00, 0.00, 0.00, 0.00, -17.00, 0.00, 0.00, 121.90, 270.50, 266.60, 217.33, -154.41, 1.30, 7.62, 1.02, 1.50, 7.40
537393, 53.74, 40.00, 0.00, 0.00, 0.79, 1.57, 0.00, 0.00, 0.00, 19.00,  0.00, 0.00, 0.00, 0.00, 0.00, -19.00, 0.00, 0.00, 123.99, 268.41, 264.66, 246.88, -95.35, 1.52, 7.56, 0.65, 1.80, 7.32
457552, 45.76, 40.00, 0.00, 0.00, 0.79, 1.57, 0.00, 0.00, 0.00, 21.00,  0.00, 0.00, 0.00, 0.00, 0.00, -21.00, 0.00, 0.00, 128.78, 263.62, 260.08, 258.35, -29.89, 1.89, 7.43, 0.18, 1.99, 7.16
491834, 49.18, 40.00, 0.00, 0.00, 0.79, 1.57, 0.00, 0.00, 0.00, 23.00,  0.00, 0.00, 0.00, 0.00, 0.00, -23.00, 0.00, 0.00, 98.78, 293.62, 290.06, 289.50, -18.07, 0.81, 8.29, 0.15, 2.69, 7.84
539491, 53.95, 40.00, 0.00, 0.00, 0.79, 1.57, 0.00, 0.00, 0.00, 25.00,  0.00, 0.00, 0.00, 0.00, 0.00, -25.00, 0.00, 0.00, 66.90, 325.50, 322.03, 322.01, -3.99, -0.07, 9.20, 0.04, 3.46, 8.53
528971, 52.90, 40.00, 0.00, 0.00, 0.79, 1.57, 0.00, 0.00, 0.00, 27.00,  0.00, 0.00, 0.00, 0.00, 0.00, -27.00, 0.00, 0.00, 35.49, 356.91, 353.62, 353.18, 17.48, -1.15, 10.10, -0.18, 4.27, 9.16
477084, 47.71, 40.00, 0.00, 0.00, 0.79, 1.57, 0.00, 0.00, 0.00, 29.00,  0.00, 0.00, 0.00, 0.00, 0.00, -29.00, 0.00, 0.00, 6.68, 385.72, 382.66, 379.68, 47.66, -2.20, 10.93, -0.58, 5.06, 9.68
455355, 45.54, 40.00, 0.00, 0.00, 0.79, 1.57, 0.00, 0.00, 0.00, 31.00,  0.00, 0.00, 0.00, 0.00, 0.00, -31.00, 0.00, 0.00, -19.92, 412.32, 409.57, 399.93, -88.29, -3.03, 11.70, -1.20, -5.78, 10.10
464804, 46.48, 40.00, 0.00, 0.00, 0.79, 1.57, 0.00, 0.00, 0.00, 33.00,  0.00, 0.00, 0.00, 0.00, 0.00, -33.00, 0.00, 0.00, -42.26, 434.66, 432.27, 408.40, 141.62, -3.55, 12.35, -2.10, 6.31, 10.41
456515, 45.65, 40.00, 0.00, 0.00, 0.79, 1.57, 0.00, 0.00, 0.00, 35.00,  0.00, 0.00, 0.00, 0.00, 0.00, -35.00, 0.00, 0.00, -59.16, 451.56, 449.55, 398.31, -208.40, -3.95, 12.84, -3.29, -6.49, 10.58
479428, 47.94, 40.00, 0.00, 0.00, 0.79, 1.57, 0.00, 0.00, 0.00, 37.00,  0.00, 0.00, 0.00, 0.00, 0.00, -37.00, 0.00, 0.00, -65.74, 458.14, 456.51, 354.68, -287.38, -3.89, 13.04, -4.75, -6.01, 10.56
560930, 56.09, 40.00, 0.00, 0.00, 0.79, 1.57, 0.00, 0.00, 0.00, 39.00,  0.00, 0.00, 0.00, 0.00, 0.00, -39.00, 0.00, 0.00, -53.23, 445.63, 444.32, 252.27, -365.74, -3.31, 12.69, -6.16, -4.34, 10.22
42371, 4.24, 40.00, 2.00, 0.00, 0.79, 1.57, 0.00, 0.00, 0.00, 1.00,  0.00, 0.00, 0.00, 0.00, 0.00, -1.00, 0.00, 0.00, 242.19, 150.21, 148.13, 148.07, 0.00, 4.03, 6.58, -0.18, -0.00, 6.58
228409, 22.84, 40.00, 2.00, 0.00, 0.79, 1.57, 0.00, 0.00, 0.00, 3.00,  0.00, 0.00, 0.00, 0.00, 0.00, -3.00, 0.00, 0.00, 231.76, 160.64, 158.61, 158.58, 0.00, 3.18, 7.05, -0.14, -0.00, 7.05
639826, 63.98, 40.00, 2.00, 0.00, 0.79, 1.57, 0.00, 0.00, 0.00, 5.00,  0.00, 0.00, 0.00, 0.00, 0.00, -5.00, 0.00, 0.00, 220.57, 171.83, 169.51, 78.72, 150.11, 2.13, 7.53, 0.18, -0.20, 7.53
2000000, 200.00, 40.00, 2.00, 0.00, 0.79, 0.05, 0.00, 0.00, 0.00, 7.00,  0.00, 0.00, 0.00, 0.00, -0.00, -7.00, 0.00, -0.00, 389.40, 57.80, 67.53, -0.00, 0.00, 67.53, 3.00, 3.00, -0.00, 0.00
695453, 69.55, 40.00, 2.00, 0.00, 0.79, 1.57, 0.00, 0.00, 0.00, 9.00,  0.00, 0.00, 0.00, 0.00, 0.00, -9.00, 0.00, 0.00, 195.83, 196.57, 193.85, 116.70, -154.78, 0.82, 8.62, 0.48, 0.41, 8.59
508815, 50.88, 40.00, 2.00, 0.00, 0.79, 1.57, 0.00, 0.00, 0.00, 11.00,  0.00, 0.00, 0.00, 0.00, 0.00, -11.00, 0.00, 0.00, 177.39, 215.01, 212.13, 145.25, -154.60, -0.04, 9.43, 0.67, 0.63, 9.38
510696, 51.07, 40.00, 2.00, 0.00, 0.79, 1.57, 0.00, 0.00, 0.00, 13.00,  0.00, 0.00, 0.00, 0.00, 0.00, -13.00, 0.00, 0.00, 162.50, 229.90, 226.89, 175.83, -143.39, -0.57, 10.08, 0.80, 0.94, 10.01
553064, 55.31, 40.00, 2.00, 0.00, 0.79, 1.57, 0.00, 0.00, 0.00, 15.00,  0.00, 0.00, 0.00, 0.00, 0.00, -15.00, 0.00, 0.00, 152.56, 239.84, 236.79, 207.26, -114.50, -0.94, 10.52, 0.77, 1.31, 10.41
729624, 72.96, 40.00, 2.00, 0.00, 0.79, 1.57, 0.00, 0.00, 0.00, 17.00,  0.00, 0.00, 0.00, 0.00, 0.00, -17.00, 0.00, 0.00, 155.07, 237.33, 234.37, 225.27, 64.69, -0.67, 10.42, 0.47, -1.53, 10.29
586897, 58.69, 40.00, 2.00, 0.00, 0.79, 1.57, 0.00, 0.00, 0.00, 19.00,  0.00, 0.00, 0.00, 0.00, 0.00, -19.00, 0.00, 0.00, 158.70, 233.70, 230.89, 230.55, 12.46, -0.31, 10.26, 0.11, -1.71, 10.12
762215, 76.22, 40.00, 2.00, 0.00, 0.79, 1.57, 0.00, 0.00, 0.00, 21.00,  0.00, 0.00, 0.00, 0.00, 0.00, -21.00, 0.00, 0.00, 131.19, 261.21, 258.28, 258.25, 3.20, -1.53, 11.48, 0.04, 2.46, 11.21
737446, 73.74, 40.00, 2.00, 0.00, 0.79, 1.57, 0.00, 0.00, 0.00, 23.00,  0.00, 0.00, 0.00, 0.00, 0.00, -23.00, 0.00, 0.00, 102.26, 290.14, 287.13, 286.35, 21.02, -2.82, 12.76, -0.12, 3.33, 12.32
746476, 74.65, 40.00, 2.00, 0.00, 0.79, 1.57, 0.00, 0.00, 0.00, 25.00,  0.00, 0.00, 0.00, 0.00, 0.00, -25.00, 0.00, 0.00, 72.69, 319.71, 316.70, 313.50, 44.74, -4.08, 14.08, -0.44, 4.29, 13.40
654874, 65.49, 40.00, 2.00, 0.00, 0.79, 1.57, 0.00, 0.00, 0.00, 27.00,  0.00, 0.00, 0.00, 0.00, 0.00, -27.00, 0.00, 0.00, 43.69, 348.71, 345.78, 337.27, -76.04, -5.33, 15.37, -0.96, -5.28, 14.40
746289, 74.63, 40.00, 2.00, 0.00, 0.79, 1.57, 0.00, 0.00, 0.00, 29.00,  0.00, 0.00, 0.00, 0.00, 0.00, -29.00, 0.00, 0.00, 16.83, 375.57, 372.79, 354.23, -115.97, -6.46, 16.57, -1.75, -6.20, 15.27
639364, 63.94, 40.00, 2.00, 0.00, 0.79, 1.57, 0.00, 0.00, 0.00, 31.00,  0.00, 0.00, 0.00, 0.00, 0.00, -31.00, 0.00, 0.00, -5.79, 398.19, 395.60, 359.19, -165.63, -7.35, 17.58, -2.85, -6.89, 15.93
694928, 69.49, 40.00, 2.00, 0.00, 0.79, 1.57, 0.00, 0.00, 0.00, 33.00,  0.00, 0.00, 0.00, 0.00, 0.00, -33.00, 0.00, 0.00, -21.90, 414.30, 411.96, 345.27, -224.59, -7.92, 18.31, -4.25, -7.11, 16.33
597306, 59.73, 40.00, 2.00, 0.00, 0.79, 1.57, 0.00, 0.00, 0.00, 35.00,  0.00, 0.00, 0.00, 0.00, 0.00, -35.00, 0.00, 0.00, -27.00, 419.40, 417.32, 301.06, -288.88, -7.96, 18.55, -5.84, -6.54, 16.35
496231, 49.62, 40.00, 2.00, 0.00, 0.79, 1.57, 0.00, 0.00, 0.00, 37.00,  0.00, 0.00, 0.00, 0.00, 0.00, -37.00, 0.00, 0.00, -12.81, 405.21, 403.38, 210.01, -344.32, -7.14, 17.93, -7.15, -4.69, 15.76
605084, 60.51, 40.00, 2.00, 0.00, 0.79, 1.57, 0.00, 0.00, 0.00, 39.00,  0.00, 0.00, 0.00, 0.00, 0.00, -39.00, 0.00, 0.00, 41.31, 351.09, 349.48, 53.61, -345.31, -4.53, 15.53, -6.83, -1.24, 13.89
45836, 4.58, 40.00, 4.00, 0.00, 0.79, 1.57, 0.00, 0.00, 0.00, 1.00,  0.00, 0.00, 0.00, 0.00, 0.00, -1.00, 0.00, 0.00, 238.92, 153.48, 151.64, 151.64, 0.00, 0.74, 8.27, -0.04, -0.00, 8.27
208205, 20.82, 40.00, 4.00, 0.00, 0.79, 1.57, 0.00, 0.00, 0.00, 3.00,  0.00, 0.00, 0.00, 0.00, 0.00, -3.00, 0.00, 0.00, 238.39, 154.01, 152.19, 152.19, 0.00, 1.05, 8.30, -0.06, -0.00, 8.30
634149, 63.41, 40.00, 4.00, 0.00, 0.79, 1.57, 0.00, 0.00, 0.00, 5.00,  0.00, 0.00, 0.00, 0.00, 0.00, -5.00, 0.00, 0.00, 223.68, 168.72, 166.73, 92.17, 138.93, 0.39, 9.09, 0.16, -0.13, 9.09
2000000, 200.00, 40.00, 4.00, 0.00, 0.79, 0.06, 0.00, 0.00, 0.00, 7.00,  0.00, 0.00, -0.00, 0.00, -0.00, -7.00, 0.00, -0.00, 387.90, 72.86, 82.53, -0.00, 0.00, 82.53, 4.50, 4.50, -0.00, 0.00
2000000, 200.00, 40.00, 4.00, 0.00, 0.79, 0.06, 0.00, 0.00, 0.00, 9.00,  0.00, 0.00, -0.00, 0.00, -0.00, -9.00, 0.00, -0.00, 384.96, 126.84, 136.43, -0.00, 0.00, 136.43, 7.44, 7.44, -0.00, 0.00
2000000, 200.00, 40.00, 4.00, 0.00, 0.79, 0.06, 0.00, -0.00, 0.00, 11.00,  0.00, 0.00, -0.00, 0.00, -0.00, -11.00, 0.00, -0.00, 381.28, 194.32, 203.81, -0.00, 0.00, 203.81, 11.12, 11.12, -0.00, 0.00
2000000, 200.00, 40.00, 4.00, 0.00, 0.79, 0.06, 0.00, -0.00, 0.00, 13.00,  0.00, 0.00, -0.00, 0.00, -0.00, -13.00, 0.00, -0.00, 376.87, 275.29, 284.66, -0.00, 0.00, 284.66, 15.53, 15.53, -0.00, 0.00
2000000, 200.00, 40.00, 4.00, 0.00, 0.79, 0.06, 0.00, 0.50, 0.00, 15.00,  0.00, 0.00, 0.50, 0.00, -0.00, -14.50, 0.00, -0.00, 373.09, 344.68, 353.95, -0.00, 0.00, 353.95, 19.31, 19.31, -0.00, 0.00
1258811, 125.88, 40.00, 4.00, 0.00, 0.79, 1.57, 0.00, 0.00, 0.00, 17.00,  0.00, 0.00, 0.00, 0.00, 0.00, -17.00, 0.00, 0.00, 179.92, 212.48, 210.14, 208.99, 21.90, -1.42, 11.46, 0.19, -1.07, 11.41
1327773, 132.78, 40.00, 4.00, 0.00, 0.79, 1.57, 0.00, 0.00, 0.00, 19.00,  0.00, 0.00, 0.00, 0.00, 0.00, -19.00, 0.00, 0.00, 177.39, 215.01, 212.68, 212.65, 3.28, -1.49, 11.60, 0.10, -1.17, 11.54
1378580, 137.86, 40.00, 4.00, 0.00, 0.79, 1.57, 0.00, 0.00, 0.00, 21.00,  0.00, 0.00, 0.00, 0.00, 0.00, -21.00, 0.00, 0.00, 173.91, 218.49, 216.13, 215.88, -10.20, -1.63, 11.79, 0.03, -1.25, 11.72
1418553, 141.86, 40.00, 4.00, 0.00, 0.79, 1.57, 0.00, 0.00, 0.00, 23.00,  0.00, 0.00, 0.00, 0.00, 0.00, -23.00, 0.00, 0.00, 170.16, 222.24, 219.86, 218.88, -20.66, -1.80, 11.99, -0.03, -1.34, 11.92
1451719, 145.17, 40.00, 4.00, 0.00, 0.79, 1.57, 0.00, 0.00, 0.00, 25.00,  0.00, 0.00, 0.00, 0.00, 0.00, -25.00, 0.00, 0.00, 166.40, 226.00, 223.59, 221.67, -29.16, -1.97, 12.20, -0.08, -1.41, 12.11
1480642, 148.06, 40.00, 4.00, 0.00, 0.79, 1.57, 0.00, 0.00, 0.00, 27.00,  0.00, 0.00, 0.00, 0.00, 0.00, -27.00, 0.00, 0.00, 162.77, 229.63, 227.19, 224.27, 36.27, -2.15, 12.39, -0.12, 1.48, 12.30
1506824, 150.68, 40.00, 4.00, 0.00, 0.79, 1.57, 0.00, 0.00, 0.00, 29.00,  0.00, 0.00, 0.00, 0.00, 0.00, -29.00, 0.00, 0.00, 159.32, 233.08, 230.62, 226.69, -42.33, -2.33, 12.58, -0.16, -1.54, 12.48
1531097, 153.11, 40.00, 4.00, 0.00, 0.79, 1.57, 0.00, 0.00, 0.00, 31.00,  0.00, 0.00, 0.00, 0.00, 0.00, -31.00, 0.00, 0.00, 156.06, 236.34, 233.85, 228.94, 47.59, -2.49, 12.76, -0.20, 1.60, 12.65
1554009, 155.40, 40.00, 4.00, 0.00, 0.79, 1.57, 0.00, 0.00, 0.00, 33.00,  0.00, 0.00, 0.00, 0.00, 0.00, -33.00, 0.00, 0.00, 153.01, 239.39, 236.87, 231.03, -52.21, -2.65, 12.92, -0.23, -1.66, 12.81
1576091, 157.61, 40.00, 4.00, 0.00, 0.79, 1.57, 0.00, 0.00, 0.00, 35.00,  0.00, 0.00, 0.00, 0.00, 0.00, -35.00, 0.00, 0.00, 150.17, 242.23, 239.70, 232.97, -56.32, -2.80, 13.07, -0.26, -1.71, 12.96
1599321, 159.93, 40.00, 4.00, 0.00, 0.79, 1.57, 0.00, 0.00, 0.00, 37.00,  0.00, 0.00, 0.00, 0.00, 0.00, -37.00, 0.00, 0.00, 147.50, 244.90, 242.34, 234.77, 59.99, -2.95, 13.22, -0.28, 1.76, 13.10
1641130, 164.11, 40.00, 4.00, 0.00, 0.79, 1.57, 0.00, 0.00, 0.00, 39.00,  0.00, 0.00, 0.00, 0.00, 0.00, -39.00, 0.00, 0.00, 145.02, 247.38, 244.80, 236.45, 63.30, -3.08, 13.35, -0.31, 1.80, 13.23
48891, 4.89, 40.00, 6.00, 0.00, 0.79, 1.57, 0.00, 0.00, 0.00, 1.00,  0.00, 0.00, 0.00, 0.00, 0.00, -1.00, 0.00, 0.00, 235.99, 156.41, 154.69, 154.67, 0.00, -2.24, 11.90, 0.17, -0.00, 11.90
197001, 19.70, 40.00, 6.00, 0.00, 0.79, 1.57, 0.00, 0.00, 0.00, 3.00,  0.00, 0.00, 0.00, 0.00, 0.00, -3.00, 0.00, 0.00, 236.73, 155.67, 153.94, 153.93, 0.00, -2.20, 11.84, 0.17, -0.00, 11.84
2000000, 200.00, 40.00, 6.00, 0.00, 0.79, 0.10, 0.00, 0.00, 0.00, 5.00,  0.00, 0.00, 0.00, 0.00, -0.00, -5.00, 0.00, -0.00, 388.57, 40.14, 49.77, -0.00, 0.00, 49.77, 3.83, 3.83, -0.00, 0.00
2000000, 200.00, 40.00, 6.00, 0.00, 0.79, 0.09, 0.00, 0.00, 0.00, 7.00,  0.00, 0.00, 0.00, 0.00, -0.00, -7.00, 0.00, -0.00, 384.90, 88.05, 97.54, -0.00, 0.00, 97.54, 7.50, 7.50, -0.00, 0.00
2000000, 200.00, 40.00, 6.00, 0.00, 0.79, 0.08, 0.00, 0.00, 0.00, 9.00,  0.00, 0.00, -0.00, 0.00, -0.00, -9.00, 0.00, -0.00, 380.00, 151.94, 161.24, -0.00, 0.00, 161.24, 12.40, 12.40, -0.00, 0.00
2000000, 200.00, 40.00, 6.00, 0.00, 0.79, 0.08, 0.00, 0.00, 0.00, 11.00,  0.00, 0.00, -0.00, 0.00, -0.00, -11.00, 0.00, -0.00, 373.87, 231.80, 240.87, -0.00, 0.00, 240.87, 18.53, 18.53, -0.00, 0.00
2000000, 200.00, 40.00, 6.00, 0.00, 0.79, 0.08, 0.00, -0.00, 0.00, 13.00,  0.00, 0.00, -0.00, 0.00, -0.00, -13.00, 0.00, -0.00, 366.52, 327.63, 336.42, -0.00, 0.00, 336.42, 25.88, 25.88, -0.00, 0.00
2000000, 200.00, 40.00, 6.00, 0.00, 0.79, 0.08, 0.00, 1.98, 0.00, 15.00,  0.00, 0.00, 1.98, 0.00, -0.00, -13.02, 0.00, -0.00, 366.45, 328.55, 337.34, -0.00, 0.00, 337.34, 25.95, 25.95, -0.00, 0.00
2000000, 200.00, 40.00, 6.00, 0.00, 0.79, 0.08, 0.00, 3.98, 0.00, 17.00,  0.00, 0.00, 3.98, 0.00, -0.00, -13.02, 0.00, -0.00, 366.45, 328.55, 337.34, -0.00, 0.00, 337.34, 25.95, 25.95, -0.00, 0.00
2000000, 200.00, 40.00, 6.00, 0.00, 0.79, 0.08, 0.00, 5.98, 0.00, 19.00,  0.00, 0.00, 5.98, 0.00, -0.00, -13.02, 0.00, -0.00, 366.45, 328.55, 337.34, -0.00, 0.00, 337.34, 25.95, 25.95, -0.00, 0.00
2000000, 200.00, 40.00, 6.00, 0.00, 0.79, 0.08, 0.00, 7.98, 0.00, 21.00,  0.00, 0.00, 7.98, 0.00, -0.00, -13.02, 0.00, -0.00, 366.45, 328.56, 337.34, -0.00, 0.00, 337.34, 25.95, 25.95, -0.00, 0.00
2000000, 200.00, 40.00, 6.00, 0.00, 0.79, 0.08, 0.00, 9.98, 0.00, 23.00,  0.00, 0.00, 9.98, 0.00, -0.00, -13.02, 0.00, -0.00, 366.45, 328.56, 337.34, -0.00, 0.00, 337.34, 25.95, 25.95, -0.00, 0.00
2000000, 200.00, 40.00, 6.00, 0.00, 0.79, 0.08, 0.00, 11.98, 0.00, 25.00,  0.00, 0.00, 11.98, 0.00, -0.00, -13.02, 0.00, -0.00, 366.45, 328.56, 337.34, -0.00, 0.00, 337.34, 25.95, 25.95, -0.00, 0.00
2000000, 200.00, 40.00, 6.00, 0.00, 0.79, 0.08, 0.00, 13.98, 0.00, 27.00,  0.00, 0.00, 13.98, 0.00, -0.00, -13.02, 0.00, -0.00, 366.45, 328.56, 337.34, -0.00, 0.00, 337.34, 25.95, 25.95, -0.00, 0.00
2000000, 200.00, 40.00, 6.00, 0.00, 0.79, 0.08, 0.00, 15.98, 0.00, 29.00,  0.00, 0.00, 15.98, 0.00, -0.00, -13.02, 0.00, -0.00, 366.45, 328.56, 337.34, -0.00, 0.00, 337.34, 25.95, 25.95, -0.00, 0.00
2000000, 200.00, 40.00, 6.00, 0.00, 0.79, 0.08, 0.00, 17.98, 0.00, 31.00,  0.00, 0.00, 17.98, 0.00, -0.00, -13.02, 0.00, -0.00, 366.45, 328.56, 337.34, -0.00, 0.00, 337.34, 25.95, 25.95, -0.00, 0.00
2000000, 200.00, 40.00, 6.00, 0.00, 0.79, 0.08, 0.00, 19.98, 0.00, 33.00,  0.00, 0.00, 19.98, 0.00, -0.00, -13.02, 0.00, -0.00, 366.45, 328.56, 337.34, -0.00, 0.00, 337.34, 25.95, 25.95, -0.00, 0.00
2000000, 200.00, 40.00, 6.00, 0.00, 0.79, 0.08, 0.00, 21.98, 0.00, 35.00,  0.00, 0.00, 21.98, 0.00, -0.00, -13.02, 0.00, -0.00, 366.45, 328.56, 337.34, -0.00, 0.00, 337.34, 25.95, 25.95, -0.00, 0.00
2000000, 200.00, 40.00, 6.00, 0.00, 0.79, 0.08, 0.00, 23.98, 0.00, 37.00,  0.00, 0.00, 23.98, 0.00, -0.00, -13.02, 0.00, -0.00, 366.45, 328.56, 337.34, -0.00, 0.00, 337.34, 25.95, 25.95, -0.00, 0.00
2000000, 200.00, 40.00, 6.00, 0.00, 0.79, 0.08, 0.00, 25.98, 0.00, 39.00,  0.00, 0.00, 25.98, 0.00, -0.00, -13.02, 0.00, -0.00, 366.45, 328.56, 337.35, -0.00, 0.00, 337.35, 25.95, 25.95, -0.00, 0.00
51786, 5.18, 40.00, 8.00, 0.00, 0.79, 1.57, 0.00, 0.00, 0.00, 1.00,  0.00, 0.00, 0.00, 0.00, 0.00, -1.00, 0.00, 0.00, 236.90, 155.50, 153.76, 153.69, 0.00, -4.66, 14.35, 0.43, -0.00, 14.34
219440, 21.94, 40.00, 8.00, 0.00, 0.79, 1.57, 0.00, 0.00, 0.00, 3.00,  0.00, 0.00, 0.00, 0.00, 0.00, -3.00, 0.00, 0.00, 236.85, 155.55, 153.81, 153.74, 0.00, -4.68, 14.36, 0.44, -0.00, 14.35
2000000, 200.00, 40.00, 8.00, 0.00, 0.79, 0.11, 0.00, 0.00, 0.00, 5.00,  0.00, 0.00, 0.00, 0.00, -0.00, -5.00, 0.00, -0.00, 387.04, 47.91, 57.42, -0.00, 0.00, 57.42, 5.36, 5.36, -0.00, 0.00
2000000, 200.00, 40.00, 8.00, 0.00, 0.79, 0.10, 0.00, 0.00, 0.00, 7.00,  0.00, 0.00, -0.00, 0.00, -0.00, -7.00, 0.00, -0.00, 381.90, 103.27, 112.55, -0.00, 0.00, 112.55, 10.50, 10.50, -0.00, 0.00
2000000, 200.00, 40.00, 8.00, 0.00, 0.79, 0.10, 0.00, 0.00, 0.00, 9.00,  0.00, 0.00, -0.00, 0.00, -0.00, -9.00, 0.00, -0.00, 375.04, 177.09, 186.05, -0.00, 0.00, 186.05, 17.36, 17.36, -0.00, 0.00
2000000, 200.00, 40.00, 8.00, 0.00, 0.79, 0.10, 0.00, -0.00, 0.00, 11.00,  0.00, 0.00, -0.00, 0.00, -0.00, -11.00, 0.00, -0.00, 366.46, 269.36, 277.92, -0.00, 0.00, 277.92, 25.94, 25.94, -0.00, 0.00
2000000, 200.00, 40.00, 8.00, 0.00, 0.79, 0.10, 0.00, 1.08, 0.00, 13.00,  0.00, 0.00, 1.08, 0.00, -0.00, -11.92, 0.00, -0.00, 361.96, 317.77, 326.12, -0.00, 0.00, 326.12, 30.44, 30.44, -0.00, 0.00
2000000, 200.00, 40.00, 8.00, 0.00, 0.79, 0.10, 0.00, 3.08, 0.00, 15.00,  0.00, 0.00, 3.08, 0.00, -0.00, -11.92, 0.00, -0.00, 361.96, 317.77, 326.12, -0.00, 0.00, 326.12, 30.44, 30.44, -0.00, 0.00
2000000, 200.00, 40.00, 8.00, 0.00, 0.79, 0.10, 0.00, 5.08, 0.00, 17.00,  0.00, 0.00, 5.08, 0.00, -0.00, -11.92, 0.00, -0.00, 361.96, 317.77, 326.12, -0.00, 0.00, 326.12, 30.44, 30.44, -0.00, 0.00
2000000, 200.00, 40.00, 8.00, 0.00, 0.79, 0.10, 0.00, 7.08, 0.00, 19.00,  0.00, 0.00, 7.08, 0.00, -0.00, -11.92, 0.00, -0.00, 361.96, 317.77, 326.12, -0.00, 0.00, 326.12, 30.44, 30.44, -0.00, 0.00
2000000, 200.00, 40.00, 8.00, 0.00, 0.79, 0.10, 0.00, 9.08, 0.00, 21.00,  0.00, 0.00, 9.08, 0.00, -0.00, -11.92, 0.00, -0.00, 361.96, 317.77, 326.12, -0.00, 0.00, 326.12, 30.44, 30.44, -0.00, 0.00
2000000, 200.00, 40.00, 8.00, 0.00, 0.79, 0.10, 0.00, 11.08, 0.00, 23.00,  0.00, 0.00, 11.08, 0.00, -0.00, -11.92, 0.00, -0.00, 361.96, 317.77, 326.12, -0.00, 0.00, 326.12, 30.44, 30.44, -0.00, 0.00
2000000, 200.00, 40.00, 8.00, 0.00, 0.79, 0.10, 0.00, 13.08, 0.00, 25.00,  0.00, 0.00, 13.08, 0.00, -0.00, -11.92, 0.00, -0.00, 361.96, 317.77, 326.12, -0.00, 0.00, 326.12, 30.44, 30.44, -0.00, 0.00
2000000, 200.00, 40.00, 8.00, 0.00, 0.79, 0.10, 0.00, 15.08, 0.00, 27.00,  0.00, 0.00, 15.08, 0.00, -0.00, -11.92, 0.00, -0.00, 361.96, 317.77, 326.12, -0.00, 0.00, 326.12, 30.44, 30.44, -0.00, 0.00
2000000, 200.00, 40.00, 8.00, 0.00, 0.79, 0.10, 0.00, 17.08, 0.00, 29.00,  0.00, 0.00, 17.08, 0.00, -0.00, -11.92, 0.00, -0.00, 361.96, 317.77, 326.12, -0.00, 0.00, 326.12, 30.44, 30.44, -0.00, 0.00
2000000, 200.00, 40.00, 8.00, 0.00, 0.79, 0.10, 0.00, 19.08, 0.00, 31.00,  0.00, 0.00, 19.08, 0.00, -0.00, -11.92, 0.00, -0.00, 361.96, 317.77, 326.12, -0.00, 0.00, 326.12, 30.44, 30.44, -0.00, 0.00
2000000, 200.00, 40.00, 8.00, 0.00, 0.79, 0.10, 0.00, 21.08, 0.00, 33.00,  0.00, 0.00, 21.08, 0.00, -0.00, -11.92, 0.00, -0.00, 361.96, 317.77, 326.12, -0.00, 0.00, 326.12, 30.44, 30.44, -0.00, 0.00
2000000, 200.00, 40.00, 8.00, 0.00, 0.79, 0.10, 0.00, 23.08, 0.00, 35.00,  0.00, 0.00, 23.08, 0.00, -0.00, -11.92, 0.00, -0.00, 361.96, 317.77, 326.12, -0.00, 0.00, 326.12, 30.44, 30.44, -0.00, 0.00
2000000, 200.00, 40.00, 8.00, 0.00, 0.79, 0.10, 0.00, 25.08, 0.00, 37.00,  0.00, 0.00, 25.08, 0.00, -0.00, -11.92, 0.00, -0.00, 361.96, 317.77, 326.12, -0.00, 0.00, 326.12, 30.44, 30.44, -0.00, 0.00
2000000, 200.00, 40.00, 8.00, 0.00, 0.79, 0.10, 0.00, 27.08, 0.00, 39.00,  0.00, 0.00, 27.08, 0.00, -0.00, -11.92, 0.00, -0.00, 361.97, 317.77, 326.12, -0.00, 0.00, 326.12, 30.44, 30.44, -0.00, 0.00
53757, 5.38, 40.00, 10.00, 0.00, 0.79, 1.57, 0.00, 0.00, 0.00, 1.00,  0.00, 0.00, 0.00, 0.00, 0.00, -1.00, 0.00, 0.00, 236.82, 155.58, 153.70, 153.54, 0.00, -7.15, 16.87, 0.78, -0.00, 16.85
2000000, 200.00, 40.00, 10.00, 0.00, 0.79, 0.19, 0.00, 0.00, 0.00, 3.00,  0.00, 0.00, 0.00, 0.00, -0.00, -3.00, 0.00, -0.00, 389.92, 13.03, 22.60, -0.00, 0.00, 22.60, 2.48, 2.48, -0.00, 0.00
2000000, 200.00, 40.00, 10.00, 0.00, 0.79, 0.13, 0.00, 0.00, 0.00, 5.00,  0.00, 0.00, 0.00, 0.00, -0.00, -5.00, 0.00, -0.00, 385.51, 53.42, 62.78, -0.00, 0.00, 62.78, 6.89, 6.89, -0.00, 0.00
2000000, 200.00, 40.00, 10.00, 0.00, 0.79, 0.12, 0.00, -0.00, 0.00, 7.00,  0.00, 0.00, -0.00, 0.00, -0.00, -7.00, 0.00, -0.00, 378.89, 114.04, 123.05, -0.00, 0.00, 123.05, 13.51, 13.51, -0.00, 0.00
2000000, 200.00, 40.00, 10.00, 0.00, 0.79, 0.11, 0.00, -0.00, 0.00, 9.00,  0.00, 0.00, -0.00, 0.00, -0.00, -9.00, 0.00, -0.00, 370.07, 194.88, 203.41, -0.00, 0.00, 203.41, 22.33, 22.33, -0.00, 0.00
2000000, 200.00, 40.00, 10.00, 0.00, 0.79, 0.11, 0.00, -0.00, 0.00, 11.00,  0.00, 0.00, -0.00, 0.00, -0.00, -11.00, 0.00, -0.00, 359.05, 295.94, 303.86, -0.00, 0.00, 303.86, 33.35, 33.35, -0.00, 0.00
2000000, 200.00, 40.00, 10.00, 0.00, 0.79, 0.11, 0.00, 1.79, 0.00, 13.00,  0.00, 0.00, 1.79, 0.00, -0.00, -11.21, 0.00, -0.00, 357.76, 307.76, 315.61, -0.00, 0.00, 315.61, 34.64, 34.64, -0.00, 0.00
2000000, 200.00, 40.00, 10.00, 0.00, 0.79, 0.11, 0.00, 3.79, 0.00, 15.00,  0.00, 0.00, 3.79, 0.00, -0.00, -11.21, 0.00, -0.00, 357.76, 307.76, 315.61, -0.00, 0.00, 315.61, 34.64, 34.64, -0.00, 0.00
2000000, 200.00, 40.00, 10.00, 0.00, 0.79, 0.11, 0.00, 5.79, 0.00, 17.00,  0.00, 0.00, 5.79, 0.00, -0.00, -11.21, 0.00, -0.00, 357.76, 307.76, 315.61, -0.00, 0.00, 315.61, 34.64, 34.64, -0.00, 0.00
2000000, 200.00, 40.00, 10.00, 0.00, 0.79, 0.11, 0.00, 7.79, 0.00, 19.00,  0.00, 0.00, 7.79, 0.00, -0.00, -11.21, 0.00, -0.00, 357.76, 307.76, 315.61, -0.00, 0.00, 315.61, 34.64, 34.64, -0.00, 0.00
2000000, 200.00, 40.00, 10.00, 0.00, 0.79, 0.11, 0.00, 9.79, 0.00, 21.00,  0.00, 0.00, 9.79, 0.00, -0.00, -11.21, 0.00, -0.00, 357.76, 307.76, 315.61, -0.00, 0.00, 315.61, 34.64, 34.64, -0.00, 0.00
2000000, 200.00, 40.00, 10.00, 0.00, 0.79, 0.11, 0.00, 11.79, 0.00, 23.00,  0.00, 0.00, 11.79, 0.00, -0.00, -11.21, 0.00, -0.00, 357.76, 307.76, 315.61, -0.00, 0.00, 315.61, 34.64, 34.64, -0.00, 0.00
2000000, 200.00, 40.00, 10.00, 0.00, 0.79, 0.11, 0.00, 13.79, 0.00, 25.00,  0.00, 0.00, 13.79, 0.00, -0.00, -11.21, 0.00, -0.00, 357.76, 307.76, 315.61, -0.00, 0.00, 315.61, 34.64, 34.64, -0.00, 0.00
2000000, 200.00, 40.00, 10.00, 0.00, 0.79, 0.11, 0.00, 15.79, 0.00, 27.00,  0.00, 0.00, 15.79, 0.00, -0.00, -11.21, 0.00, -0.00, 357.76, 307.76, 315.61, -0.00, 0.00, 315.61, 34.64, 34.64, -0.00, 0.00
2000000, 200.00, 40.00, 10.00, 0.00, 0.79, 0.11, 0.00, 17.79, 0.00, 29.00,  0.00, 0.00, 17.79, 0.00, -0.00, -11.21, 0.00, -0.00, 357.76, 307.76, 315.61, -0.00, 0.00, 315.61, 34.64, 34.64, -0.00, 0.00
2000000, 200.00, 40.00, 10.00, 0.00, 0.79, 0.11, 0.00, 19.79, 0.00, 31.00,  0.00, 0.00, 19.79, 0.00, -0.00, -11.21, 0.00, -0.00, 357.76, 307.76, 315.61, -0.00, 0.00, 315.61, 34.64, 34.64, -0.00, 0.00
2000000, 200.00, 40.00, 10.00, 0.00, 0.79, 0.11, 0.00, 21.79, 0.00, 33.00,  0.00, 0.00, 21.79, 0.00, -0.00, -11.21, 0.00, -0.00, 357.76, 307.76, 315.61, -0.00, 0.00, 315.61, 34.64, 34.64, -0.00, 0.00
2000000, 200.00, 40.00, 10.00, 0.00, 0.79, 0.11, 0.00, 23.79, 0.00, 35.00,  0.00, 0.00, 23.79, 0.00, -0.00, -11.21, 0.00, -0.00, 357.76, 307.76, 315.61, -0.00, 0.00, 315.61, 34.64, 34.64, -0.00, 0.00
2000000, 200.00, 40.00, 10.00, 0.00, 0.79, 0.11, 0.00, 25.79, 0.00, 37.00,  0.00, 0.00, 25.79, 0.00, -0.00, -11.21, 0.00, -0.00, 357.76, 307.76, 315.61, -0.00, 0.00, 315.61, 34.64, 34.64, -0.00, 0.00
2000000, 200.00, 40.00, 10.00, 0.00, 0.79, 0.11, 0.00, 27.79, 0.00, 39.00,  0.00, 0.00, 27.79, 0.00, -0.00, -11.21, 0.00, -0.00, 357.76, 307.76, 315.61, -0.00, 0.00, 315.61, 34.64, 34.64, -0.00, 0.00
55820, 5.58, 40.00, 12.00, 0.00, 0.79, 1.57, 0.00, 0.00, 0.00, 1.00,  0.00, 0.00, 0.00, 0.00, 0.00, -1.00, 0.00, 0.00, 236.67, 155.73, 153.94, 153.76, 0.00, -7.37, 17.10, 0.82, -0.00, 17.08
2000000, 200.00, 40.00, 12.00, 0.00, 0.79, 0.18, 0.00, 0.00, 0.00, 3.00,  0.00, 0.00, 0.00, 0.00, -0.00, -3.00, 0.00, -0.00, 389.64, 15.25, 24.81, -0.00, 0.00, 24.81, 2.76, 2.76, -0.00, 0.00
2000000, 200.00, 40.00, 12.00, 0.00, 0.79, 0.13, 0.00, -0.00, 0.00, 5.00,  0.00, 0.00, -0.00, 0.00, -0.00, -5.00, 0.00, -0.00, 384.74, 59.59, 68.91, -0.00, 0.00, 68.91, 7.66, 7.66, -0.00, 0.00
2000000, 200.00, 40.00, 12.00, 0.00, 0.79, 0.12, 0.00, 0.00, 0.00, 7.00,  0.00, 0.00, 0.00, 0.00, -0.00, -7.00, 0.00, -0.00, 377.39, 126.14, 135.06, -0.00, 0.00, 135.06, 15.01, 15.01, -0.00, 0.00
2000000, 200.00, 40.00, 12.00, 0.00, 0.79, 0.12, 0.00, -0.00, 0.00, 9.00,  0.00, 0.00, -0.00, 0.00, -0.00, -9.00, 0.00, -0.00, 367.59, 214.88, 223.26, -0.00, 0.00, 223.26, 24.81, 24.81, -0.00, 0.00
2000000, 200.00, 40.00, 12.00, 0.00, 0.79, 0.11, 0.00, 0.31, 0.00, 11.00,  0.00, 0.00, 0.31, 0.00, -0.00, -10.69, 0.00, -0.00, 357.43, 306.96, 314.77, -0.00, 0.00, 314.77, 34.97, 34.97, -0.00, 0.00
2000000, 200.00, 40.00, 12.00, 0.00, 0.79, 0.11, 0.00, 2.31, 0.00, 13.00,  0.00, 0.00, 2.31, 0.00, -0.00, -10.69, 0.00, -0.00, 357.43, 306.96, 314.77, -0.00, 0.00, 314.77, 34.97, 34.97, -0.00, 0.00
2000000, 200.00, 40.00, 12.00, 0.00, 0.79, 0.11, 0.00, 4.31, 0.00, 15.00,  0.00, 0.00, 4.31, 0.00, -0.00, -10.69, 0.00, -0.00, 357.43, 306.96, 314.77, -0.00, 0.00, 314.77, 34.97, 34.97, -0.00, 0.00
2000000, 200.00, 40.00, 12.00, 0.00, 0.79, 0.11, 0.00, 6.31, 0.00, 17.00,  0.00, 0.00, 6.31, 0.00, -0.00, -10.69, 0.00, -0.00, 357.43, 306.96, 314.77, -0.00, 0.00, 314.77, 34.97, 34.97, -0.00, 0.00
2000000, 200.00, 40.00, 12.00, 0.00, 0.79, 0.11, 0.00, 8.31, 0.00, 19.00,  0.00, 0.00, 8.31, 0.00, -0.00, -10.69, 0.00, -0.00, 357.43, 306.96, 314.77, -0.00, 0.00, 314.77, 34.97, 34.97, -0.00, 0.00
2000000, 200.00, 40.00, 12.00, 0.00, 0.79, 0.11, 0.00, 10.31, 0.00, 21.00,  0.00, 0.00, 10.31, 0.00, -0.00, -10.69, 0.00, -0.00, 357.43, 306.96, 314.77, -0.00, 0.00, 314.77, 34.97, 34.97, -0.00, 0.00
2000000, 200.00, 40.00, 12.00, 0.00, 0.79, 0.11, 0.00, 12.31, 0.00, 23.00,  0.00, 0.00, 12.31, 0.00, -0.00, -10.69, 0.00, -0.00, 357.43, 306.96, 314.77, -0.00, 0.00, 314.77, 34.97, 34.97, -0.00, 0.00
2000000, 200.00, 40.00, 12.00, 0.00, 0.79, 0.11, 0.00, 14.31, 0.00, 25.00,  0.00, 0.00, 14.31, 0.00, -0.00, -10.69, 0.00, -0.00, 357.43, 306.96, 314.77, -0.00, 0.00, 314.77, 34.97, 34.97, -0.00, 0.00
2000000, 200.00, 40.00, 12.00, 0.00, 0.79, 0.11, 0.00, 16.31, 0.00, 27.00,  0.00, 0.00, 16.31, 0.00, -0.00, -10.69, 0.00, -0.00, 357.43, 306.96, 314.77, -0.00, 0.00, 314.77, 34.97, 34.97, -0.00, 0.00
2000000, 200.00, 40.00, 12.00, 0.00, 0.79, 0.11, 0.00, 18.31, 0.00, 29.00,  0.00, 0.00, 18.31, 0.00, -0.00, -10.69, 0.00, -0.00, 357.43, 306.96, 314.77, -0.00, 0.00, 314.77, 34.97, 34.97, -0.00, 0.00
2000000, 200.00, 40.00, 12.00, 0.00, 0.79, 0.11, 0.00, 20.31, 0.00, 31.00,  0.00, 0.00, 20.31, 0.00, -0.00, -10.69, 0.00, -0.00, 357.43, 306.96, 314.78, -0.00, 0.00, 314.78, 34.98, 34.98, -0.00, 0.00
2000000, 200.00, 40.00, 12.00, 0.00, 0.79, 0.11, 0.00, 22.31, 0.00, 33.00,  0.00, 0.00, 22.31, 0.00, -0.00, -10.69, 0.00, -0.00, 357.43, 306.96, 314.78, -0.00, 0.00, 314.78, 34.98, 34.98, -0.00, 0.00
2000000, 200.00, 40.00, 12.00, 0.00, 0.79, 0.11, 0.00, 24.31, 0.00, 35.00,  0.00, 0.00, 24.31, 0.00, -0.00, -10.69, 0.00, -0.00, 357.43, 306.97, 314.78, -0.00, 0.00, 314.78, 34.98, 34.98, -0.00, 0.00
2000000, 200.00, 40.00, 12.00, 0.00, 0.79, 0.11, 0.00, 26.31, 0.00, 37.00,  0.00, 0.00, 26.31, 0.00, -0.00, -10.69, 0.00, -0.00, 357.43, 306.97, 314.78, -0.00, 0.00, 314.78, 34.98, 34.98, -0.00, 0.00
2000000, 200.00, 40.00, 12.00, 0.00, 0.79, 0.11, 0.00, 28.31, 0.00, 39.00,  0.00, 0.00, 28.31, 0.00, -0.00, -10.69, 0.00, -0.00, 357.43, 306.97, 314.78, -0.00, 0.00, 314.78, 34.98, 34.98, -0.00, 0.00
58397, 5.84, 40.00, 14.00, 0.00, 0.79, 1.57, 0.00, 0.00, 0.00, 1.00,  0.00, 0.00, 0.00, 0.00, 0.00, -1.00, 0.00, 0.00, 236.63, 155.77, 153.75, 153.42, 0.00, -10.20, 19.99, 1.33, -0.00, 19.94
2000000, 200.00, 40.00, 14.00, 0.00, 0.79, 0.20, 0.00, -0.00, 0.00, 3.00,  0.00, 0.00, -0.00, 0.00, -0.00, -3.00, 0.00, -0.00, 388.82, 18.11, 27.56, -0.00, 0.00, 27.56, 3.58, 3.58, -0.00, 0.00
2000000, 200.00, 40.00, 14.00, 0.00, 0.79, 0.15, 0.00, -0.00, 0.00, 5.00,  0.00, 0.00, -0.00, 0.00, -0.00, -5.00, 0.00, -0.00, 382.45, 67.49, 76.56, -0.00, 0.00, 76.56, 9.95, 9.95, -0.00, 0.00
2000000, 200.00, 40.00, 14.00, 0.00, 0.79, 0.14, 0.00, 0.00, 0.00, 7.00,  0.00, 0.00, 0.00, 0.00, -0.00, -7.00, 0.00, -0.00, 372.89, 141.60, 150.06, -0.00, 0.00, 150.06, 19.51, 19.51, -0.00, 0.00
2000000, 200.00, 40.00, 14.00, 0.00, 0.79, 0.13, 0.00, 0.00, 0.00, 9.00,  0.00, 0.00, 0.00, 0.00, -0.00, -9.00, 0.00, -0.00, 360.15, 240.43, 248.06, -0.00, 0.00, 248.06, 32.25, 32.25, -0.00, 0.00
2000000, 200.00, 40.00, 14.00, 0.00, 0.79, 0.13, 0.00, 1.04, 0.00, 11.00,  0.00, 0.00, 1.04, 0.00, -0.00, -9.96, 0.00, -0.00, 352.94, 296.38, 303.55, -0.00, 0.00, 303.55, 39.46, 39.46, -0.00, 0.00
2000000, 200.00, 40.00, 14.00, 0.00, 0.79, 0.13, 0.00, 3.04, 0.00, 13.00,  0.00, 0.00, 3.04, 0.00, -0.00, -9.96, 0.00, -0.00, 352.94, 296.38, 303.55, -0.00, 0.00, 303.55, 39.46, 39.46, -0.00, 0.00
2000000, 200.00, 40.00, 14.00, 0.00, 0.79, 0.13, 0.00, 5.04, 0.00, 15.00,  0.00, 0.00, 5.04, 0.00, -0.00, -9.96, 0.00, -0.00, 352.94, 296.38, 303.55, -0.00, 0.00, 303.55, 39.46, 39.46, -0.00, 0.00
2000000, 200.00, 40.00, 14.00, 0.00, 0.79, 0.13, 0.00, 7.04, 0.00, 17.00,  0.00, 0.00, 7.04, 0.00, -0.00, -9.96, 0.00, -0.00, 352.94, 296.38, 303.55, -0.00, 0.00, 303.55, 39.46, 39.46, -0.00, 0.00
2000000, 200.00, 40.00, 14.00, 0.00, 0.79, 0.13, 0.00, 9.04, 0.00, 19.00,  0.00, 0.00, 9.04, 0.00, -0.00, -9.96, 0.00, -0.00, 352.94, 296.38, 303.56, -0.00, 0.00, 303.56, 39.46, 39.46, -0.00, 0.00
2000000, 200.00, 40.00, 14.00, 0.00, 0.79, 0.13, 0.00, 11.04, 0.00, 21.00,  0.00, 0.00, 11.04, 0.00, -0.00, -9.96, 0.00, -0.00, 352.94, 296.38, 303.56, -0.00, 0.00, 303.56, 39.46, 39.46, -0.00, 0.00
2000000, 200.00, 40.00, 14.00, 0.00, 0.79, 0.13, 0.00, 13.04, 0.00, 23.00,  0.00, 0.00, 13.04, 0.00, -0.00, -9.96, 0.00, -0.00, 352.94, 296.38, 303.56, -0.00, 0.00, 303.56, 39.46, 39.46, -0.00, 0.00
2000000, 200.00, 40.00, 14.00, 0.00, 0.79, 0.13, 0.00, 15.04, 0.00, 25.00,  0.00, 0.00, 15.04, 0.00, -0.00, -9.96, 0.00, -0.00, 352.94, 296.38, 303.56, -0.00, 0.00, 303.56, 39.46, 39.46, -0.00, 0.00
2000000, 200.00, 40.00, 14.00, 0.00, 0.79, 0.13, 0.00, 17.04, 0.00, 27.00,  0.00, 0.00, 17.04, 0.00, -0.00, -9.96, 0.00, -0.00, 352.94, 296.38, 303.56, -0.00, 0.00, 303.56, 39.46, 39.46, -0.00, 0.00
2000000, 200.00, 40.00, 14.00, 0.00, 0.79, 0.13, 0.00, 19.04, 0.00, 29.00,  0.00, 0.00, 19.04, 0.00, -0.00, -9.96, 0.00, -0.00, 352.94, 296.38, 303.56, -0.00, 0.00, 303.56, 39.46, 39.46, -0.00, 0.00
2000000, 200.00, 40.00, 14.00, 0.00, 0.79, 0.13, 0.00, 21.04, 0.00, 31.00,  0.00, 0.00, 21.04, 0.00, -0.00, -9.96, 0.00, -0.00, 352.94, 296.39, 303.56, -0.00, 0.00, 303.56, 39.46, 39.46, -0.00, 0.00
2000000, 200.00, 40.00, 14.00, 0.00, 0.79, 0.13, 0.00, 23.04, 0.00, 33.00,  0.00, 0.00, 23.04, 0.00, -0.00, -9.96, 0.00, -0.00, 352.94, 296.39, 303.56, -0.00, 0.00, 303.56, 39.46, 39.46, -0.00, 0.00
2000000, 200.00, 40.00, 14.00, 0.00, 0.79, 0.13, 0.00, 25.04, 0.00, 35.00,  0.00, 0.00, 25.04, 0.00, -0.00, -9.96, 0.00, -0.00, 352.94, 296.39, 303.56, -0.00, 0.00, 303.56, 39.46, 39.46, -0.00, 0.00
2000000, 200.00, 40.00, 14.00, 0.00, 0.79, 0.13, 0.00, 27.04, 0.00, 37.00,  0.00, 0.00, 27.04, 0.00, -0.00, -9.96, 0.00, -0.00, 352.94, 296.39, 303.56, -0.00, 0.00, 303.56, 39.46, 39.46, -0.00, 0.00
2000000, 200.00, 40.00, 14.00, 0.00, 0.79, 0.13, 0.00, 29.04, 0.00, 39.00,  0.00, 0.00, 29.04, 0.00, -0.00, -9.96, 0.00, -0.00, 352.94, 296.39, 303.56, -0.00, 0.00, 303.56, 39.46, 39.46, -0.00, 0.00
60846, 6.08, 40.00, 16.00, 0.00, 0.79, 1.57, 0.00, 0.00, 0.00, 1.00,  0.00, 0.00, 0.00, 0.00, 0.00, -1.00, 0.00, 0.00, 236.67, 155.73, 152.99, 152.19, 0.00, -15.58, 25.50, 2.60, -0.00, 25.37
2000000, 200.00, 40.00, 16.00, 0.00, 0.79, 0.24, 0.00, 0.00, 0.00, 3.00,  0.00, 0.00, 0.00, 0.00, -0.00, -3.00, 0.00, -0.00, 387.44, 20.56, 29.77, -0.00, 0.00, 29.77, 4.96, 4.96, -0.00, 0.00
2000000, 200.00, 40.00, 16.00, 0.00, 0.79, 0.19, 0.00, -0.00, 0.00, 5.00,  0.00, 0.00, -0.00, 0.00, -0.00, -5.00, 0.00, -0.00, 378.62, 74.17, 82.69, -0.00, 0.00, 82.69, 13.78, 13.78, -0.00, 0.00
2000000, 200.00, 40.00, 16.00, 0.00, 0.79, 0.18, 0.00, -0.00, 0.00, 7.00,  0.00, 0.00, -0.00, 0.00, -0.00, -7.00, 0.00, -0.00, 365.39, 154.63, 162.07, -0.00, 0.00, 162.07, 27.01, 27.01, -0.00, 0.00
2000000, 200.00, 40.00, 16.00, 0.00, 0.79, 0.17, 0.00, 0.00, 0.00, 9.00,  0.00, 0.00, -0.00, 0.00, -0.00, -9.00, 0.00, -0.00, 347.75, 261.93, 267.91, -0.00, 0.00, 267.91, 44.65, 44.65, -0.00, 0.00
2000000, 200.00, 40.00, 16.00, 0.00, 0.79, 0.17, 0.00, 1.74, 0.00, 11.00,  0.00, 0.00, 1.74, 0.00, -0.00, -9.26, 0.00, -0.00, 345.08, 278.16, 283.91, -0.00, 0.00, 283.91, 47.32, 47.32, -0.00, 0.00
2000000, 200.00, 40.00, 16.00, 0.00, 0.79, 0.17, 0.00, 3.74, 0.00, 13.00,  0.00, 0.00, 3.74, 0.00, -0.00, -9.26, 0.00, -0.00, 345.08, 278.16, 283.91, -0.00, 0.00, 283.91, 47.32, 47.32, -0.00, 0.00
2000000, 200.00, 40.00, 16.00, 0.00, 0.79, 0.17, 0.00, 5.74, 0.00, 15.00,  0.00, 0.00, 5.74, 0.00, -0.00, -9.26, 0.00, -0.00, 345.08, 278.16, 283.91, -0.00, 0.00, 283.91, 47.32, 47.32, -0.00, 0.00
2000000, 200.00, 40.00, 16.00, 0.00, 0.79, 0.17, 0.00, 7.74, 0.00, 17.00,  0.00, 0.00, 7.74, 0.00, -0.00, -9.26, 0.00, -0.00, 345.08, 278.16, 283.91, -0.00, 0.00, 283.91, 47.32, 47.32, -0.00, 0.00
2000000, 200.00, 40.00, 16.00, 0.00, 0.79, 0.17, 0.00, 9.74, 0.00, 19.00,  0.00, 0.00, 9.74, 0.00, -0.00, -9.26, 0.00, -0.00, 345.08, 278.16, 283.91, -0.00, 0.00, 283.91, 47.32, 47.32, -0.00, 0.00
2000000, 200.00, 40.00, 16.00, 0.00, 0.79, 0.17, 0.00, 11.74, 0.00, 21.00,  0.00, 0.00, 11.74, 0.00, -0.00, -9.26, 0.00, -0.00, 345.08, 278.16, 283.91, -0.00, 0.00, 283.91, 47.32, 47.32, -0.00, 0.00
2000000, 200.00, 40.00, 16.00, 0.00, 0.79, 0.17, 0.00, 13.74, 0.00, 23.00,  0.00, 0.00, 13.74, 0.00, -0.00, -9.26, 0.00, -0.00, 345.08, 278.16, 283.91, -0.00, 0.00, 283.91, 47.32, 47.32, -0.00, 0.00
2000000, 200.00, 40.00, 16.00, 0.00, 0.79, 0.17, 0.00, 15.74, 0.00, 25.00,  0.00, 0.00, 15.74, 0.00, -0.00, -9.26, 0.00, -0.00, 345.08, 278.16, 283.91, -0.00, 0.00, 283.91, 47.32, 47.32, -0.00, 0.00
2000000, 200.00, 40.00, 16.00, 0.00, 0.79, 0.17, 0.00, 17.74, 0.00, 27.00,  0.00, 0.00, 17.74, 0.00, -0.00, -9.26, 0.00, -0.00, 345.08, 278.16, 283.91, -0.00, 0.00, 283.91, 47.32, 47.32, -0.00, 0.00
2000000, 200.00, 40.00, 16.00, 0.00, 0.79, 0.17, 0.00, 19.74, 0.00, 29.00,  0.00, 0.00, 19.74, 0.00, -0.00, -9.26, 0.00, -0.00, 345.08, 278.16, 283.91, -0.00, 0.00, 283.91, 47.32, 47.32, -0.00, 0.00
2000000, 200.00, 40.00, 16.00, 0.00, 0.79, 0.17, 0.00, 21.74, 0.00, 31.00,  0.00, 0.00, 21.74, 0.00, -0.00, -9.26, 0.00, -0.00, 345.08, 278.16, 283.91, -0.00, 0.00, 283.91, 47.32, 47.32, -0.00, 0.00
2000000, 200.00, 40.00, 16.00, 0.00, 0.79, 0.17, 0.00, 23.74, 0.00, 33.00,  0.00, 0.00, 23.74, 0.00, -0.00, -9.26, 0.00, -0.00, 345.08, 278.16, 283.91, -0.00, 0.00, 283.91, 47.32, 47.32, -0.00, 0.00
2000000, 200.00, 40.00, 16.00, 0.00, 0.79, 0.17, 0.00, 25.74, 0.00, 35.00,  0.00, 0.00, 25.74, 0.00, -0.00, -9.26, 0.00, -0.00, 345.08, 278.16, 283.91, -0.00, 0.00, 283.91, 47.32, 47.32, -0.00, 0.00
2000000, 200.00, 40.00, 16.00, 0.00, 0.79, 0.17, 0.00, 27.74, 0.00, 37.00,  0.00, 0.00, 27.74, 0.00, -0.00, -9.26, 0.00, -0.00, 345.08, 278.16, 283.91, -0.00, 0.00, 283.91, 47.32, 47.32, -0.00, 0.00
2000000, 200.00, 40.00, 16.00, 0.00, 0.79, 0.17, 0.00, 29.74, 0.00, 39.00,  0.00, 0.00, 29.74, 0.00, -0.00, -9.26, 0.00, -0.00, 345.08, 278.16, 283.91, -0.00, 0.00, 283.91, 47.32, 47.32, -0.00, 0.00
61190, 6.12, 40.00, 18.00, 0.00, 0.79, 1.57, 0.00, 0.00, 0.00, 1.00,  0.00, 0.00, 0.00, 0.00, 0.00, -1.00, 0.00, 0.00, 236.64, 155.76, 153.10, 152.35, 0.00, -15.15, 25.05, 2.48, -0.00, 24.93
2000000, 200.00, 40.00, 18.00, 0.00, 0.79, 0.24, 0.00, -0.00, 0.00, 3.00,  0.00, 0.00, -0.00, 0.00, -0.00, -3.00, 0.00, -0.00, 387.44, 21.10, 30.32, -0.00, 0.00, 30.32, 4.96, 4.96, -0.00, 0.00
2000000, 200.00, 40.00, 18.00, 0.00, 0.79, 0.18, 0.00, -0.00, 0.00, 5.00,  0.00, 0.00, -0.00, 0.00, -0.00, -5.00, 0.00, -0.00, 378.62, 75.67, 84.22, -0.00, 0.00, 84.22, 13.78, 13.78, -0.00, 0.00
2000000, 200.00, 40.00, 18.00, 0.00, 0.79, 0.17, 0.00, 0.00, 0.00, 7.00,  0.00, 0.00, 0.00, 0.00, -0.00, -7.00, 0.00, -0.00, 365.39, 157.59, 165.07, -0.00, 0.00, 165.07, 27.01, 27.01, -0.00, 0.00
2000000, 200.00, 40.00, 18.00, 0.00, 0.79, 0.17, 0.00, 0.00, 0.00, 9.00,  0.00, 0.00, -0.00, 0.00, -0.00, -9.00, 0.00, -0.00, 347.75, 266.82, 272.87, -0.00, 0.00, 272.87, 44.65, 44.65, -0.00, 0.00
2000000, 200.00, 40.00, 18.00, 0.00, 0.79, 0.17, 0.00, 1.80, 0.00, 11.00,  0.00, 0.00, 1.80, 0.00, -0.00, -9.20, 0.00, -0.00, 345.69, 279.56, 285.44, -0.00, 0.00, 285.44, 46.71, 46.71, -0.00, 0.00
2000000, 200.00, 40.00, 18.00, 0.00, 0.79, 0.17, 0.00, 3.80, 0.00, 13.00,  0.00, 0.00, 3.80, 0.00, -0.00, -9.20, 0.00, -0.00, 345.69, 279.56, 285.44, -0.00, 0.00, 285.44, 46.71, 46.71, -0.00, 0.00
2000000, 200.00, 40.00, 18.00, 0.00, 0.79, 0.17, 0.00, 5.80, 0.00, 15.00,  0.00, 0.00, 5.80, 0.00, -0.00, -9.20, 0.00, -0.00, 345.69, 279.56, 285.44, -0.00, 0.00, 285.44, 46.71, 46.71, -0.00, 0.00
2000000, 200.00, 40.00, 18.00, 0.00, 0.79, 0.17, 0.00, 7.80, 0.00, 17.00,  0.00, 0.00, 7.80, 0.00, -0.00, -9.20, 0.00, -0.00, 345.69, 279.56, 285.44, -0.00, 0.00, 285.44, 46.71, 46.71, -0.00, 0.00
2000000, 200.00, 40.00, 18.00, 0.00, 0.79, 0.17, 0.00, 9.80, 0.00, 19.00,  0.00, 0.00, 9.80, 0.00, -0.00, -9.20, 0.00, -0.00, 345.69, 279.56, 285.44, -0.00, 0.00, 285.44, 46.71, 46.71, -0.00, 0.00
2000000, 200.00, 40.00, 18.00, 0.00, 0.79, 0.17, 0.00, 11.80, 0.00, 21.00,  0.00, 0.00, 11.80, 0.00, -0.00, -9.20, 0.00, -0.00, 345.69, 279.56, 285.44, -0.00, 0.00, 285.44, 46.71, 46.71, -0.00, 0.00
2000000, 200.00, 40.00, 18.00, 0.00, 0.79, 0.17, 0.00, 13.80, 0.00, 23.00,  0.00, 0.00, 13.80, 0.00, -0.00, -9.20, 0.00, -0.00, 345.69, 279.56, 285.44, -0.00, 0.00, 285.44, 46.71, 46.71, -0.00, 0.00
2000000, 200.00, 40.00, 18.00, 0.00, 0.79, 0.17, 0.00, 15.80, 0.00, 25.00,  0.00, 0.00, 15.80, 0.00, -0.00, -9.20, 0.00, -0.00, 345.69, 279.56, 285.44, -0.00, 0.00, 285.44, 46.71, 46.71, -0.00, 0.00
2000000, 200.00, 40.00, 18.00, 0.00, 0.79, 0.17, 0.00, 17.80, 0.00, 27.00,  0.00, 0.00, 17.80, 0.00, -0.00, -9.20, 0.00, -0.00, 345.69, 279.56, 285.44, -0.00, 0.00, 285.44, 46.71, 46.71, -0.00, 0.00
2000000, 200.00, 40.00, 18.00, 0.00, 0.79, 0.17, 0.00, 19.80, 0.00, 29.00,  0.00, 0.00, 19.80, 0.00, -0.00, -9.20, 0.00, -0.00, 345.69, 279.56, 285.44, -0.00, 0.00, 285.44, 46.71, 46.71, -0.00, 0.00
2000000, 200.00, 40.00, 18.00, 0.00, 0.79, 0.17, 0.00, 21.80, 0.00, 31.00,  0.00, 0.00, 21.80, 0.00, -0.00, -9.20, 0.00, -0.00, 345.69, 279.56, 285.44, -0.00, 0.00, 285.44, 46.71, 46.71, -0.00, 0.00
2000000, 200.00, 40.00, 18.00, 0.00, 0.79, 0.17, 0.00, 23.80, 0.00, 33.00,  0.00, 0.00, 23.80, 0.00, -0.00, -9.20, 0.00, -0.00, 345.69, 279.56, 285.44, -0.00, 0.00, 285.44, 46.71, 46.71, -0.00, 0.00
2000000, 200.00, 40.00, 18.00, 0.00, 0.79, 0.17, 0.00, 25.80, 0.00, 35.00,  0.00, 0.00, 25.80, 0.00, -0.00, -9.20, 0.00, -0.00, 345.69, 279.56, 285.44, -0.00, 0.00, 285.44, 46.71, 46.71, -0.00, 0.00
2000000, 200.00, 40.00, 18.00, 0.00, 0.79, 0.17, 0.00, 27.80, 0.00, 37.00,  0.00, 0.00, 27.80, 0.00, -0.00, -9.20, 0.00, -0.00, 345.69, 279.56, 285.44, -0.00, 0.00, 285.44, 46.71, 46.71, -0.00, 0.00
2000000, 200.00, 40.00, 18.00, 0.00, 0.79, 0.17, 0.00, 29.80, 0.00, 39.00,  0.00, 0.00, 29.79, 0.00, -0.00, -9.21, 0.00, -0.00, 345.69, 279.56, 285.44, -0.00, 0.00, 285.44, 46.71, 46.71, -0.00, 0.00
62365, 6.24, 40.00, 20.00, 0.00, 0.79, 1.57, 0.00, 0.00, 0.00, 1.00,  0.00, 0.00, 0.00, 0.00, 0.00, -1.00, 0.00, 0.00, 236.78, 155.62, 151.96, 150.59, 0.00, -20.30, 30.39, 4.06, -0.00, 30.12
2000000, 200.00, 40.00, 20.00, 0.00, 0.79, 0.29, 0.00, -0.00, 0.00, 3.00,  0.00, 0.00, -0.00, 0.00, -0.00, -3.00, 0.00, -0.00, 386.61, 19.99, 28.94, -0.00, 0.00, 28.94, 5.79, 5.79, -0.00, 0.00
2000000, 200.00, 40.00, 20.00, 0.00, 0.79, 0.22, 0.00, 0.00, 0.00, 5.00,  0.00, 0.00, 0.00, 0.00, -0.00, -5.00, 0.00, -0.00, 376.32, 72.39, 80.39, -0.00, 0.00, 80.39, 16.08, 16.08, -0.00, 0.00
2000000, 200.00, 40.00, 20.00, 0.00, 0.79, 0.21, 0.00, -0.00, 0.00, 7.00,  0.00, 0.00, -0.00, 0.00, -0.00, -7.00, 0.00, -0.00, 360.89, 151.08, 157.57, -0.00, 0.00, 157.57, 31.51, 31.51, -0.00, 0.00
2000000, 200.00, 40.00, 20.00, 0.00, 0.79, 0.20, 0.00, -0.00, 0.00, 9.00,  0.00, 0.00, -0.00, 0.00, -0.00, -9.00, 0.00, -0.00, 340.31, 256.01, 260.47, -0.00, 0.00, 260.47, 52.09, 52.09, -0.00, 0.00
2000000, 200.00, 40.00, 20.00, 0.00, 0.79, 0.20, 0.00, 1.87, 0.00, 11.00,  0.00, 0.00, 1.87, 0.00, -0.00, -9.13, 0.00, -0.00, 338.77, 263.84, 268.14, -0.00, 0.00, 268.14, 53.63, 53.63, -0.00, 0.00
2000000, 200.00, 40.00, 20.00, 0.00, 0.79, 0.20, 0.00, 3.87, 0.00, 13.00,  0.00, 0.00, 3.87, 0.00, -0.00, -9.13, 0.00, -0.00, 338.77, 263.84, 268.14, -0.00, 0.00, 268.14, 53.63, 53.63, -0.00, 0.00
2000000, 200.00, 40.00, 20.00, 0.00, 0.79, 0.20, 0.00, 5.87, 0.00, 15.00,  0.00, 0.00, 5.87, 0.00, -0.00, -9.13, 0.00, -0.00, 338.77, 263.84, 268.14, -0.00, 0.00, 268.14, 53.63, 53.63, -0.00, 0.00
2000000, 200.00, 40.00, 20.00, 0.00, 0.79, 0.20, 0.00, 7.87, 0.00, 17.00,  0.00, 0.00, 7.87, 0.00, -0.00, -9.13, 0.00, -0.00, 338.77, 263.84, 268.14, -0.00, 0.00, 268.14, 53.63, 53.63, -0.00, 0.00
2000000, 200.00, 40.00, 20.00, 0.00, 0.79, 0.20, 0.00, 9.87, 0.00, 19.00,  0.00, 0.00, 9.87, 0.00, -0.00, -9.13, 0.00, -0.00, 338.77, 263.84, 268.14, -0.00, 0.00, 268.14, 53.63, 53.63, -0.00, 0.00
2000000, 200.00, 40.00, 20.00, 0.00, 0.79, 0.20, 0.00, 11.87, 0.00, 21.00,  0.00, 0.00, 11.87, 0.00, -0.00, -9.13, 0.00, -0.00, 338.77, 263.84, 268.14, -0.00, 0.00, 268.14, 53.63, 53.63, -0.00, 0.00
2000000, 200.00, 40.00, 20.00, 0.00, 0.79, 0.20, 0.00, 13.87, 0.00, 23.00,  0.00, 0.00, 13.87, 0.00, -0.00, -9.13, 0.00, -0.00, 338.77, 263.84, 268.14, -0.00, 0.00, 268.14, 53.63, 53.63, -0.00, 0.00
2000000, 200.00, 40.00, 20.00, 0.00, 0.79, 0.20, 0.00, 15.87, 0.00, 25.00,  0.00, 0.00, 15.87, 0.00, -0.00, -9.13, 0.00, -0.00, 338.77, 263.84, 268.14, -0.00, 0.00, 268.14, 53.63, 53.63, -0.00, 0.00
2000000, 200.00, 40.00, 20.00, 0.00, 0.79, 0.20, 0.00, 17.87, 0.00, 27.00,  0.00, 0.00, 17.87, 0.00, -0.00, -9.13, 0.00, -0.00, 338.77, 263.84, 268.14, -0.00, 0.00, 268.14, 53.63, 53.63, -0.00, 0.00
2000000, 200.00, 40.00, 20.00, 0.00, 0.79, 0.20, 0.00, 19.87, 0.00, 29.00,  0.00, 0.00, 19.87, 0.00, -0.00, -9.13, 0.00, -0.00, 338.77, 263.84, 268.14, -0.00, 0.00, 268.14, 53.63, 53.63, -0.00, 0.00
2000000, 200.00, 40.00, 20.00, 0.00, 0.79, 0.20, 0.00, 21.87, 0.00, 31.00,  0.00, 0.00, 21.87, 0.00, -0.00, -9.13, 0.00, -0.00, 338.77, 263.84, 268.14, -0.00, 0.00, 268.14, 53.63, 53.63, -0.00, 0.00
2000000, 200.00, 40.00, 20.00, 0.00, 0.79, 0.20, 0.00, 23.87, 0.00, 33.00,  0.00, 0.00, 23.87, 0.00, -0.00, -9.13, 0.00, -0.00, 338.77, 263.84, 268.14, -0.00, 0.00, 268.14, 53.63, 53.63, -0.00, 0.00
2000000, 200.00, 40.00, 20.00, 0.00, 0.79, 0.20, 0.00, 25.87, 0.00, 35.00,  0.00, 0.00, 25.87, 0.00, -0.00, -9.13, 0.00, -0.00, 338.77, 263.84, 268.14, -0.00, 0.00, 268.14, 53.63, 53.63, -0.00, 0.00
2000000, 200.00, 40.00, 20.00, 0.00, 0.79, 0.20, 0.00, 27.87, 0.00, 37.00,  0.00, 0.00, 27.87, 0.00, -0.00, -9.13, 0.00, -0.00, 338.77, 263.84, 268.14, -0.00, 0.00, 268.14, 53.63, 53.63, -0.00, 0.00
2000000, 200.00, 40.00, 20.00, 0.00, 0.79, 0.20, 0.00, 29.87, 0.00, 39.00,  0.00, 0.00, 29.87, 0.00, -0.00, -9.13, 0.00, -0.00, 338.77, 263.84, 268.14, -0.00, 0.00, 268.14, 53.63, 53.63, -0.00, 0.00
